elapsed_ms,read_gib_s,write_gib_s,total_gib_s,time_s
51.176,68.73046875,2.947265625,71.677734375,0.0
102.055,110.060546875,1.72265625,111.783203125,0.05087900000000001
152.61,63.9609375,2.876953125,66.837890625,0.10143400000000001
203.101,77.537109375,2.0888671875,79.6259765625,0.151925
254.672,82.11328125,2.6767578125,84.7900390625,0.20349599999999998
304.443,61.373046875,1.68359375,63.056640625,0.253267
354.553,105.861328125,0.9765625,106.837890625,0.303377
403.931,62.3408203125,1.1455078125,63.486328125,0.352755
453.66,85.69140625,0.87109375,86.5625,0.40248400000000006
504.124,75.5703125,1.3193359375,76.8896484375,0.452948
554.207,60.2392578125,2.033203125,62.2724609375,0.503031
604.538,104.8857421875,0.791015625,105.6767578125,0.553362
654.983,71.4609375,0.91015625,72.37109375,0.6038069999999999
705.064,89.845703125,1.0322265625,90.8779296875,0.6538879999999999
754.881,71.8115234375,0.7705078125,72.58203125,0.7037049999999999
804.286,65.0673828125,1.0205078125,66.087890625,0.75311
854.335,89.03125,0.96875,90.0,0.803159
904.06,76.8095703125,0.806640625,77.6162109375,0.8528839999999999
953.919,79.302734375,0.8056640625,80.1083984375,0.902743
1003.771,79.0009765625,0.93359375,79.9345703125,0.9525949999999999
1053.279,67.341796875,1.2578125,68.599609375,1.002103
1103.554,80.23046875,1.4150390625,81.6455078125,1.0523780000000003
1153.563,83.0439453125,1.3935546875,84.4375,1.1023870000000002
1203.102,71.19921875,1.04296875,72.2421875,1.1519260000000002
1253.732,93.041015625,1.0185546875,94.0595703125,1.202556
1303.542,66.3955078125,1.9013671875,68.296875,1.252366
1354.792,71.0615234375,2.5126953125,73.57421875,1.3036159999999999
1405.903,92.7509765625,1.89453125,94.6455078125,1.354727
1456.356,70.3232421875,2.890625,73.2138671875,1.40518
1507.29,109.150390625,1.9765625,111.126953125,1.4561140000000001
1557.887,67.12109375,2.2841796875,69.4052734375,1.506711
1607.798,75.7255859375,1.234375,76.9599609375,1.5566220000000002
1658.121,84.046875,1.4775390625,85.5244140625,1.606945
1708.002,61.1025390625,1.24609375,62.3486328125,1.6568260000000001
1758.652,109.720703125,0.6025390625,110.3232421875,1.7074760000000002
1809.87,65.96875,1.2607421875,67.2294921875,1.758694
1860.371,82.2529296875,1.0234375,83.2763671875,1.809195
1910.451,78.8466796875,1.404296875,80.2509765625,1.859275
1959.844,59.8125,0.98828125,60.80078125,1.908668
2009.761,107.556640625,0.6787109375,108.2353515625,1.958585
2060.652,69.7763671875,1.1669921875,70.943359375,2.0094760000000003
2110.463,88.2080078125,1.0556640625,89.263671875,2.0592870000000003
2161.105,68.8984375,1.1669921875,70.0654296875,2.109929
2210.871,63.763671875,1.82421875,65.587890625,2.159695
2260.962,97.1640625,0.82421875,97.98828125,2.2097860000000003
2310.699,73.6962890625,1.2333984375,74.9296875,2.259523
2360.425,83.466796875,0.8583984375,84.3251953125,2.3092490000000003
2410.995,76.630859375,1.1982421875,77.8291015625,2.359819
2460.067,68.244140625,1.09375,69.337890625,2.408891
2510.665,86.072265625,0.8642578125,86.9365234375,2.459489
2560.427,79.041015625,1.03125,80.072265625,2.5092510000000003
2611.338,75.646484375,2.5224609375,78.1689453125,2.560162
2661.977,82.2841796875,2.3623046875,84.646484375,2.610801
2712.427,69.2275390625,3.15625,72.3837890625,2.661251
2763.069,73.2265625,2.458984375,75.685546875,2.711893
2814.051,91.087890625,2.28125,93.369140625,2.762875
2864.183,66.5703125,1.3203125,67.890625,2.8130070000000003
2914.641,108.7822265625,0.8935546875,109.67578125,2.863465
2964.132,65.421875,1.4111328125,66.8330078125,2.9129560000000003
3013.639,74.4619140625,1.1318359375,75.59375,2.962463
3063.059,85.1044921875,0.6787109375,85.783203125,3.011883
3112.878,61.0009765625,1.4560546875,62.45703125,3.0617020000000004
3162.656,110.7001953125,0.435546875,111.1357421875,3.11148
3213.059,68.8984375,1.4345703125,70.3330078125,3.1618830000000004
3263.43,85.31640625,1.4931640625,86.8095703125,3.2122539999999997
3313.636,72.2587890625,1.5361328125,73.794921875,3.26246
3363.087,59.8583984375,1.0615234375,60.919921875,3.3119110000000003
3413.196,103.08203125,0.8388671875,103.9208984375,3.36202
3463.35,69.7431640625,1.24609375,70.9892578125,3.412174
3513.367,83.9091796875,1.26953125,85.1787109375,3.4621910000000002
3564.059,73.36328125,1.001953125,74.365234375,3.5128830000000004
3614.014,66.0,1.4541015625,67.4541015625,3.562838
3663.694,88.1484375,0.9091796875,89.0576171875,3.612518
3713.587,76.6474609375,1.2216796875,77.869140625,3.662411
3763.502,79.419921875,1.263671875,80.68359375,3.712326
3813.548,79.197265625,1.943359375,81.140625,3.762372
3863.961,67.001953125,2.2412109375,69.2431640625,3.812785
3914.064,80.755859375,2.3359375,83.091796875,3.862888
3964.541,88.2998046875,2.3994140625,90.69921875,3.913365
4015.094,73.3359375,2.5009765625,75.8369140625,3.963918
4065.592,100.8974609375,2.0224609375,102.919921875,4.014416
4116.005,66.1181640625,2.40234375,68.5205078125,4.0648290000000005
4165.813,75.0380859375,0.7490234375,75.787109375,4.114637
4216.578,89.16796875,0.9296875,90.09765625,4.165402
4266.297,65.5712890625,1.193359375,66.7646484375,4.215120999999999
4316.632,108.6552734375,1.3251953125,109.98046875,4.2654559999999995
4366.142,64.412109375,1.5517578125,65.9638671875,4.314965999999999
4416.035,80.03515625,1.486328125,81.521484375,4.364858999999999
4465.71,81.7490234375,0.611328125,82.3603515625,4.414534
4515.198,62.4345703125,1.4326171875,63.8671875,4.464022
4565.289,91.2314453125,0.8759765625,92.107421875,4.514112999999999
4615.057,72.701171875,0.8837890625,73.5849609375,4.563880999999999
4665.009,83.71484375,1.041015625,84.755859375,4.613833
4715.128,70.32421875,1.0087890625,71.3330078125,4.663951999999999
4764.926,67.369140625,1.236328125,68.60546875,4.71375
4814.755,84.759765625,0.8369140625,85.5966796875,4.763579
4864.576,81.5048828125,1.9853515625,83.490234375,4.8134
4914.396,74.8857421875,1.212890625,76.0986328125,4.863219999999999
4964.293,96.5810546875,0.7724609375,97.353515625,4.913116999999999
5014.226,69.0986328125,1.2919921875,70.390625,4.963049999999999
5064.256,71.6708984375,1.103515625,72.7744140625,5.0130799999999995
5114.228,90.525390625,1.927734375,92.453125,5.063052
5164.591,70.0791015625,2.611328125,72.6904296875,5.113415
5215.791,105.37109375,2.1923828125,107.5634765625,5.1646149999999995
5266.403,61.36328125,2.9462890625,64.3095703125,5.215227
5316.97,78.115234375,2.4140625,80.529296875,5.265794
5367.823,78.359375,2.0458984375,80.4052734375,5.316647
5418.41,63.5791015625,2.1064453125,65.685546875,5.367234
5468.593,110.892578125,0.6435546875,111.5361328125,5.4174169999999995
5518.266,64.759765625,1.623046875,66.3828125,5.467089999999999
5568.784,82.337890625,1.12890625,83.466796875,5.517607999999999
5619.292,79.7802734375,1.3310546875,81.111328125,5.568116
5668.832,56.8291015625,1.1826171875,58.01171875,5.617656
5719.607,109.318359375,0.7578125,110.076171875,5.668431
5769.338,66.150390625,0.98046875,67.130859375,5.7181619999999995
5819.201,86.9560546875,1.11328125,88.0693359375,5.768025
5869.151,70.146484375,1.048828125,71.1953125,5.817975
5918.573,67.4677734375,1.7509765625,69.21875,5.8673969999999995
5969.165,93.7119140625,1.1767578125,94.888671875,5.9179889999999995
6019.106,77.55078125,1.41796875,78.96875,5.967929999999999
6068.836,84.01953125,1.11328125,85.1328125,6.01766
6118.642,78.5029296875,1.3251953125,79.828125,6.067466
6168.335,66.521484375,1.18359375,67.705078125,6.117159
6218.397,85.978515625,1.06640625,87.044921875,6.167221
6268.168,79.458984375,0.83984375,80.298828125,6.216991999999999
6317.961,75.47265625,1.06640625,76.5390625,6.266785
6367.75,87.3017578125,0.80859375,88.1103515625,6.316573999999999
6418.164,66.3173828125,2.70703125,69.0244140625,6.366987999999999
6469.342,74.55078125,2.376953125,76.927734375,6.418165999999999
6520.225,84.3505859375,2.6865234375,87.037109375,6.469049
6570.878,68.5146484375,2.615234375,71.1298828125,6.519702
6621.856,98.037109375,2.5625,100.599609375,6.570679999999999
6671.834,67.1103515625,1.7880859375,68.8984375,6.620658
6721.539,71.3828125,1.197265625,72.580078125,6.670362999999999
6771.447,86.41796875,0.6953125,87.11328125,6.720270999999999
6821.374,63.9580078125,1.37890625,65.3369140625,6.770198
6871.148,103.1162109375,0.6513671875,103.767578125,6.819972
6920.717,62.767578125,1.412109375,64.1796875,6.869540999999999
6970.582,85.2275390625,0.912109375,86.1396484375,6.919406
7020.644,78.1103515625,1.7353515625,79.845703125,6.969468
7071.351,65.1298828125,1.2919921875,66.421875,7.020174999999999
7121.578,103.0732421875,0.9169921875,103.990234375,7.070402
7172.539,70.2060546875,1.1494140625,71.35546875,7.121363
7222.883,88.65625,1.046875,89.703125,7.171707
7273.094,74.228515625,0.865234375,75.09375,7.221918
7322.823,63.5126953125,1.5908203125,65.103515625,7.271647
7372.425,97.7529296875,0.7333984375,98.486328125,7.321249
7422.647,74.9755859375,1.404296875,76.3798828125,7.371471
7472.423,82.00390625,0.9814453125,82.9853515625,7.421246999999999
7523.125,74.7109375,0.7802734375,75.4912109375,7.4719489999999995
7573.703,70.71484375,2.31640625,73.03125,7.522527
7623.495,80.64453125,0.974609375,81.619140625,7.572318999999999
7673.483,80.0234375,1.724609375,81.748046875,7.622307
7724.29,74.0302734375,2.5458984375,76.576171875,7.673114
7774.707,88.8876953125,2.5234375,91.4111328125,7.723531
7825.134,65.71875,2.6875,68.40625,7.7739579999999995
7875.631,74.5947265625,2.3349609375,76.9296875,7.8244549999999995
7928.177,90.6630859375,1.87109375,92.5341796875,7.877000999999999
7977.566,69.6201171875,1.068359375,70.6884765625,7.92639
8027.948,100.5546875,0.75,101.3046875,7.9767719999999995
8078.212,67.224609375,1.2841796875,68.5087890625,8.027036
8128.894,71.7177734375,1.5625,73.2802734375,8.077717999999999
8178.794,81.46484375,1.216796875,82.681640625,8.127618
8228.26,63.4033203125,1.0556640625,64.458984375,8.177084
8278.821,110.203125,0.7783203125,110.9814453125,8.227645
8328.566,66.40234375,0.9716796875,67.3740234375,8.27739
8378.489,73.9755859375,1.2919921875,75.267578125,8.327313
8428.339,83.7470703125,1.0634765625,84.810546875,8.377163000000001
8478.647,60.0537109375,1.23828125,61.2919921875,8.427471
8528.29,108.4130859375,0.7666015625,109.1796875,8.477114000000002
8578.271,63.6171875,1.6953125,65.3125,8.527095000000001
8628.557,83.7197265625,1.427734375,85.1474609375,8.577381
8679.042,72.4169921875,1.59375,74.0107421875,8.627866
8728.675,60.4794921875,1.0615234375,61.541015625,8.677499
8779.097,102.16796875,0.998046875,103.166015625,8.727921
8828.638,69.8134765625,0.8818359375,70.6953125,8.777462000000002
8878.538,86.2705078125,0.9443359375,87.21484375,8.827362
8929.647,75.92578125,1.41796875,77.34375,8.878471000000001
8979.831,67.4189453125,2.53515625,69.9541015625,8.928655000000001
9030.749,93.9365234375,1.9501953125,95.88671875,8.979573
9082.696,77.5517578125,2.607421875,80.1591796875,9.03152
9133.749,87.5380859375,2.5205078125,90.05859375,9.082573
9184.543,78.62109375,2.96875,81.58984375,9.133367
9234.178,69.21484375,1.287109375,70.501953125,9.183002
9284.244,86.041015625,0.9375,86.978515625,9.233068000000001
9334.641,82.375,1.0986328125,83.4736328125,9.283465
9384.717,76.3916015625,1.203125,77.5947265625,9.333541
9434.892,81.6845703125,0.822265625,82.5068359375,9.383716
9484.883,66.833984375,1.259765625,68.09375,9.433707
9535.045,76.482421875,0.7490234375,77.2314453125,9.483869
9585.414,84.9326171875,1.1064453125,86.0390625,9.534238000000002
9635.327,75.546875,1.2802734375,76.8271484375,9.584151
9685.19,96.201171875,0.5908203125,96.7919921875,9.634014
9735.377,63.0859375,2.0625,65.1484375,9.684201000000002
9785.341,74.2685546875,1.052734375,75.3212890625,9.734165
9835.346,82.5244140625,0.73828125,83.2626953125,9.78417
9885.22,64.966796875,1.0517578125,66.0185546875,9.834044
9935.334,106.0615234375,0.8076171875,106.869140625,9.884158000000001
9985.441,61.8916015625,1.080078125,62.9716796875,9.934265000000002
10035.359,73.0458984375,1.353515625,74.3994140625,9.984183000000002
10085.606,78.9736328125,0.7353515625,79.708984375,10.03443
10135.55,61.6728515625,1.4052734375,63.078125,10.084374
10185.341,107.8876953125,0.5390625,108.4267578125,10.134165000000001
10235.72,69.544921875,2.6357421875,72.1806640625,10.184544
10287.19,88.38671875,3.099609375,91.486328125,10.236014
10337.85,77.478515625,2.1328125,79.611328125,10.286674000000001
10388.237,65.091796875,2.61328125,67.705078125,10.337061
10438.574,100.203125,2.09375,102.296875,10.387398000000001
10488.782,72.06640625,1.51171875,73.578125,10.437606
10538.236,80.80859375,1.05859375,81.8671875,10.487060000000001
10588.638,80.85546875,1.1474609375,82.0029296875,10.537462000000001
10638.205,65.357421875,1.36328125,66.720703125,10.587029000000001
10688.515,77.478515625,1.09375,78.572265625,10.637339
10738.061,83.4697265625,0.814453125,84.2841796875,10.686885
10788.101,72.822265625,1.578125,74.400390625,10.736925000000001
10838.152,92.3671875,1.1982421875,93.5654296875,10.786976000000001
10888.209,64.59765625,1.2978515625,65.8955078125,10.837033000000002
10937.718,73.783203125,0.994140625,74.77734375,10.886542000000002
10987.83,84.6474609375,0.8388671875,85.486328125,10.936654
11037.886,65.6669921875,1.080078125,66.7470703125,10.98671
11087.85,107.1845703125,0.8046875,107.9892578125,11.036674000000001
11137.643,65.9560546875,1.048828125,67.0048828125,11.086467
11187.606,72.7783203125,0.9072265625,73.685546875,11.13643
11238.29,85.0654296875,0.978515625,86.0439453125,11.187114000000001
11288.116,60.15625,1.3642578125,61.5205078125,11.23694
11339.318,109.841796875,1.4541015625,111.2958984375,11.288142
11389.527,63.9169921875,1.0234375,64.9404296875,11.338351000000001
11439.438,82.70703125,0.990234375,83.697265625,11.388262000000001
11490.415,78.73828125,1.923828125,80.662109375,11.439239
11540.487,62.5712890625,2.6474609375,65.21875,11.489310999999999
11592.074,105.0361328125,2.328125,107.3642578125,11.540898
11643.034,72.0,2.7626953125,74.7626953125,11.591858
11693.997,87.7431640625,2.2138671875,89.95703125,11.642821
11744.875,65.9267578125,1.9580078125,67.884765625,11.693699
11794.32,66.912109375,1.0703125,67.982421875,11.743144000000001
11844.224,93.130859375,0.65625,93.787109375,11.793048
11894.277,79.755859375,1.587890625,81.34375,11.843101
11944.474,81.6083984375,1.0009765625,82.609375,11.893298000000001
11994.426,76.4111328125,0.65234375,77.0634765625,11.94325
12045.162,67.650390625,1.1220703125,68.7724609375,11.993986000000001
12094.907,85.0859375,0.6396484375,85.7255859375,12.043731
12145.374,79.7578125,1.2275390625,80.9853515625,12.094198
12195.099,75.1982421875,0.828125,76.0263671875,12.143923000000001
12245.511,91.1298828125,1.1630859375,92.29296875,12.194335
12295.197,67.5458984375,1.1025390625,68.6484375,12.244021
12345.813,69.517578125,1.2900390625,70.8076171875,12.294637
12395.92,87.8076171875,1.58203125,89.3896484375,12.344744
12445.953,66.953125,1.6376953125,68.5908203125,12.394777
12497.147,110.5283203125,0.494140625,111.0224609375,12.445971000000002
12548.808,65.419921875,1.1640625,66.583984375,12.497632000000001
12598.547,69.345703125,1.392578125,70.73828125,12.547371000000002
12648.894,87.6220703125,1.3173828125,88.939453125,12.597718
12698.474,67.2900390625,1.22265625,68.5126953125,12.647298000000001
12748.711,109.2373046875,1.150390625,110.3876953125,12.697535
12798.972,66.4921875,2.392578125,68.884765625,12.747796000000001
12852.365,74.4423828125,2.41796875,76.8603515625,12.801189
12902.75,84.623046875,2.0537109375,86.6767578125,12.851574000000001
12953.607,64.4345703125,3.3740234375,67.80859375,12.902431
13004.203,108.703125,1.80078125,110.50390625,12.953027
13053.941,65.146484375,1.5185546875,66.6650390625,13.002765000000002
13104.026,86.5517578125,0.9765625,87.5283203125,13.052850000000001
13153.765,74.2021484375,1.2568359375,75.458984375,13.102589
13203.424,59.0478515625,1.1220703125,60.169921875,13.152248000000002
13253.187,103.724609375,0.78515625,104.509765625,13.202011
13303.143,71.1748046875,1.3515625,72.5263671875,13.251967
13353.921,83.6337890625,0.95703125,84.5908203125,13.302745000000002
13403.641,70.1015625,1.03125,71.1328125,13.352465
13453.806,68.212890625,1.462890625,69.67578125,13.40263
13503.838,85.62890625,1.6552734375,87.2841796875,13.452662
13553.623,75.294921875,1.1005859375,76.3955078125,13.502447
13603.37,79.359375,0.99609375,80.35546875,13.552194000000002
13653.472,85.81640625,1.6884765625,87.5048828125,13.602296
13702.899,69.5029296875,1.3486328125,70.8515625,13.651723
13752.632,78.33203125,1.123046875,79.455078125,13.701456
13802.514,85.6162109375,1.12109375,86.7373046875,13.751338
13852.347,65.4541015625,1.3564453125,66.810546875,13.801171
13902.032,111.2529296875,0.5673828125,111.8203125,13.850856
13951.728,66.4814453125,1.29296875,67.7744140625,13.900552
14001.736,74.9814453125,1.12109375,76.1025390625,13.950560000000001
14052.655,83.240234375,2.451171875,85.69140625,14.001479000000002
14103.388,60.6259765625,2.60546875,63.2314453125,14.052212
14154.31,103.94140625,2.3330078125,106.2744140625,14.103134
14205.436,68.38671875,2.2294921875,70.6162109375,14.15426
14256.399,82.9208984375,2.671875,85.5927734375,14.205223
14306.305,73.8740234375,1.2880859375,75.162109375,14.255129
14356.087,64.7197265625,1.4541015625,66.173828125,14.304911
14406.298,83.361328125,0.806640625,84.16796875,14.355122000000001
14455.995,75.80859375,1.0458984375,76.8544921875,14.404819000000002
14505.764,78.5791015625,0.9951171875,79.57421875,14.454588
14556.302,77.4375,1.46484375,78.90234375,14.505126
14606.3,67.5166015625,1.6171875,69.1337890625,14.555124
14656.422,78.146484375,1.193359375,79.33984375,14.605246000000001
14706.3,83.7294921875,0.7353515625,84.46484375,14.655123999999999
14756.067,73.2041015625,1.123046875,74.3271484375,14.704891
14806.199,93.494140625,0.8095703125,94.3037109375,14.755023000000001
14855.784,69.609375,1.1611328125,70.7705078125,14.804608
14906.013,69.626953125,0.8681640625,70.4951171875,14.854837000000002
14955.838,92.63671875,0.939453125,93.576171875,14.904662
15005.694,66.7109375,1.1689453125,67.8798828125,14.954518
15056.093,110.4794921875,0.8359375,111.3154296875,15.004917
15106.572,63.205078125,1.806640625,65.01171875,15.055396
15156.363,76.6337890625,1.076171875,77.7099609375,15.105186999999999
15207.182,81.7197265625,1.0576171875,82.77734375,15.156006000000001
15256.731,61.5146484375,1.1298828125,62.64453125,15.205555
15309.012,112.5244140625,1.521484375,114.0458984375,15.257836000000001
15360.274,66.513671875,2.439453125,68.953125,15.309098
15410.776,80.08203125,2.35546875,82.4375,15.3596
15461.175,81.1650390625,2.18359375,83.3486328125,15.409999
15511.644,63.0517578125,2.7509765625,65.802734375,15.460468
15562.071,94.58203125,1.333984375,95.916015625,15.510895
15611.619,72.7001953125,0.787109375,73.4873046875,15.560443000000001
15664.727,90.91796875,1.8671875,92.78515625,15.613551000000001
15714.562,68.033203125,0.7880859375,68.8212890625,15.663386000000001
15764.391,71.982421875,1.1943359375,73.1767578125,15.713215
15814.147,82.5419921875,0.583984375,83.1259765625,15.762971000000002
15863.843,85.923828125,1.275390625,87.19921875,15.812667000000001
15913.688,73.822265625,1.2275390625,75.0498046875,15.862512
15963.703,92.5546875,1.0126953125,93.5673828125,15.912527
16013.201,67.45703125,1.5244140625,68.9814453125,15.962024999999999
16063.449,73.5478515625,0.8310546875,74.37890625,16.012273
16113.279,85.1240234375,1.109375,86.2333984375,16.062103
16163.507,68.69921875,1.3291015625,70.0283203125,16.112331
16214.149,102.73828125,1.5947265625,104.3330078125,16.162973
16263.865,64.6259765625,1.41015625,66.0361328125,16.212689
16313.609,75.421875,0.9697265625,76.3916015625,16.262433
16363.843,82.6953125,0.814453125,83.509765625,16.312667
16413.109,58.5927734375,1.4052734375,59.998046875,16.361933
16463.114,108.291015625,0.765625,109.056640625,16.411938000000003
16512.962,65.66796875,1.2421875,66.91015625,16.461786
16563.089,88.7685546875,1.2119140625,89.98046875,16.511913
16613.679,66.486328125,2.2578125,68.744140625,16.562503
16664.357,69.7861328125,2.865234375,72.6513671875,16.613181
16715.68,88.5927734375,2.642578125,91.2353515625,16.664504
16768.183,82.6640625,2.462890625,85.126953125,16.717007000000002
16818.622,79.05859375,2.55078125,81.609375,16.767446
16868.238,77.744140625,1.0771484375,78.8212890625,16.817062
16918.062,66.86328125,1.4970703125,68.3603515625,16.866886
16968.523,86.5400390625,0.646484375,87.1865234375,16.917347000000003
17018.658,86.03515625,1.146484375,87.181640625,16.967482
17068.77,77.212890625,3.375,80.587890625,17.017594000000003
17118.399,95.3984375,0.9775390625,96.3759765625,17.067223000000002
17168.022,68.78125,1.0732421875,69.8544921875,17.116846000000002
17217.927,72.0927734375,1.2392578125,73.33203125,17.166751
17268.026,89.9345703125,1.48828125,91.4228515625,17.21685
17318.271,63.6298828125,1.3056640625,64.935546875,17.267095
17368.211,109.4306640625,0.828125,110.2587890625,17.317035
17417.686,62.57421875,1.2939453125,63.8681640625,17.36651
17467.05,79.470703125,1.072265625,80.54296875,17.415874
17516.63,74.5771484375,0.9208984375,75.498046875,17.465454
17566.992,58.177734375,1.4140625,59.591796875,17.515815999999997
17617.222,107.0166015625,0.5244140625,107.541015625,17.566046000000004
17667.086,69.9169921875,1.078125,70.9951171875,17.61591
17717.641,88.1953125,1.0166015625,89.2119140625,17.666465
17767.794,71.2685546875,0.9521484375,72.220703125,17.716618000000004
17817.791,61.3583984375,2.3076171875,63.666015625,17.766615
17868.615,100.9345703125,2.0625,102.9970703125,17.817439000000004
17919.471,70.2666015625,2.3681640625,72.634765625,17.868295000000003
17971.106,93.3017578125,2.3564453125,95.658203125,17.91993
18021.637,71.9140625,2.7529296875,74.6669921875,17.970461
18072.35,62.5146484375,2.6357421875,65.150390625,18.021174
18122.837,93.875,1.5537109375,95.4287109375,18.071661
18173.383,71.7373046875,1.0751953125,72.8125,18.122207000000003
18223.028,82.8876953125,1.3486328125,84.236328125,18.171851999999998
18272.938,69.7841796875,0.8876953125,70.671875,18.221762
18322.919,67.232421875,1.87890625,69.111328125,18.271743
18373.575,83.259765625,1.14453125,84.404296875,18.322399
18423.365,81.2099609375,1.169921875,82.3798828125,18.372189000000002
18472.894,77.5654296875,1.0283203125,78.59375,18.421718000000002
18523.198,87.0439453125,0.8662109375,87.91015625,18.472022000000003
18572.951,70.3759765625,1.2080078125,71.583984375,18.521775
18622.615,76.9775390625,1.0498046875,78.02734375,18.571439
18672.512,86.2451171875,1.35546875,87.6005859375,18.621336
18722.503,70.4501953125,1.1806640625,71.630859375,18.671327
18771.922,96.98046875,0.826171875,97.806640625,18.720746
18821.638,62.2451171875,1.314453125,63.5595703125,18.770462
18871.642,75.4384765625,1.2685546875,76.70703125,18.820466
18922.969,84.177734375,1.5224609375,85.7001953125,18.871793
18972.775,65.541015625,1.0556640625,66.5966796875,18.921599
19022.948,102.7734375,0.998046875,103.771484375,18.971772
19072.5,60.2958984375,0.73828125,61.0341796875,19.021324
19122.852,77.9892578125,1.8037109375,79.79296875,19.071676
19173.336,80.1611328125,2.283203125,82.4443359375,19.12216
19223.823,60.85546875,2.7314453125,63.5869140625,19.172647
19274.68,107.7890625,2.099609375,109.888671875,19.223504000000002
19325.134,70.625,2.818359375,73.443359375,19.273958
19375.375,90.9814453125,1.9677734375,92.94921875,19.324199
19425.523,68.9970703125,2.376953125,71.3740234375,19.374347
19475.417,62.228515625,1.1259765625,63.3544921875,19.424241000000002
19525.413,97.0078125,1.033203125,98.041015625,19.474237000000002
19575.326,74.8486328125,0.9228515625,75.771484375,19.524150000000002
19625.254,83.955078125,1.427734375,85.3828125,19.574078
19675.455,78.74609375,0.8427734375,79.5888671875,19.624279
19725.211,69.2890625,1.662109375,70.951171875,19.674035
19775.029,86.96484375,0.54296875,87.5078125,19.723853
19824.827,83.65625,1.0673828125,84.7236328125,19.773651
19874.614,78.0400390625,0.9560546875,78.99609375,19.823438000000003
19924.563,87.42578125,1.099609375,88.525390625,19.873386999999997
19974.306,70.7822265625,1.85546875,72.6376953125,19.92313
20023.985,77.314453125,0.69921875,78.013671875,19.972809
20073.744,89.11328125,1.1845703125,90.2978515625,20.022568
20123.476,71.4345703125,1.185546875,72.6201171875,20.0723
20173.269,101.9169921875,0.845703125,102.7626953125,20.122093
20223.108,64.5048828125,1.7001953125,66.205078125,20.171932
20272.888,76.349609375,0.7509765625,77.1005859375,20.221712
20323.039,83.5537109375,1.3798828125,84.93359375,20.271863
20372.763,62.82421875,1.19140625,64.015625,20.321587
20423.547,107.1826171875,1.9765625,109.1591796875,20.372370999999998
20474.224,66.7880859375,2.7158203125,69.50390625,20.423047999999998
20525.686,84.314453125,2.755859375,87.0703125,20.474510000000002
20576.188,76.638671875,2.23046875,78.869140625,20.525012
20626.118,62.2353515625,2.77734375,65.0126953125,20.574942
20676.517,99.9677734375,1.369140625,101.3369140625,20.625341
20726.604,69.8125,1.1953125,71.0078125,20.675428
20776.245,87.7841796875,1.1767578125,88.9609375,20.725068999999998
20826.122,70.6513671875,0.9462890625,71.59765625,20.774946
20875.841,67.2568359375,1.505859375,68.7626953125,20.824665
20925.679,93.873046875,0.7421875,94.615234375,20.874503
20975.5,78.515625,1.19921875,79.71484375,20.924324000000002
21025.625,79.412109375,1.837890625,81.25,20.974449
21075.635,77.1435546875,1.52734375,78.6708984375,21.024459
21125.416,68.732421875,1.3955078125,70.1279296875,21.074240000000003
21175.041,85.572265625,0.7236328125,86.2958984375,21.123865000000002
21224.934,82.8134765625,1.4931640625,84.306640625,21.173758000000003
21274.358,74.0849609375,0.9453125,75.0302734375,21.223182
21324.952,96.912109375,0.6748046875,97.5869140625,21.273776
21374.495,63.1259765625,1.16015625,64.2861328125,21.323318999999998
21424.094,75.5234375,0.7861328125,76.3095703125,21.372918000000002
21473.827,89.310546875,1.2998046875,90.6103515625,21.422651000000002
21523.426,66.158203125,1.060546875,67.21875,21.47225
21573.605,110.8662109375,1.4853515625,112.3515625,21.522429
21623.853,64.1484375,1.474609375,65.623046875,21.572677
21674.087,74.61328125,1.876953125,76.490234375,21.622911
21726.879,85.0068359375,2.396484375,87.4033203125,21.675703000000002
21777.105,63.26171875,2.6953125,65.95703125,21.725929
21828.764,108.9921875,2.1669921875,111.1591796875,21.777588
21879.329,66.15234375,2.7177734375,68.8701171875,21.828153
21929.662,83.0888671875,1.8779296875,84.966796875,21.878486000000002
21979.366,81.2568359375,0.9912109375,82.248046875,21.92819
22028.611,62.09765625,1.1416015625,63.2392578125,21.977435
22079.001,103.2255859375,0.9306640625,104.15625,22.027825
22128.967,72.4033203125,1.7734375,74.1767578125,22.077791
22179.045,88.4267578125,1.32421875,89.7509765625,22.127869
22228.775,73.5908203125,0.947265625,74.5380859375,22.177599
22278.249,67.845703125,1.5341796875,69.3798828125,22.227073
22328.272,94.6025390625,0.66015625,95.2626953125,22.277096
22377.794,78.9423828125,1.263671875,80.2060546875,22.326618000000003
22427.397,81.4453125,1.17578125,82.62109375,22.376221
22477.541,80.3310546875,0.794921875,81.1259765625,22.426365
22527.291,71.8798828125,1.4111328125,73.291015625,22.476115
22577.197,82.375,0.9326171875,83.3076171875,22.526021
22627.203,84.5302734375,1.5205078125,86.05078125,22.576027000000003
22677.415,73.7529296875,1.7490234375,75.501953125,22.626239
22727.708,93.5849609375,1.228515625,94.8134765625,22.676531999999998
22777.022,67.5478515625,1.2685546875,68.81640625,22.725846
22826.865,71.5283203125,0.9296875,72.4580078125,22.775689000000003
22876.58,93.21875,0.9091796875,94.1279296875,22.825404000000002
22926.494,67.8271484375,1.2685546875,69.095703125,22.875318
22978.2,107.185546875,2.0771484375,109.2626953125,22.927024000000003
23028.292,65.041015625,2.8505859375,67.8916015625,22.977116000000002
23079.152,76.18359375,2.494140625,78.677734375,23.027976
23129.543,84.865234375,1.9912109375,86.8564453125,23.078367000000004
23180.605,64.8388671875,3.5341796875,68.373046875,23.129429000000002
23232.11,110.4248046875,0.82421875,111.2490234375,23.180934
23281.803,63.4765625,0.931640625,64.408203125,23.230627000000002
23331.462,84.55078125,0.9794921875,85.5302734375,23.280286
23381.998,73.6494140625,0.888671875,74.5380859375,23.330822
23431.567,62.33203125,1.271484375,63.603515625,23.380391
23481.998,104.2060546875,0.6005859375,104.806640625,23.430822
23531.636,70.80078125,1.21875,72.01953125,23.48046
23581.675,90.642578125,1.2626953125,91.9052734375,23.530499
23631.597,73.64453125,0.919921875,74.564453125,23.580421
23681.273,65.0966796875,1.220703125,66.3173828125,23.630097000000003
23731.615,93.3232421875,1.62890625,94.9521484375,23.680439000000003
23782.009,78.146484375,0.892578125,79.0390625,23.730832999999997
23831.92,81.65234375,1.185546875,82.837890625,23.780744
23881.906,82.654296875,0.990234375,83.64453125,23.83073
23931.552,66.33203125,1.0234375,67.35546875,23.880376000000002
23982.394,81.3505859375,0.8466796875,82.197265625,23.931218
24031.987,82.5234375,0.984375,83.5078125,23.980811000000003
24082.005,69.296875,1.28125,70.578125,24.030829
24132.637,99.1337890625,0.8671875,100.0009765625,24.081461
24182.047,66.1318359375,1.3603515625,67.4921875,24.130871
24232.428,73.9560546875,1.865234375,75.8212890625,24.181252
24284.351,88.1396484375,2.8720703125,91.01171875,24.233175
24334.925,65.74609375,2.642578125,68.388671875,24.283749
24386.126,107.4443359375,2.1572265625,109.6015625,24.33495
24436.64,64.482421875,2.708984375,67.19140625,24.385464
24486.797,85.4931640625,1.818359375,87.3115234375,24.435620999999998
24536.598,79.4287109375,1.2177734375,80.646484375,24.485422000000003
24586.141,58.5283203125,1.169921875,59.6982421875,24.534965
24635.908,108.873046875,0.689453125,109.5625,24.584732
24685.364,71.41796875,1.4501953125,72.8681640625,24.634188
24735.157,88.162109375,1.2666015625,89.4287109375,24.683981
24785.495,74.4326171875,1.4189453125,75.8515625,24.734319
24835.44,63.0068359375,1.59765625,64.6044921875,24.784264
24885.34,97.38671875,0.8916015625,98.2783203125,24.834164
24935.62,75.7421875,1.115234375,76.857421875,24.884444
24985.5,83.0693359375,1.083984375,84.1533203125,24.934324
25035.101,69.9189453125,1.060546875,70.9794921875,24.983925
25085.607,70.1943359375,1.607421875,71.8017578125,25.034431
25135.603,87.580078125,0.814453125,88.39453125,25.084426999999998
25185.379,80.7978515625,1.3681640625,82.166015625,25.134203000000003
25234.984,77.1474609375,1.2197265625,78.3671875,25.183808000000003
25285.519,88.5068359375,1.0400390625,89.546875,25.234343
25335.546,67.435546875,1.755859375,69.19140625,25.28437
25385.179,82.6015625,1.2958984375,83.8974609375,25.334003
25435.611,86.0283203125,1.20703125,87.2353515625,25.384435
25485.847,71.8916015625,1.7412109375,73.6328125,25.434671
25537.51,97.25,1.796875,99.046875,25.486334
25588.117,68.3564453125,2.54296875,70.8994140625,25.536941
25638.747,70.8798828125,2.466796875,73.3466796875,25.587571
25689.609,87.6416015625,2.09765625,89.7392578125,25.638433
25739.956,67.4169921875,2.263671875,69.6806640625,25.688779999999998
25790.878,110.09375,0.85546875,110.94921875,25.739702
25840.554,65.2822265625,0.9296875,66.2119140625,25.789378
25890.816,72.6416015625,1.9765625,74.6181640625,25.83964
25940.686,80.8017578125,0.681640625,81.4833984375,25.88951
25990.4,60.0986328125,1.3740234375,61.47265625,25.939224000000003
26040.583,108.4169921875,0.841796875,109.2587890625,25.989407
26090.664,69.255859375,0.9228515625,70.1787109375,26.039488000000002
26140.4,87.4736328125,1.10546875,88.5791015625,26.089224
26190.345,72.6279296875,1.0615234375,73.689453125,26.139169000000003
26239.827,62.4599609375,1.4296875,63.8896484375,26.188651
26291.624,104.4541015625,0.8251953125,105.279296875,26.240448
26342.197,70.83203125,1.4345703125,72.2666015625,26.291021
26392.252,87.2734375,0.849609375,88.123046875,26.341076
26443.633,73.1298828125,1.5927734375,74.72265625,26.392457000000004
26492.933,66.15234375,1.353515625,67.505859375,26.441757000000003
26543.1,89.060546875,0.6826171875,89.7431640625,26.491923999999997
26592.795,78.740234375,0.994140625,79.734375,26.541618999999997
26642.37,80.2490234375,1.3125,81.5615234375,26.591193999999998
26692.267,79.669921875,1.1748046875,80.8447265625,26.641091
26742.136,67.583984375,1.642578125,69.2265625,26.69096
26793.212,73.298828125,2.3466796875,75.6455078125,26.742036
26844.333,87.083984375,2.1787109375,89.2626953125,26.793157
26894.882,71.6396484375,2.666015625,74.3056640625,26.843706
26946.039,101.984375,2.3173828125,104.3017578125,26.894863
26996.793,63.779296875,2.96875,66.748046875,26.945617000000002
27046.89,72.23046875,1.4208984375,73.6513671875,26.995714
27096.871,85.8388671875,0.62109375,86.4599609375,27.045695
27147.181,65.9716796875,1.61328125,67.5849609375,27.096005
27197.224,110.3896484375,0.58984375,110.9794921875,27.146048
27246.889,64.189453125,1.78125,65.970703125,27.195713
27296.809,82.01171875,0.859375,82.87109375,27.245633
27346.531,82.44140625,0.8994140625,83.3408203125,27.295355
27395.802,61.5146484375,1.353515625,62.8681640625,27.344626
27445.548,101.0908203125,0.9970703125,102.087890625,27.394372
27495.51,70.326171875,1.5068359375,71.8330078125,27.444333999999998
27545.115,85.8037109375,1.2158203125,87.01953125,27.493939
27594.825,71.81640625,1.2470703125,73.0634765625,27.543649000000002
27644.527,65.1806640625,1.525390625,66.7060546875,27.593351
27694.638,93.0576171875,0.7236328125,93.78125,27.643462
27744.559,79.0615234375,1.1904296875,80.251953125,27.693383
27794.227,81.185546875,1.216796875,82.40234375,27.743051
27844.449,80.0732421875,0.962890625,81.0361328125,27.793273000000003
27893.656,69.431640625,1.173828125,70.60546875,27.84248
27943.656,78.8671875,0.8310546875,79.6982421875,27.89248
27993.984,83.7431640625,0.7353515625,84.478515625,27.942808
28044.826,72.634765625,2.6533203125,75.2880859375,27.993650000000002
28096.326,93.044921875,2.1982421875,95.2431640625,28.045150000000003
28147.274,68.21484375,2.5068359375,70.7216796875,28.096098
28198.235,74.3642578125,2.2001953125,76.564453125,28.147059000000002
28249.513,85.654296875,2.400390625,88.0546875,28.198337
28299.793,68.248046875,1.8974609375,70.1455078125,28.248617000000003
28350.575,104.2275390625,1.0048828125,105.232421875,28.299399
28399.858,65.580078125,1.3359375,66.916015625,28.348682
28449.87,72.8837890625,1.39453125,74.2783203125,28.398694
28499.97,77.2060546875,0.5830078125,77.7890625,28.448794000000003
28549.892,58.2294921875,1.5234375,59.7529296875,28.498716
28600.526,106.5771484375,1.5244140625,108.1015625,28.54935
28650.455,66.150390625,0.91015625,67.060546875,28.599279000000003
28700.616,85.330078125,1.0517578125,86.3818359375,28.649440000000002
28750.553,76.9638671875,1.0712890625,78.03515625,28.699377000000002
28800.329,63.7705078125,1.35546875,65.1259765625,28.749153000000003
28850.843,101.7734375,0.904296875,102.677734375,28.799667000000003
28900.439,69.64453125,1.314453125,70.958984375,28.849263
28950.468,83.9677734375,1.1201171875,85.087890625,28.899292000000003
29000.439,71.1044921875,0.9423828125,72.046875,28.949263
29050.254,65.4375,1.2470703125,66.6845703125,28.999078
29100.493,89.4404296875,1.1416015625,90.58203125,29.049317
29150.868,76.712890625,1.521484375,78.234375,29.099691999999997
29200.962,81.1552734375,0.9140625,82.0693359375,29.149786
29251.109,82.6943359375,0.71484375,83.4091796875,29.199933
29300.936,71.9736328125,2.1162109375,74.08984375,29.249760000000002
29352.091,82.3896484375,2.115234375,84.5048828125,29.300915
29402.951,80.9892578125,2.5283203125,83.517578125,29.351775
29453.648,74.2802734375,2.484375,76.7646484375,29.402472000000003
29504.615,86.5556640625,2.365234375,88.9208984375,29.453439000000003
29554.828,64.6474609375,2.9443359375,67.591796875,29.503652000000002
29604.559,74.0849609375,0.71875,74.8037109375,29.553383
29654.941,87.626953125,1.6396484375,89.2666015625,29.603765
29704.916,70.04296875,1.2470703125,71.2900390625,29.653740000000003
29754.705,101.4677734375,1.2314453125,102.69921875,29.703529000000003
29805.473,64.8857421875,1.49609375,66.3818359375,29.754297
29854.988,74.404296875,1.1005859375,75.5048828125,29.803812
29905.376,89.6357421875,0.5830078125,90.21875,29.854200000000002
29955.075,64.509765625,1.2548828125,65.7646484375,29.903899000000003
30005.065,111.310546875,0.6875,111.998046875,29.953889
30054.816,59.681640625,1.416015625,61.09765625,30.00364
30105.642,75.287109375,1.0732421875,76.3603515625,30.054466
30155.347,83.251953125,0.7197265625,83.9716796875,30.104171
30205.002,61.10546875,2.05078125,63.15625,30.153826000000002
30255.27,108.490234375,0.89453125,109.384765625,30.204094
30305.207,65.8623046875,1.05078125,66.9130859375,30.254030999999998
30354.884,89.63671875,1.1591796875,90.7958984375,30.303708
30404.964,70.365234375,1.1474609375,71.5126953125,30.353788
30454.472,63.6806640625,1.388671875,65.0693359375,30.403296
30504.321,96.873046875,0.66015625,97.533203125,30.453145
30554.573,71.8291015625,1.279296875,73.1083984375,30.503397
30604.843,80.7841796875,2.2666015625,83.05078125,30.553667
30655.761,74.4462890625,2.6337890625,77.080078125,30.604585
30706.268,69.818359375,2.908203125,72.7265625,30.655092
30757.21,83.94921875,2.658203125,86.607421875,30.706034
30808.301,85.7021484375,2.6171875,88.3193359375,30.757125
30858.396,77.6044921875,1.4462890625,79.05078125,30.80722
30908.0,95.0732421875,1.017578125,96.0908203125,30.856824
30957.221,69.2724609375,1.2939453125,70.56640625,30.906045000000002
31006.801,69.296875,0.7861328125,70.0830078125,30.955625
31057.125,92.140625,1.029296875,93.169921875,31.005949
31106.612,67.8251953125,1.0791015625,68.904296875,31.055436
31156.835,109.5341796875,0.720703125,110.2548828125,31.105659
31206.247,65.888671875,1.107421875,66.99609375,31.155071
31256.816,74.3427734375,1.3779296875,75.720703125,31.20564
31306.778,84.7265625,1.18359375,85.91015625,31.255602
31356.901,63.9501953125,1.4990234375,65.44921875,31.305725000000002
31406.548,110.6533203125,0.537109375,111.1904296875,31.355372
31456.46,68.97265625,1.34375,70.31640625,31.405283999999998
31506.226,85.44140625,0.8935546875,86.3349609375,31.45505
31557.004,72.1845703125,0.8740234375,73.05859375,31.505828
31606.385,62.46484375,1.115234375,63.580078125,31.555208999999998
31657.246,105.0732421875,1.021484375,106.0947265625,31.60607
31707.254,71.92578125,1.033203125,72.958984375,31.656078
31757.082,88.470703125,1.3056640625,89.7763671875,31.705906
31807.452,74.39453125,1.34765625,75.7421875,31.756276000000003
31857.777,67.7177734375,2.46484375,70.1826171875,31.806600999999997
31908.647,94.1572265625,2.1123046875,96.26953125,31.857471
31959.832,79.439453125,2.4697265625,81.9091796875,31.908656
32010.36,81.390625,2.638671875,84.029296875,31.959184
32061.44,74.91796875,2.2646484375,77.1826171875,32.010264
32111.758,68.1572265625,2.4619140625,70.619140625,32.060582000000004
32161.608,83.3173828125,0.8134765625,84.130859375,32.110432
32211.882,79.6572265625,0.755859375,80.4130859375,32.160706000000005
32261.46,77.484375,1.2021484375,78.6865234375,32.210284
32311.688,90.2822265625,0.9111328125,91.193359375,32.260512
32361.787,65.8291015625,1.9833984375,67.8125,32.310611
32412.181,73.9599609375,0.955078125,74.9150390625,32.361005
32463.086,90.361328125,0.7919921875,91.1533203125,32.41191
32512.796,70.68359375,1.3212890625,72.0048828125,32.461619999999996
32563.241,97.578125,0.6826171875,98.2607421875,32.512065
32612.823,67.318359375,1.513671875,68.83203125,32.561647
32662.395,71.1923828125,1.1552734375,72.34765625,32.611219
32713.671,90.2431640625,0.89453125,91.1376953125,32.662495
32763.401,66.5087890625,1.0546875,67.5634765625,32.712225000000004
32813.481,107.140625,1.0068359375,108.1474609375,32.762305
32863.034,65.3916015625,1.3310546875,66.72265625,32.811858
32913.622,76.2099609375,1.71484375,77.9248046875,32.862446000000006
32963.88,79.1953125,0.7841796875,79.9794921875,32.912704
33013.36,61.4609375,1.1181640625,62.5791015625,32.962184
33064.071,112.2802734375,0.69921875,112.9794921875,33.01289500000001
33114.733,66.4775390625,1.615234375,68.0927734375,33.063557
33165.361,80.65625,2.271484375,82.927734375,33.114185
33216.572,81.39453125,2.490234375,83.884765625,33.165396
33267.109,58.951171875,2.6123046875,61.5634765625,33.215933
33318.425,104.1123046875,2.173828125,106.2861328125,33.26724900000001
33369.137,65.90234375,2.18359375,68.0859375,33.317961000000004
33419.908,83.74609375,1.5849609375,85.3310546875,33.368732
33470.869,75.6591796875,0.96875,76.6279296875,33.419693
33520.78,64.2626953125,1.0908203125,65.353515625,33.469604
33570.687,91.99609375,0.70703125,92.703125,33.519511
33620.392,71.5751953125,1.1162109375,72.69140625,33.569216
33670.492,80.6220703125,0.9384765625,81.560546875,33.619316
33722.974,82.560546875,0.904296875,83.46484375,33.671798
33772.831,67.5791015625,1.318359375,68.8974609375,33.721655
33822.675,90.212890625,1.005859375,91.21875,33.771499000000006
33872.49,75.181640625,1.0224609375,76.2041015625,33.821314
33922.366,78.6689453125,1.44921875,80.1181640625,33.871190000000006
33973.907,88.8916015625,1.1630859375,90.0546875,33.922731
34024.041,68.0888671875,1.4833984375,69.572265625,33.972865
34073.561,75.8935546875,0.763671875,76.6572265625,34.022385
34123.435,85.0478515625,0.79296875,85.8408203125,34.072258999999995
34172.867,74.2080078125,0.98828125,75.1962890625,34.121691
34223.026,92.1240234375,0.96484375,93.0888671875,34.17185
34272.3,65.9560546875,1.1064453125,67.0625,34.221124
34322.295,72.8779296875,1.3212890625,74.19921875,34.271119
34372.165,84.2958984375,0.853515625,85.1494140625,34.320989000000004
34422.635,65.998046875,2.4912109375,68.4892578125,34.371459
34473.654,104.6728515625,1.7734375,106.4462890625,34.422478000000005
34524.82,62.04296875,3.25,65.29296875,34.473644
34577.597,74.8125,2.408203125,77.220703125,34.526421
34629.195,82.44921875,2.2822265625,84.7314453125,34.578019
34679.468,61.591796875,1.5673828125,63.1591796875,34.628292
34729.646,107.7421875,0.8486328125,108.5908203125,34.678470000000004
34779.295,65.9716796875,0.9453125,66.9169921875,34.728119
34829.198,82.330078125,0.7861328125,83.1162109375,34.778022
34879.531,81.65234375,1.40625,83.05859375,34.828355
34929.317,60.7744140625,0.970703125,61.7451171875,34.87814100000001
34980.126,107.9462890625,1.068359375,109.0146484375,34.92895
35029.734,66.3828125,1.2333984375,67.6162109375,34.978558
35079.604,88.8623046875,1.4326171875,90.294921875,35.028428
35129.444,69.4970703125,0.7216796875,70.21875,35.078268
35179.044,64.341796875,1.5654296875,65.9072265625,35.127868
35228.581,94.4462890625,0.7939453125,95.240234375,35.177405
35278.73,74.6357421875,0.9560546875,75.591796875,35.227554000000005
35328.994,85.5693359375,1.09375,86.6630859375,35.277817999999996
35378.979,77.5830078125,1.3818359375,78.96484375,35.327803
35428.855,63.9404296875,1.0810546875,65.021484375,35.377679
35478.709,92.57421875,0.9345703125,93.5087890625,35.427533000000004
35529.156,78.375,1.1826171875,79.5576171875,35.47798
35579.153,76.994140625,1.5546875,78.548828125,35.527977
35629.91,84.234375,1.4189453125,85.6533203125,35.578734000000004
35680.157,66.8759765625,2.5400390625,69.416015625,35.628981
35731.909,84.361328125,2.0771484375,86.4384765625,35.680733000000004
35782.668,82.2841796875,2.44140625,84.7255859375,35.731491999999996
35833.294,74.1455078125,2.4501953125,76.595703125,35.782118000000004
35884.414,90.0927734375,2.263671875,92.3564453125,35.833237999999994
35934.288,65.3310546875,2.0029296875,67.333984375,35.883112000000004
35984.035,74.83984375,1.126953125,75.966796875,35.932859
36033.921,88.677734375,0.6875,89.365234375,35.982745
36084.505,70.833984375,1.5537109375,72.3876953125,36.033328999999995
36134.868,106.1064453125,1.658203125,107.7646484375,36.083692
36185.709,63.2001953125,1.41015625,64.6103515625,36.134533000000005
36235.388,74.5771484375,1.07421875,75.6513671875,36.184212
36285.602,82.583984375,0.740234375,83.32421875,36.234426
36335.625,64.6474609375,1.2568359375,65.904296875,36.284449
36385.62,105.33984375,0.5400390625,105.8798828125,36.334444000000005
36435.192,62.9248046875,0.833984375,63.7587890625,36.384016
36484.957,83.25390625,1.123046875,84.376953125,36.433781
36534.794,75.0185546875,0.8330078125,75.8515625,36.483618
36584.595,62.396484375,1.4482421875,63.8447265625,36.533419
36634.674,99.365234375,0.6005859375,99.9658203125,36.583498
36684.862,70.560546875,1.8974609375,72.4580078125,36.633686000000004
36734.421,87.63671875,1.01171875,88.6484375,36.683245
36784.518,65.4287109375,1.0673828125,66.49609375,36.733342
36834.06,67.1748046875,1.0966796875,68.271484375,36.782883999999996
36884.349,84.734375,1.2998046875,86.0341796875,36.833173
36934.392,80.423828125,1.8427734375,82.2666015625,36.883216
36984.736,74.4482421875,2.4560546875,76.904296875,36.93356
37035.095,93.9267578125,2.1103515625,96.037109375,36.983919
37085.413,68.298828125,2.7724609375,71.0712890625,37.034237000000005
37135.984,73.41796875,2.3896484375,75.8076171875,37.084807999999995
37187.315,88.8955078125,2.669921875,91.5654296875,37.136139
37237.033,67.3857421875,1.6708984375,69.056640625,37.185857000000006
37287.149,104.8798828125,0.99609375,105.8759765625,37.235973
37336.637,63.431640625,1.484375,64.916015625,37.285461000000005
37386.485,78.107421875,0.888671875,78.99609375,37.335309
37436.468,74.345703125,0.85546875,75.201171875,37.385292
37486.05,60.3310546875,1.3623046875,61.693359375,37.434874
37535.634,109.46875,0.6494140625,110.1181640625,37.484458
37585.326,73.0625,1.265625,74.328125,37.534150000000004
37634.808,90.15625,1.232421875,91.388671875,37.583631999999994
37685.048,67.00390625,1.0830078125,68.0869140625,37.633872000000004
37735.024,65.7373046875,1.7685546875,67.505859375,37.683848
37785.221,90.10546875,1.228515625,91.333984375,37.734044999999995
37835.164,78.728515625,0.7255859375,79.4541015625,37.783988
37885.226,80.283203125,1.4462890625,81.7294921875,37.834050000000005
37934.905,77.66015625,0.94921875,78.609375,37.883729
37985.544,70.3603515625,1.572265625,71.9326171875,37.934368
38034.934,82.076171875,0.7265625,82.802734375,37.983758
38085.37,85.216796875,1.0361328125,86.2529296875,38.03419400000001
38135.32,75.2001953125,1.1689453125,76.369140625,38.084144
38185.34,94.0068359375,0.6953125,94.7021484375,38.134164
38235.502,67.5390625,2.6396484375,70.1787109375,38.184326
38288.383,73.5224609375,3.1552734375,76.677734375,38.237207000000005
38339.116,87.546875,2.6044921875,90.1513671875,38.28794
38389.689,67.216796875,2.5185546875,69.7353515625,38.338513
38440.511,105.4794921875,2.1884765625,107.66796875,38.389335
38490.534,64.7939453125,1.5654296875,66.359375,38.439358
38540.081,72.45703125,1.201171875,73.658203125,38.488904999999995
38589.743,82.9111328125,0.7158203125,83.626953125,38.538567
38639.123,60.3828125,1.4599609375,61.8427734375,38.587947
38689.208,105.224609375,0.822265625,106.046875,38.638032
38738.843,66.4384765625,0.9208984375,67.359375,38.687667000000005
38788.579,87.560546875,1.341796875,88.90234375,38.737403
38838.255,69.3779296875,1.9091796875,71.287109375,38.787079
38888.152,62.9755859375,1.4306640625,64.40625,38.836976
38938.362,98.9892578125,0.810546875,99.7998046875,38.887186
38988.023,73.15234375,0.9208984375,74.0732421875,38.936847
39038.147,83.4248046875,0.91015625,84.3349609375,38.986971
39087.933,73.50390625,1.1806640625,74.6845703125,39.036756999999994
39136.983,71.6015625,1.3046875,72.90625,39.085807
39187.214,72.1640625,0.8173828125,72.9814453125,39.136038
39237.003,86.310546875,0.880859375,87.19140625,39.185826999999996
39290.735,78.7783203125,1.189453125,79.9677734375,39.239559
39341.031,94.51953125,1.080078125,95.599609375,39.289855
39390.612,69.857421875,1.69140625,71.548828125,39.339436
39440.105,69.548828125,1.2822265625,70.8310546875,39.388929000000005
39490.72,89.427734375,1.728515625,91.15625,39.439544000000005
39541.565,68.2568359375,2.5166015625,70.7734375,39.490389
39592.16,109.5546875,1.8994140625,111.4541015625,39.540984
39642.887,64.21875,3.0283203125,67.2470703125,39.591711000000004
39693.542,76.2041015625,2.3740234375,78.578125,39.642366
39743.847,82.484375,2.2197265625,84.7041015625,39.692671000000004
39793.411,60.7177734375,1.22265625,61.9404296875,39.742235
39844.246,110.3896484375,0.8193359375,111.208984375,39.79307
39895.028,63.4599609375,1.689453125,65.1494140625,39.843852
39944.893,81.1171875,1.5,82.6171875,39.893716999999995
39994.701,77.775390625,0.853515625,78.62890625,39.943525
40044.412,59.6943359375,1.291015625,60.9853515625,39.993235999999996
40094.449,102.24609375,0.7431640625,102.9892578125,40.043273
40144.26,69.927734375,1.40234375,71.330078125,40.093084000000005
40193.799,83.619140625,0.9375,84.556640625,40.142623
40243.721,78.7421875,1.0947265625,79.8369140625,40.192544999999996
40293.121,68.9658203125,1.3212890625,70.287109375,40.241945
40342.883,86.0859375,0.62890625,86.71484375,40.291707
40392.576,82.6875,1.298828125,83.986328125,40.3414
40442.428,78.0400390625,2.1328125,80.1728515625,40.391252
40492.316,87.6240234375,1.0146484375,88.638671875,40.44114
40541.537,69.90234375,1.634765625,71.537109375,40.490361
40591.287,78.3896484375,0.6689453125,79.05859375,40.540110999999996
40641.135,86.673828125,1.203125,87.876953125,40.589959
40691.009,70.9423828125,0.9892578125,71.931640625,40.639832999999996
40741.226,103.2431640625,1.0380859375,104.28125,40.69005
40791.646,65.953125,2.748046875,68.701171875,40.74047
40842.234,76.4326171875,2.64453125,79.0771484375,40.791058
40892.998,87.326171875,2.67578125,90.001953125,40.841822
40943.952,66.4892578125,2.939453125,69.4287109375,40.892776
40995.803,106.533203125,3.41015625,109.943359375,40.944627
41046.582,66.41796875,1.435546875,67.853515625,40.995406
41097.058,79.3271484375,1.546875,80.8740234375,41.045882
41146.946,75.63671875,1.4892578125,77.1259765625,41.09577
41197.133,61.12109375,0.8408203125,61.9619140625,41.145957
41247.27,108.8193359375,1.1982421875,110.017578125,41.196093999999995
41296.977,69.4794921875,1.34375,70.8232421875,41.245801
41346.827,88.4072265625,1.494140625,89.9013671875,41.295651
41396.706,73.111328125,1.015625,74.126953125,41.34553
41446.35,64.779296875,1.345703125,66.125,41.395174
41496.071,96.7060546875,0.8818359375,97.587890625,41.444895
41546.209,79.5859375,1.79296875,81.37890625,41.49503300000001
41595.975,81.51171875,0.9404296875,82.4521484375,41.544799
41646.405,77.890625,0.8037109375,78.6943359375,41.595228999999996
41695.778,67.4072265625,1.2333984375,68.640625,41.644602
41745.631,86.5966796875,0.77734375,87.3740234375,41.694455000000005
41795.528,80.4873046875,0.826171875,81.3134765625,41.744352
41845.442,76.2392578125,1.1201171875,77.359375,41.794266
41895.045,82.634765625,0.875,83.509765625,41.843869
41944.96,65.697265625,1.43359375,67.130859375,41.893784
41994.916,74.2333984375,0.8134765625,75.046875,41.94374
42045.706,87.6357421875,2.52734375,90.1630859375,41.99453
42096.992,75.5546875,2.7216796875,78.2763671875,42.045816
42148.052,100.328125,2.0595703125,102.3876953125,42.096876
42198.409,65.2490234375,2.8232421875,68.072265625,42.147233
42248.989,75.94140625,2.3232421875,78.2646484375,42.197813000000004
42299.839,83.5771484375,1.80078125,85.3779296875,42.248663
42349.562,64.5859375,1.390625,65.9765625,42.298386
42399.92,111.990234375,0.6513671875,112.6416015625,42.348743999999996
42449.566,58.87109375,1.2919921875,60.1630859375,42.39839
42499.11,79.1103515625,0.6884765625,79.798828125,42.447934000000004
42549.027,76.232421875,1.56640625,77.798828125,42.497851000000004
42598.928,62.00390625,1.6201171875,63.6240234375,42.547752
42648.904,107.76171875,0.6953125,108.45703125,42.597728000000004
42700.158,74.25,0.9677734375,75.2177734375,42.648982000000004
42750.766,86.1015625,0.98046875,87.08203125,42.69959
42801.395,76.3720703125,1.0712890625,77.443359375,42.750218999999994
42851.251,60.7041015625,1.40625,62.1103515625,42.800075
42902.051,106.8857421875,0.6435546875,107.529296875,42.850875
42952.143,70.2314453125,1.7822265625,72.013671875,42.900966999999994
43002.104,91.20703125,0.8818359375,92.0888671875,42.950928
43052.206,67.25390625,0.79296875,68.046875,43.00103
43102.553,63.5771484375,1.552734375,65.1298828125,43.051377
43153.445,94.8427734375,1.3671875,96.2099609375,43.102269
43203.114,72.748046875,0.671875,73.419921875,43.151938
43253.034,81.041015625,0.8955078125,81.9365234375,43.201858
43302.923,80.837890625,1.7412109375,82.5791015625,43.251747
43353.31,65.546875,2.705078125,68.251953125,43.302133999999995
43403.793,72.8896484375,1.955078125,74.8447265625,43.352616999999995
43455.013,90.2724609375,2.294921875,92.5673828125,43.403837
43505.879,69.470703125,2.88671875,72.357421875,43.454703
43556.96,105.96875,2.1689453125,108.1376953125,43.505784
43606.589,64.1552734375,1.30078125,65.4560546875,43.555413
43656.826,75.2041015625,1.5595703125,76.763671875,43.605650000000004
43707.469,77.6640625,1.619140625,79.283203125,43.656293
43756.905,60.2939453125,1.0966796875,61.390625,43.705729
43807.199,109.4072265625,0.61328125,110.0205078125,43.756023
43856.739,61.4130859375,1.4248046875,62.837890625,43.805563
43906.509,85.1650390625,1.0546875,86.2197265625,43.855333
43956.372,72.3369140625,1.814453125,74.1513671875,43.905196000000004
44005.664,63.0107421875,1.0576171875,64.068359375,43.954488
44055.095,101.81640625,0.7470703125,102.5634765625,44.003919
44104.857,72.607421875,0.8544921875,73.4619140625,44.053681000000005
44154.798,81.9443359375,1.0556640625,83.0,44.103622
44205.562,72.732421875,1.52734375,74.259765625,44.154385999999995
44255.283,70.318359375,1.56640625,71.884765625,44.204107
44305.033,84.2939453125,0.873046875,85.1669921875,44.253857
44355.63,84.8623046875,1.1650390625,86.02734375,44.304454
44405.103,74.583984375,1.025390625,75.609375,44.353927000000006
44455.169,93.0869140625,1.08984375,94.1767578125,44.403993
44504.682,68.791015625,1.337890625,70.12890625,44.453506000000004
44556.413,69.9248046875,1.0283203125,70.953125,44.505237
44607.21,81.634765625,2.2490234375,83.8837890625,44.556034
44657.692,64.0703125,2.498046875,66.568359375,44.606516000000006
44708.472,108.080078125,2.0107421875,110.0908203125,44.657296
44760.51,61.7119140625,3.162109375,64.8740234375,44.709334000000005
44811.626,82.4482421875,2.4892578125,84.9375,44.76045
44862.176,79.0673828125,1.1826171875,80.25,44.811
44912.406,63.2177734375,1.373046875,64.5908203125,44.861230000000006
44962.397,99.107421875,0.8974609375,100.0048828125,44.911221
45012.192,69.359375,1.2978515625,70.6572265625,44.961016
45061.896,85.830078125,0.7841796875,86.6142578125,45.01072
45112.129,68.947265625,1.197265625,70.14453125,45.060953
45161.718,65.345703125,1.2900390625,66.6357421875,45.110542
45211.39,89.958984375,0.73046875,90.689453125,45.160214
45261.269,75.7978515625,0.9951171875,76.79296875,45.210093
45311.373,79.349609375,1.5380859375,80.8876953125,45.260197
45361.276,77.2607421875,0.9794921875,78.240234375,45.3101
45411.25,67.06640625,1.1748046875,68.2412109375,45.360074
45461.018,76.033203125,0.7763671875,76.8095703125,45.409842
45510.971,82.6591796875,0.8154296875,83.474609375,45.459795
45560.547,72.349609375,0.931640625,73.28125,45.509371
45610.5,95.7412109375,0.8427734375,96.583984375,45.559324000000004
45659.864,67.4306640625,1.12109375,68.5517578125,45.608688
45709.672,74.322265625,1.2568359375,75.5791015625,45.658496
45759.489,89.080078125,0.8330078125,89.9130859375,45.708313000000004
45809.827,65.6728515625,1.765625,67.4384765625,45.758651
45860.377,108.220703125,1.9140625,110.134765625,45.809201
45910.785,62.9794921875,2.4833984375,65.462890625,45.859609000000006
45961.785,84.9931640625,2.4814453125,87.474609375,45.910609
46012.451,69.931640625,2.3076171875,72.2392578125,45.961275
46063.016,65.583984375,2.7109375,68.294921875,46.01184000000001
46113.264,87.216796875,1.5732421875,88.7900390625,46.062088
46163.176,83.3935546875,0.73828125,84.1318359375,46.112
46213.446,79.70703125,1.05859375,80.765625,46.16227000000001
46263.009,88.4404296875,1.0068359375,89.447265625,46.211833
46312.76,67.8349609375,1.2509765625,69.0859375,46.261584
46362.472,80.52734375,1.21484375,81.7421875,46.311296
46414.325,88.779296875,1.3857421875,90.1650390625,46.363149
46463.784,73.2958984375,1.2060546875,74.501953125,46.412608
46513.552,93.05859375,0.7666015625,93.8251953125,46.462376000000006
46563.413,69.0263671875,1.0732421875,70.099609375,46.512237
46613.722,69.654296875,0.8701171875,70.5244140625,46.562546000000005
46664.411,89.6552734375,1.1240234375,90.779296875,46.613235
46714.413,68.9384765625,1.3212890625,70.259765625,46.663237
46764.29,102.65625,0.80859375,103.46484375,46.713114000000004
46814.713,65.060546875,1.583984375,66.64453125,46.76353700000001
46864.305,73.4384765625,0.7919921875,74.23046875,46.813129
46915.301,83.3046875,1.6552734375,84.9599609375,46.864125
46965.114,63.4033203125,1.1806640625,64.583984375,46.913938
47015.38,107.458984375,0.9970703125,108.4560546875,46.964203999999995
47065.651,64.16796875,0.8671875,65.03515625,47.014475
47116.312,72.9482421875,1.5048828125,74.453125,47.065135999999995
47166.874,84.677734375,2.3740234375,87.0517578125,47.115698
47217.311,61.4912109375,2.6787109375,64.169921875,47.166135000000004
47271.753,117.2451171875,1.71875,118.9638671875,47.220577
47322.364,66.1630859375,2.6044921875,68.767578125,47.271188
47372.84,74.23828125,2.193359375,76.431640625,47.321664
47423.502,86.080078125,1.0810546875,87.1611328125,47.372326
47473.84,61.3603515625,1.775390625,63.1357421875,47.422664
47524.363,108.150390625,0.8779296875,109.0283203125,47.473186999999996
47573.914,62.8623046875,0.974609375,63.8369140625,47.522738
47623.865,84.099609375,0.8994140625,84.9990234375,47.572689
47674.499,77.77734375,0.876953125,78.654296875,47.623323000000006
47724.325,62.7158203125,1.5517578125,64.267578125,47.673148999999995
47774.192,100.9599609375,0.9033203125,101.86328125,47.723016
47824.467,73.2314453125,1.1552734375,74.38671875,47.773291
47874.701,89.470703125,0.9482421875,90.4189453125,47.823525000000004
47930.894,73.1826171875,0.890625,74.0732421875,47.879718000000004
47981.8,66.6201171875,1.8232421875,68.443359375,47.930624
48036.406,112.28515625,0.890625,113.17578125,47.98523
48086.226,68.1796875,1.5458984375,69.7255859375,48.035050000000005
48135.832,89.3828125,1.115234375,90.498046875,48.084656
48186.507,67.7275390625,1.259765625,68.9873046875,48.135331
48236.211,64.6630859375,1.05078125,65.7138671875,48.185035000000006
48286.145,97.1318359375,0.9306640625,98.0625,48.234969
48336.902,72.919921875,1.154296875,74.07421875,48.285726000000004
48387.156,82.03515625,1.4638671875,83.4990234375,48.335980000000006
48439.044,75.8984375,2.1083984375,78.0068359375,48.387868000000005
48489.66,67.396484375,2.6533203125,70.0498046875,48.438484
48540.864,84.90625,2.7978515625,87.7041015625,48.489688
48592.099,78.9091796875,2.4658203125,81.375,48.540923
48642.757,75.47265625,2.595703125,78.068359375,48.591581
48693.562,88.451171875,0.8349609375,89.2861328125,48.642386
48743.413,66.12109375,1.5185546875,67.6396484375,48.692237
48792.989,68.5986328125,0.935546875,69.5341796875,48.741813
48843.614,86.8447265625,1.2607421875,88.10546875,48.792438000000004
48893.081,69.0849609375,0.9794921875,70.064453125,48.841905
48942.995,99.3525390625,0.8525390625,100.205078125,48.891819000000005
48992.706,63.3798828125,1.44140625,64.8212890625,48.94153
49043.39,73.2890625,1.25,74.5390625,48.992214
49093.182,82.7763671875,1.248046875,84.0244140625,49.042006
49143.211,60.3447265625,1.1103515625,61.455078125,49.092035
49192.787,106.6513671875,0.8671875,107.5185546875,49.141611
49242.676,62.3095703125,0.8701171875,63.1796875,49.1915
49292.551,81.9443359375,1.087890625,83.0322265625,49.241375
49342.583,71.3505859375,0.947265625,72.2978515625,49.291407
49392.082,60.7578125,1.1669921875,61.9248046875,49.340906000000004
49443.035,104.580078125,0.943359375,105.5234375,49.391859000000004
49492.624,71.935546875,1.0087890625,72.9443359375,49.441448
49542.464,86.697265625,1.119140625,87.81640625,49.491288
49592.537,69.1708984375,1.32421875,70.4951171875,49.541360999999995
49642.565,67.2119140625,1.697265625,68.9091796875,49.591389
49693.157,90.6904296875,1.9970703125,92.6875,49.641981
49743.681,79.8466796875,2.32421875,82.1708984375,49.692505
49794.563,83.509765625,2.421875,85.931640625,49.743387000000006
49847.244,81.2578125,2.4267578125,83.6845703125,49.796068
49897.493,68.47265625,2.828125,71.30078125,49.846317000000006
49947.862,83.4931640625,1.5625,85.0556640625,49.896686
49997.638,81.58203125,1.09765625,82.6796875,49.946462
50047.201,76.8408203125,1.2099609375,78.05078125,49.996025
50097.455,86.6298828125,0.9150390625,87.544921875,50.046279000000006
50147.534,70.431640625,1.892578125,72.32421875,50.096358
50197.383,70.095703125,0.828125,70.923828125,50.146207000000004
50247.154,87.669921875,0.896484375,88.56640625,50.195978000000004
50296.778,69.2333984375,1.11328125,70.3466796875,50.245602
50347.022,100.4833984375,1.142578125,101.6259765625,50.295846
50396.473,66.4111328125,1.10546875,67.5166015625,50.345297
50446.652,72.4736328125,1.1015625,73.5751953125,50.395476
50496.162,89.4033203125,0.6787109375,90.08203125,50.444986
50545.902,64.2119140625,1.490234375,65.7021484375,50.494726
50596.078,110.544921875,0.51171875,111.056640625,50.544902
50646.516,64.212890625,1.52734375,65.740234375,50.59534000000001
50699.433,79.55859375,1.57421875,81.1328125,50.648257
50749.512,78.064453125,0.857421875,78.921875,50.698336000000005
50799.208,59.798828125,1.05078125,60.849609375,50.748032
50849.153,107.662109375,1.13671875,108.798828125,50.797976999999996
50898.97,62.0791015625,1.25,63.3291015625,50.847794
50949.174,83.5625,1.9736328125,85.5361328125,50.897998
51000.566,71.7763671875,2.69140625,74.4677734375,50.94939
51051.098,60.6884765625,2.5205078125,63.208984375,50.999922
51103.77,108.294921875,1.849609375,110.14453125,51.052594
51155.009,69.09375,2.6669921875,71.7607421875,51.103833
51205.999,89.8203125,2.1298828125,91.9501953125,51.15482300000001
51256.62,72.75390625,1.333984375,74.087890625,51.205444
51306.504,64.7744140625,1.4150390625,66.189453125,51.255328
51356.258,97.0947265625,0.853515625,97.9482421875,51.305082
51405.73,76.33984375,0.7265625,77.06640625,51.354554
51456.113,84.2880859375,1.0302734375,85.318359375,51.404937
51505.727,73.3095703125,1.095703125,74.4052734375,51.454551
51555.695,64.0869140625,1.185546875,65.2724609375,51.504519
51609.315,103.2802734375,0.76953125,104.0498046875,51.558139000000004
51658.847,76.345703125,1.0576171875,77.4033203125,51.607671
51709.22,85.5703125,1.0966796875,86.6669921875,51.658044000000004
51759.259,77.1533203125,1.771484375,78.9248046875,51.708083
51809.409,64.4453125,1.771484375,66.216796875,51.758233
51862.393,103.6064453125,0.775390625,104.3818359375,51.811217
51912.051,76.6318359375,1.2744140625,77.90625,51.860875
51961.731,84.12109375,1.0087890625,85.1298828125,51.910555
52011.687,75.96484375,1.841796875,77.806640625,51.960511
52061.439,64.501953125,1.1767578125,65.6787109375,52.010263
52111.725,92.9521484375,0.7880859375,93.740234375,52.060549
52161.203,75.810546875,1.1591796875,76.9697265625,52.110027
52211.002,76.1259765625,1.44140625,77.5673828125,52.159826
52262.343,82.64453125,2.29296875,84.9375,52.211167
52313.179,66.888671875,3.3798828125,70.2685546875,52.262003
52364.103,78.92578125,2.220703125,81.146484375,52.312927
52415.163,82.1884765625,2.333984375,84.5224609375,52.363987
52466.086,74.3203125,2.267578125,76.587890625,52.414910000000006
52515.904,95.4169921875,0.560546875,95.9775390625,52.464728
52565.561,68.8173828125,1.041015625,69.8583984375,52.514385000000004
52615.43,71.8427734375,0.890625,72.7333984375,52.564254
52665.24,92.658203125,1.126953125,93.78515625,52.614064
52715.16,68.0419921875,1.216796875,69.2587890625,52.663984000000006
52765.543,105.4970703125,0.7392578125,106.236328125,52.714366999999996
52814.94,64.3818359375,1.576171875,65.9580078125,52.763764
52864.726,75.9765625,1.48828125,77.46484375,52.813550000000006
52914.535,84.732421875,1.5146484375,86.2470703125,52.863359
52963.962,60.2919921875,1.3984375,61.6904296875,52.912786
53014.824,110.0615234375,0.7568359375,110.818359375,52.963648
53064.344,65.1416015625,1.4482421875,66.58984375,53.013168
53114.231,86.1171875,1.1708984375,87.2880859375,53.063055
53164.111,76.275390625,1.1318359375,77.4072265625,53.112935
53213.671,63.724609375,1.361328125,65.0859375,53.162495
53263.42,101.7255859375,0.8447265625,102.5703125,53.212244
53314.077,73.0205078125,1.08984375,74.1103515625,53.262901
53364.141,83.2978515625,1.4482421875,84.74609375,53.312965000000005
53414.332,71.435546875,1.712890625,73.1484375,53.363156000000004
53464.336,66.75,1.2109375,67.9609375,53.413160000000005
53514.963,84.6611328125,2.197265625,86.8583984375,53.463787
53566.616,80.6611328125,2.4765625,83.1376953125,53.515440000000005
53617.563,75.1162109375,2.2626953125,77.37890625,53.566387000000006
53669.229,87.90625,2.2392578125,90.1455078125,53.618053
53719.945,70.99609375,2.984375,73.98046875,53.668769
53769.843,77.9697265625,1.0458984375,79.015625,53.718667
53819.823,86.52734375,1.486328125,88.013671875,53.768646999999994
53869.361,71.3046875,1.1162109375,72.4208984375,53.818185
53919.688,102.4296875,1.4873046875,103.9169921875,53.868512
53969.553,67.638671875,1.1494140625,68.7880859375,53.918377
54019.35,72.2548828125,1.2080078125,73.462890625,53.968174
54069.337,88.2001953125,1.1728515625,89.373046875,54.018161
54119.125,64.646484375,1.318359375,65.96484375,54.067949
54169.245,111.208984375,0.6494140625,111.8583984375,54.118069000000006
54218.798,61.2646484375,1.1767578125,62.44140625,54.167622
54268.53,76.1982421875,1.2412109375,77.439453125,54.217354
54318.405,79.2666015625,0.8310546875,80.09765625,54.267229
54368.4,60.310546875,1.279296875,61.58984375,54.317224
54418.574,109.4794921875,0.734375,110.2138671875,54.367398
54468.506,69.947265625,1.974609375,71.921875,54.41733
54518.279,85.181640625,1.1474609375,86.3291015625,54.467103
54567.953,78.0380859375,0.880859375,78.9189453125,54.516777000000005
54617.447,61.4501953125,1.2646484375,62.71484375,54.566271
54667.457,102.5029296875,0.65625,103.1591796875,54.616281
54717.603,68.5078125,1.0361328125,69.5439453125,54.666427000000006
54767.996,85.1845703125,1.6220703125,86.806640625,54.71682
54818.689,67.9541015625,2.638671875,70.5927734375,54.767513
54868.904,65.59375,2.6865234375,68.2802734375,54.817728
54919.5,91.6552734375,2.3681640625,94.0234375,54.868324
54970.177,75.3994140625,2.49609375,77.8955078125,54.919001
55020.984,79.373046875,2.4599609375,81.8330078125,54.969808
55070.984,80.302734375,1.6943359375,81.9970703125,55.019808
55120.559,69.623046875,1.1787109375,70.8017578125,55.069383
55170.208,77.171875,0.7138671875,77.8857421875,55.119032
55220.056,88.767578125,1.1435546875,89.9111328125,55.168879999999994
55270.178,70.4853515625,1.0048828125,71.490234375,55.219002
55320.347,102.23828125,0.7841796875,103.0224609375,55.269171
55369.666,67.13671875,1.1748046875,68.3115234375,55.31849
55419.822,73.37890625,1.2216796875,74.6005859375,55.368646
55469.38,84.392578125,1.08203125,85.474609375,55.418203999999996
55518.948,63.71875,1.66015625,65.37890625,55.467772
55568.818,109.736328125,1.10546875,110.841796875,55.517642
55618.721,61.32421875,1.5576171875,62.8818359375,55.567544999999996
55668.502,78.8525390625,1.1494140625,80.001953125,55.617326
55718.347,75.4609375,0.8759765625,76.3369140625,55.667171
55768.161,59.88671875,1.375,61.26171875,55.716985
55818.329,103.375,1.001953125,104.376953125,55.767153
55868.46,68.5400390625,0.888671875,69.4287109375,55.817284
55918.209,83.7744140625,1.177734375,84.9521484375,55.867033000000006
55967.963,76.259765625,1.1455078125,77.4052734375,55.91678700000001
56017.246,65.2880859375,1.814453125,67.1025390625,55.96607
56068.591,97.97265625,2.5615234375,100.5341796875,56.017415
56119.573,75.978515625,2.8837890625,78.8623046875,56.068397
56169.883,85.1298828125,2.3427734375,87.47265625,56.118707
56220.127,77.37890625,2.2421875,79.62109375,56.168951
56270.689,69.5029296875,2.658203125,72.1611328125,56.219513
56321.458,90.6767578125,0.90234375,91.5791015625,56.270282
56371.72,78.1669921875,1.1923828125,79.359375,56.320544
56421.349,78.8017578125,0.869140625,79.6708984375,56.370173
56471.319,79.6396484375,1.2255859375,80.865234375,56.420143
56521.079,65.6259765625,1.1171875,66.7431640625,56.469902999999995
56571.119,79.0849609375,0.8017578125,79.88671875,56.519943
56621.502,82.9775390625,1.8447265625,84.822265625,56.570326
56670.916,71.9658203125,1.2001953125,73.166015625,56.61974
56721.356,95.265625,1.0302734375,96.2958984375,56.67018
56771.148,65.470703125,1.4384765625,66.9091796875,56.719972
56821.002,73.833984375,1.01171875,74.845703125,56.769826
56870.662,86.1630859375,0.880859375,87.0439453125,56.819486
56920.36,65.306640625,1.255859375,66.5625,56.869184000000004
56970.093,112.443359375,0.7353515625,113.1787109375,56.918917
57019.941,65.7021484375,1.33984375,67.0419921875,56.968765
57070.055,75.5400390625,0.9521484375,76.4921875,57.018879
57119.89,81.8408203125,0.6708984375,82.51171875,57.068714
57169.786,58.78515625,1.7236328125,60.5087890625,57.118610000000004
57220.098,105.1767578125,0.9599609375,106.13671875,57.168922
57269.954,68.2763671875,0.841796875,69.1181640625,57.218778
57320.554,85.6328125,2.455078125,88.087890625,57.269377999999996
57371.2,69.587890625,2.1982421875,71.7861328125,57.320024
57421.804,65.7421875,2.818359375,68.560546875,57.370627999999996
57473.105,93.5087890625,2.166015625,95.6748046875,57.421929000000006
57523.568,74.775390625,2.232421875,77.0078125,57.472392
57573.71,83.98046875,1.8876953125,85.8681640625,57.522534
57623.211,74.4892578125,0.9599609375,75.44921875,57.57203500000001
57673.822,69.7763671875,1.7451171875,71.521484375,57.622646
57724.234,80.3251953125,1.04296875,81.3681640625,57.673058
57774.324,82.8046875,0.7978515625,83.6025390625,57.723148
57823.856,72.1103515625,1.0517578125,73.162109375,57.77268
57873.806,94.1044921875,0.9326171875,95.037109375,57.82263
57923.831,67.3408203125,1.1220703125,68.462890625,57.872655
57973.303,72.1357421875,1.49609375,73.6318359375,57.922127
58023.281,82.4775390625,0.7802734375,83.2578125,57.972105000000006
58073.231,65.177734375,1.30078125,66.478515625,58.022055
58123.575,107.2412109375,0.736328125,107.9775390625,58.072399
58173.354,65.4951171875,1.203125,66.6982421875,58.122178
58223.667,71.06640625,1.369140625,72.435546875,58.172491
58273.687,85.4619140625,1.34765625,86.8095703125,58.222511
58323.306,60.4990234375,1.1943359375,61.693359375,58.27213
58373.455,110.068359375,0.8759765625,110.9443359375,58.322279
58422.867,66.259765625,1.3251953125,67.5849609375,58.371691
58472.719,86.2158203125,1.0068359375,87.22265625,58.421543
58522.678,71.29296875,0.9072265625,72.2001953125,58.471502
58572.544,61.654296875,1.984375,63.638671875,58.521368
58623.797,97.5546875,2.1728515625,99.7275390625,58.572621
58674.285,70.396484375,2.28125,72.677734375,58.62310900000001
58724.926,85.5048828125,2.4150390625,87.919921875,58.67375
58776.673,63.3447265625,3.30859375,66.6533203125,58.725497000000004
58826.672,69.623046875,2.580078125,72.203125,58.775496
58876.363,79.1142578125,0.97265625,80.0869140625,58.825187
58926.314,87.318359375,1.3095703125,88.6279296875,58.875138
58976.15,69.9052734375,1.451171875,71.3564453125,58.924974
59026.249,97.099609375,0.767578125,97.8671875,58.975073
59075.791,63.044921875,1.669921875,64.71484375,59.024615
59125.39,76.9912109375,0.7978515625,77.7890625,59.074214
59177.561,82.3017578125,1.1396484375,83.44140625,59.126385
59227.048,64.3330078125,1.0205078125,65.353515625,59.175872000000005
59277.018,109.98046875,0.76953125,110.75,59.225842
59327.196,62.28125,1.62109375,63.90234375,59.27602
59377.004,75.142578125,1.2060546875,76.3486328125,59.325828
59426.883,81.1865234375,0.7783203125,81.96484375,59.375707000000006
59476.414,58.736328125,1.12109375,59.857421875,59.425238
59526.487,106.7197265625,0.9169921875,107.63671875,59.475311000000005
59576.319,68.1279296875,1.029296875,69.1572265625,59.52514300000001
59626.019,85.6103515625,1.13671875,86.7470703125,59.574843
59676.7,77.349609375,1.2978515625,78.6474609375,59.625524
59726.028,64.12109375,1.0966796875,65.2177734375,59.674852
59776.047,100.6806640625,1.044921875,101.7255859375,59.724871
59825.955,73.5107421875,1.66796875,75.1787109375,59.774779
59876.524,86.0908203125,2.822265625,88.9130859375,59.825348
59927.956,74.13671875,2.361328125,76.498046875,59.87678
59978.428,64.408203125,2.75390625,67.162109375,59.927252
60029.185,91.333984375,1.916015625,93.25,59.978009
60079.754,75.1923828125,2.5009765625,77.693359375,60.028578
60129.466,78.8017578125,1.3935546875,80.1953125,60.07829
60179.249,82.2353515625,1.2568359375,83.4921875,60.128073
60228.967,65.666015625,1.296875,66.962890625,60.177791
60278.456,80.4443359375,1.0654296875,81.509765625,60.22728
60328.136,82.72265625,1.0595703125,83.7822265625,60.27696
60378.373,72.14453125,1.623046875,73.767578125,60.327197
60428.943,93.87109375,0.9990234375,94.8701171875,60.377767
60478.643,64.748046875,1.4130859375,66.1611328125,60.427467
60528.666,70.5078125,0.9697265625,71.4775390625,60.477489999999996
60578.479,87.533203125,1.1123046875,88.6455078125,60.527303
60628.54,68.4296875,1.224609375,69.654296875,60.577364
60678.585,108.4228515625,1.146484375,109.5693359375,60.627409
60728.732,62.2978515625,1.470703125,63.7685546875,60.677556
60779.351,77.830078125,1.029296875,78.859375,60.728175
60829.303,81.9091796875,0.7744140625,82.68359375,60.778127
60879.259,63.4208984375,1.2197265625,64.640625,60.828083
60929.668,108.890625,1.4453125,110.3359375,60.878492
60979.295,62.6630859375,0.9755859375,63.638671875,60.928118999999995
61028.969,84.3134765625,1.1025390625,85.416015625,60.977793
61078.93,71.3154296875,0.9287109375,72.244140625,61.027754
61129.139,61.30078125,2.541015625,63.841796875,61.077963000000004
61180.545,100.638671875,2.2255859375,102.8642578125,61.129369
61231.046,69.591796875,2.3056640625,71.8974609375,61.17987
61282.065,85.2568359375,2.53125,87.7880859375,61.230889000000005
61333.15,71.6416015625,2.31640625,73.9580078125,61.281974000000005
61383.177,67.5693359375,2.1806640625,69.75,61.332001000000005
61433.073,92.666015625,0.5283203125,93.1943359375,61.381896999999995
61483.134,75.5703125,1.7275390625,77.2978515625,61.431958
61533.014,78.1396484375,1.0126953125,79.15234375,61.481838
61583.201,85.4443359375,1.470703125,86.9150390625,61.532025000000004
61632.618,69.8935546875,1.2041015625,71.09765625,61.581442
61683.484,78.94921875,0.8994140625,79.8486328125,61.632307999999995
61733.061,82.9482421875,0.716796875,83.6650390625,61.681885
61782.971,71.8125,1.265625,73.078125,61.731795
61832.584,93.4111328125,0.7578125,94.1689453125,61.781408000000006
61882.59,64.3369140625,1.306640625,65.6435546875,61.831413999999995
61932.78,69.1103515625,0.89453125,70.0048828125,61.881603999999996
61983.288,89.3134765625,1.197265625,90.5107421875,61.932112000000004
62033.321,67.2529296875,1.6689453125,68.921875,61.982145
62083.691,107.9970703125,0.9267578125,108.923828125,62.032515
62133.616,64.1767578125,1.6455078125,65.822265625,62.082440000000005
62183.875,75.55078125,1.1748046875,76.7255859375,62.132699
62233.896,78.359375,0.748046875,79.107421875,62.18272
62284.031,62.97265625,1.4384765625,64.4111328125,62.232855
62333.964,110.3212890625,0.66015625,110.9814453125,62.282788000000004
62387.556,69.751953125,2.1181640625,71.8701171875,62.33638
62437.739,77.6376953125,2.0556640625,79.693359375,62.386563
62488.713,79.7109375,2.6162109375,82.3271484375,62.437537000000006
62539.792,62.1181640625,3.25,65.3681640625,62.488616
62590.939,106.9208984375,2.3193359375,109.240234375,62.539763
62641.624,64.80859375,2.6328125,67.44140625,62.590448
62691.467,85.2548828125,0.8251953125,86.080078125,62.640291
62742.041,75.794921875,0.966796875,76.76171875,62.690864999999995
62791.558,61.3369140625,1.16015625,62.4970703125,62.740382
62842.393,104.2724609375,1.009765625,105.2822265625,62.791216999999996
62892.258,68.57421875,1.0537109375,69.6279296875,62.841082
62942.148,89.81640625,0.9306640625,90.7470703125,62.890972000000005
62992.017,72.5576171875,1.08203125,73.6396484375,62.940841
63041.639,67.5546875,1.3388671875,68.8935546875,62.990463000000005
63092.463,94.2099609375,1.5009765625,95.7109375,63.041287000000004
63142.41,76.8212890625,1.4921875,78.3134765625,63.09123400000001
63192.415,80.3642578125,0.9716796875,81.3359375,63.141239
63242.965,75.33203125,1.2294921875,76.5615234375,63.191789
63292.949,68.87890625,1.56640625,70.4453125,63.241773
63342.939,88.5625,0.634765625,89.197265625,63.291762999999996
63392.764,83.51171875,1.2919921875,84.8037109375,63.341588
63442.49,77.2626953125,1.0068359375,78.26953125,63.391314
63493.475,82.0,0.70703125,82.70703125,63.442299
63543.478,71.318359375,1.603515625,72.921875,63.492302
63593.414,78.4052734375,0.68359375,79.0888671875,63.542238
63644.116,83.1923828125,1.935546875,85.1279296875,63.592940000000006
63694.345,73.9404296875,2.203125,76.1435546875,63.643169
63745.517,91.505859375,2.140625,93.646484375,63.694341
63795.719,66.0732421875,2.7099609375,68.783203125,63.744543
63848.255,76.021484375,2.38671875,78.408203125,63.797079
63899.02,90.5224609375,2.4765625,92.9990234375,63.847843999999995
63949.049,68.9638671875,1.4404296875,70.404296875,63.897873
63999.062,104.0458984375,0.578125,104.6240234375,63.947886
64048.703,63.8837890625,1.373046875,65.2568359375,63.997527000000005
64098.347,75.5029296875,0.8330078125,76.3359375,64.047171
64155.016,81.7841796875,1.712890625,83.4970703125,64.10384
64205.219,70.52734375,1.6259765625,72.1533203125,64.154043
64255.655,99.6708984375,0.783203125,100.4541015625,64.204479
64305.624,62.626953125,1.6201171875,64.2470703125,64.25444800000001
64355.781,74.7685546875,1.0869140625,75.85546875,64.30460500000001
64405.99,84.18359375,0.8427734375,85.0263671875,64.354814
64456.176,67.2802734375,1.4404296875,68.720703125,64.405
64506.061,110.775390625,0.455078125,111.23046875,64.454885
64555.735,66.6875,1.4609375,68.1484375,64.504559
64605.34,74.291015625,0.98046875,75.271484375,64.554164
64655.191,84.9609375,1.337890625,86.298828125,64.604015
64705.282,61.9150390625,1.76953125,63.6845703125,64.654106
64755.625,109.5166015625,0.939453125,110.4560546875,64.704449
64805.109,64.1103515625,1.2978515625,65.408203125,64.753933
64855.148,84.853515625,0.912109375,85.765625,64.803972
64905.347,74.3056640625,0.7578125,75.0634765625,64.85417100000001
64956.477,63.0869140625,2.6474609375,65.734375,64.905301
65007.081,107.169921875,1.875,109.044921875,64.955905
65058.379,72.12890625,2.189453125,74.318359375,65.007203
65109.184,88.8359375,2.552734375,91.388671875,65.058008
65159.981,69.44921875,2.2431640625,71.6923828125,65.108805
65209.98,65.349609375,1.6171875,66.966796875,65.158804
65261.459,98.18359375,1.255859375,99.439453125,65.210283
65311.557,78.8515625,0.9970703125,79.8486328125,65.260381
65361.142,81.3310546875,1.060546875,82.3916015625,65.309966
65411.204,83.2060546875,0.880859375,84.0869140625,65.360028
65460.76,71.611328125,1.36328125,72.974609375,65.40958400000001
65511.132,82.716796875,0.8046875,83.521484375,65.459956
65561.382,82.1962890625,0.787109375,82.9833984375,65.510206
65611.667,77.4287109375,1.3486328125,78.77734375,65.560491
65661.869,89.1318359375,0.79296875,89.9248046875,65.610693
65711.52,67.9296875,1.2548828125,69.1845703125,65.660344
65761.01,71.9189453125,0.9052734375,72.82421875,65.70983399999999
65811.653,91.9091796875,1.6357421875,93.544921875,65.760477
65861.17,68.0732421875,1.1044921875,69.177734375,65.80999399999999
65911.605,107.443359375,0.736328125,108.1796875,65.86042899999998
65961.229,60.828125,0.9580078125,61.7861328125,65.910053
66011.82,77.1328125,1.1923828125,78.3251953125,65.960644
66070.365,87.2880859375,0.845703125,88.1337890625,66.019189
66119.719,67.28515625,1.1396484375,68.4248046875,66.06854299999999
66170.162,106.619140625,0.9033203125,107.5224609375,66.11898599999999
66220.967,59.060546875,2.4482421875,61.5087890625,66.169791
66271.353,81.2998046875,2.3310546875,83.630859375,66.22017699999999
66324.903,82.83203125,2.826171875,85.658203125,66.273727
66375.884,62.53515625,2.9755859375,65.5107421875,66.324708
66426.787,105.013671875,2.1123046875,107.1259765625,66.37561099999999
66476.653,62.4658203125,1.44140625,63.9072265625,66.425477
66526.548,83.80859375,0.9580078125,84.7666015625,66.475372
66576.212,74.0322265625,1.0380859375,75.0703125,66.52503599999999
66627.932,60.3212890625,1.09375,61.4150390625,66.57675599999999
66678.041,106.1669921875,0.90625,107.0732421875,66.626865
66727.711,66.0048828125,0.7763671875,66.78125,66.67653499999999
66777.878,83.9208984375,1.3046875,85.2255859375,66.72670199999999
66827.517,72.8759765625,0.57421875,73.4501953125,66.776341
66877.865,64.9267578125,2.2421875,67.1689453125,66.826689
66928.014,99.0390625,0.7236328125,99.7626953125,66.87683799999999
66977.957,76.6591796875,1.52734375,78.1865234375,66.92678099999999
67027.642,84.23046875,0.8427734375,85.0732421875,66.976466
67077.283,75.21875,1.439453125,76.658203125,67.026107
67126.72,65.3173828125,1.146484375,66.4638671875,67.075544
67176.757,90.9814453125,1.220703125,92.2021484375,67.125581
67227.555,78.0244140625,0.99609375,79.0205078125,67.17637899999998
67276.94,78.71484375,0.8720703125,79.5869140625,67.225764
67326.771,78.8896484375,1.12109375,80.0107421875,67.27559499999998
67376.376,65.8720703125,1.2001953125,67.072265625,67.3252
67427.179,79.7548828125,1.291015625,81.0458984375,67.376003
67478.086,83.923828125,2.21875,86.142578125,67.42690999999999
67528.438,73.44140625,2.39453125,75.8359375,67.47726199999998
67579.494,91.904296875,2.3203125,94.224609375,67.528318
67629.557,66.5009765625,2.62109375,69.1220703125,67.578381
67680.275,72.95703125,2.51953125,75.4765625,67.62909899999998
67730.655,85.904296875,1.53125,87.435546875,67.67947899999999
67780.431,64.6337890625,1.3564453125,65.990234375,67.729255
67830.46,109.1484375,0.748046875,109.896484375,67.779284
67880.314,63.154296875,1.3154296875,64.4697265625,67.82913799999999
67930.291,73.568359375,1.4345703125,75.0029296875,67.87911499999998
67980.404,80.5087890625,1.330078125,81.8388671875,67.929228
68030.01,57.8076171875,0.9580078125,58.765625,67.97883399999999
68079.823,109.208984375,0.767578125,109.9765625,68.02864699999999
68129.55,65.2509765625,0.94140625,66.1923828125,68.078374
68179.38,89.3134765625,1.0703125,90.3837890625,68.128204
68229.197,72.8583984375,0.9501953125,73.80859375,68.17802099999999
68278.698,66.33984375,1.2900390625,67.6298828125,68.227522
68328.528,90.0693359375,0.65625,90.7255859375,68.277352
68378.069,77.744140625,1.25,78.994140625,68.326893
68428.192,81.919921875,0.9169921875,82.8369140625,68.37701599999998
68478.069,78.607421875,1.4140625,80.021484375,68.42689299999999
68528.101,67.19921875,1.6689453125,68.8681640625,68.476925
68578.186,77.345703125,1.203125,78.548828125,68.52700999999999
68628.015,83.7138671875,0.7353515625,84.44921875,68.57683899999999
68677.638,73.822265625,1.107421875,74.9296875,68.626462
68727.703,90.6845703125,1.1689453125,91.853515625,68.676527
68778.614,65.4775390625,2.775390625,68.2529296875,68.72743799999999
68829.278,70.84765625,2.458984375,73.306640625,68.778102
68880.765,84.359375,2.291015625,86.650390625,68.829589
68931.479,67.689453125,2.7314453125,70.4208984375,68.880303
68982.717,109.443359375,1.890625,111.333984375,68.931541
69032.675,66.833984375,1.73046875,68.564453125,68.981499
69082.537,73.2412109375,1.248046875,74.4892578125,69.03136099999999
69132.332,84.4990234375,0.63671875,85.1357421875,69.081156
69182.339,60.6064453125,1.5576171875,62.1640625,69.131163
69232.888,110.0322265625,0.6591796875,110.69140625,69.181712
69282.573,64.7919921875,1.7177734375,66.509765625,69.231397
69332.338,86.470703125,0.818359375,87.2890625,69.281162
69381.936,74.5810546875,1.388671875,75.9697265625,69.33076
69431.588,60.9951171875,1.130859375,62.1259765625,69.38041199999999
69481.561,102.34375,0.8720703125,103.2158203125,69.430385
69531.143,74.3984375,1.2373046875,75.6357421875,69.47996699999999
69581.492,85.4189453125,2.123046875,87.5419921875,69.53031599999998
69632.146,78.55859375,1.08203125,79.640625,69.58097
69681.633,66.359375,1.2490234375,67.6083984375,69.63045699999999
69731.202,90.5703125,0.8837890625,91.4541015625,69.680026
69781.051,79.298828125,1.0810546875,80.3798828125,69.729875
69830.238,78.1806640625,1.0078125,79.1884765625,69.779062
69880.478,81.9404296875,1.2880859375,83.228515625,69.829302
69929.965,64.6015625,1.0927734375,65.6943359375,69.87878899999998
69979.785,72.8642578125,1.1884765625,74.052734375,69.928609
70030.108,88.27734375,2.107421875,90.384765625,69.97893199999999
70080.716,68.2119140625,2.787109375,70.9990234375,70.02954
70131.622,109.8662109375,2.3916015625,112.2578125,70.080446
70182.125,58.0,2.544921875,60.544921875,70.13094899999999
70232.77,83.5537109375,2.466796875,86.0205078125,70.181594
70283.273,81.5498046875,1.693359375,83.2431640625,70.232097
70333.163,62.6455078125,1.3291015625,63.974609375,70.28198699999999
70383.218,102.251953125,1.04296875,103.294921875,70.33204199999999
70432.925,69.0009765625,1.021484375,70.0224609375,70.381749
70482.765,83.7646484375,1.4267578125,85.19140625,70.43158899999999
70532.52,78.3701171875,0.8544921875,79.224609375,70.48134399999999
70582.559,67.0849609375,1.4423828125,68.52734375,70.53138299999999
70632.9,91.1318359375,1.06640625,92.1982421875,70.581724
70683.033,78.5380859375,1.8896484375,80.427734375,70.63185699999998
70732.55,78.03515625,1.0224609375,79.0576171875,70.68137399999999
70782.837,83.3994140625,1.423828125,84.8232421875,70.73166099999999
70832.364,69.0986328125,1.0927734375,70.19140625,70.781188
70882.114,79.84765625,0.9462890625,80.7939453125,70.83093799999999
70931.579,85.107421875,1.1142578125,86.2216796875,70.88040299999999
70981.621,71.939453125,1.2099609375,73.1494140625,70.93044499999999
71031.65,100.482421875,0.912109375,101.39453125,70.98047399999999
71082.438,64.759765625,1.392578125,66.15234375,71.03126199999998
71132.011,71.705078125,1.1904296875,72.8955078125,71.080835
71182.101,85.1669921875,1.7861328125,86.953125,71.13092499999999
71231.751,65.0390625,1.6259765625,66.6650390625,71.18057499999999
71281.919,108.978515625,1.0234375,110.001953125,71.23074299999999
71334.77,73.5029296875,2.23046875,75.7333984375,71.283594
71386.461,77.2470703125,2.412109375,79.6591796875,71.33528499999998
71437.1,78.1845703125,2.5751953125,80.759765625,71.385924
71487.543,62.3505859375,2.955078125,65.3056640625,71.436367
71538.096,108.568359375,1.6298828125,110.1982421875,71.48692
71587.67,68.2412109375,1.564453125,69.8056640625,71.53649399999999
71638.218,89.2734375,0.8125,90.0859375,71.58704199999998
71690.385,74.953125,1.0185546875,75.9716796875,71.639209
71740.607,58.9482421875,2.0048828125,60.953125,71.689431
71790.569,106.7783203125,0.8583984375,107.63671875,71.73939299999999
71840.391,67.1904296875,1.0068359375,68.197265625,71.789215
71890.251,85.3759765625,1.216796875,86.5927734375,71.839075
71940.409,69.17578125,0.794921875,69.970703125,71.88923299999999
71990.746,63.6513671875,1.48828125,65.1396484375,71.93956999999999
72041.04,97.6650390625,0.91015625,98.5751953125,71.98986399999998
72090.672,75.177734375,1.162109375,76.33984375,72.039496
72140.647,83.76953125,1.052734375,84.822265625,72.08947099999999
72190.265,78.779296875,0.7412109375,79.5205078125,72.139089
72240.43,70.6689453125,2.0263671875,72.6953125,72.18925399999999
72290.411,88.5126953125,1.291015625,89.8037109375,72.23923499999998
72340.791,81.9931640625,1.416015625,83.4091796875,72.289615
72390.524,77.92578125,1.0615234375,78.9873046875,72.339348
72441.026,85.23046875,1.140625,86.37109375,72.38985
72490.579,67.9638671875,1.3828125,69.3466796875,72.43940299999998
72541.359,83.146484375,1.322265625,84.46875,72.49018299999999
72592.79,86.1796875,2.306640625,88.486328125,72.54161399999998
72643.652,72.443359375,2.5048828125,74.9482421875,72.59247599999999
72695.291,91.69140625,2.146484375,93.837890625,72.64411499999999
72746.146,66.7041015625,2.951171875,69.6552734375,72.69496999999998
72799.013,73.7998046875,2.40234375,76.2021484375,72.747837
72848.927,82.83203125,1.5126953125,84.3447265625,72.79775099999999
72898.448,70.7744140625,1.0087890625,71.783203125,72.847272
72948.62,98.65625,1.041015625,99.697265625,72.897444
72998.063,65.24609375,1.3369140625,66.5830078125,72.94688699999999
73047.85,76.53515625,1.2275390625,77.7626953125,72.996674
73099.443,87.2841796875,1.0732421875,88.357421875,73.048267
73148.726,66.4482421875,1.017578125,67.4658203125,73.09754999999998
73198.859,108.5390625,0.6943359375,109.2333984375,73.14768299999999
73248.65,66.1171875,1.3486328125,67.4658203125,73.19747399999999
73298.741,72.916015625,0.8720703125,73.7880859375,73.247565
73349.433,84.6474609375,1.65625,86.3037109375,73.29825699999999
73399.2,60.1904296875,1.1494140625,61.33984375,73.348024
73449.396,108.56640625,0.72265625,109.2890625,73.39821999999998
73499.43,65.9521484375,0.978515625,66.9306640625,73.44825399999999
73549.459,90.5439453125,1.0107421875,91.5546875,73.498283
73599.14,71.67578125,1.2021484375,72.8779296875,73.547964
73648.924,63.4169921875,1.189453125,64.6064453125,73.597748
73698.753,97.7236328125,0.7626953125,98.486328125,73.64757699999998
73748.552,77.1484375,1.5009765625,78.6494140625,73.69737599999999
73798.213,81.5263671875,0.8974609375,82.423828125,73.74703699999999
73848.744,81.5966796875,2.3037109375,83.900390625,73.797568
73900.08,67.8916015625,2.9931640625,70.884765625,73.84890399999999
73951.663,86.7802734375,2.12890625,88.9091796875,73.900487
74002.868,79.5078125,2.35546875,81.86328125,73.951692
74054.267,79.3544921875,2.6728515625,82.02734375,74.003091
74105.766,90.017578125,1.2138671875,91.2314453125,74.05458999999999
74155.104,68.083984375,1.5888671875,69.6728515625,74.103928
74204.572,79.0068359375,0.8828125,79.8896484375,74.15339599999999
74254.356,89.904296875,1.1240234375,91.0283203125,74.20317999999999
74304.014,70.3876953125,1.078125,71.4658203125,74.25283799999998
74353.822,103.412109375,0.8125,104.224609375,74.302646
74405.521,66.9365234375,1.59375,68.5302734375,74.35434499999998
74455.804,69.5556640625,1.64453125,71.2001953125,74.404628
74505.823,89.5869140625,0.8623046875,90.44921875,74.454647
74555.455,63.9833984375,1.291015625,65.2744140625,74.504279
74606.776,116.234375,1.07421875,117.30859375,74.5556
74656.472,65.3330078125,0.9501953125,66.283203125,74.60529599999998
74707.085,73.5166015625,1.0224609375,74.5390625,74.655909
74757.068,79.1337890625,1.0087890625,80.142578125,74.70589199999999
74806.511,60.1943359375,1.306640625,61.5009765625,74.75533499999999
74856.591,106.8701171875,0.669921875,107.5400390625,74.805415
74906.138,69.5419921875,0.93359375,70.4755859375,74.854962
74956.032,85.40625,2.056640625,87.462890625,74.904856
75006.685,75.4228515625,1.423828125,76.8466796875,74.95550899999999
75056.024,64.68359375,1.3037109375,65.9873046875,75.004848
75106.353,99.8330078125,1.673828125,101.5068359375,75.055177
75156.61,74.767578125,2.30078125,77.068359375,75.10543399999999
75207.247,83.9638671875,2.5341796875,86.498046875,75.156071
75258.096,75.044921875,2.353515625,77.3984375,75.20692
75308.235,70.861328125,3.0693359375,73.9306640625,75.257059
75359.573,86.0107421875,1.3916015625,87.40234375,75.308397
75409.592,77.921875,1.306640625,79.228515625,75.35841599999999
75459.261,78.8115234375,0.9697265625,79.78125,75.40808499999999
75509.965,84.78515625,2.076171875,86.861328125,75.458789
75559.393,65.3095703125,1.14453125,66.4541015625,75.50821699999999
75609.185,81.3212890625,0.8974609375,82.21875,75.55800899999998
75658.932,85.2763671875,1.111328125,86.3876953125,75.607756
75708.579,69.8935546875,1.1142578125,71.0078125,75.65740299999999
75758.458,103.720703125,0.7958984375,104.5166015625,75.70728199999999
75807.968,67.7548828125,1.388671875,69.1435546875,75.75679199999999
75857.945,72.484375,0.966796875,73.451171875,75.806769
75908.055,85.5283203125,1.4306640625,86.958984375,75.85687899999999
75957.88,64.5537109375,1.2939453125,65.84765625,75.906704
76008.039,108.79296875,0.9814453125,109.7744140625,75.956863
76058.159,63.68359375,1.591796875,65.275390625,76.00698299999999
76108.359,72.6474609375,1.21484375,73.8623046875,76.057183
76160.107,85.875,0.732421875,86.607421875,76.108931
76210.224,64.6982421875,1.5283203125,66.2265625,76.159048
76260.4,107.19921875,0.7734375,107.97265625,76.20922399999999
76309.969,58.3740234375,1.1728515625,59.546875,76.258793
76359.819,87.84375,1.2841796875,89.1279296875,76.30864299999999
76410.696,69.8994140625,2.1337890625,72.033203125,76.35951999999999
76461.105,67.333984375,2.8037109375,70.1376953125,76.40992899999999
76512.045,89.4306640625,2.1767578125,91.607421875,76.46086899999999
76563.867,79.9501953125,3.0419921875,82.9921875,76.51269099999999
76615.527,82.4345703125,2.5498046875,84.984375,76.564351
76665.39,71.75,1.08203125,72.83203125,76.61421399999999
76715.634,69.4755859375,1.6513671875,71.126953125,76.664458
76765.752,87.2099609375,0.74609375,87.9560546875,76.71457599999998
76816.155,80.810546875,1.4658203125,82.2763671875,76.764979
76865.858,78.7880859375,0.8955078125,79.68359375,76.81468199999999
76916.65,83.1337890625,1.046875,84.1806640625,76.86547399999999
76966.47,71.1748046875,1.3603515625,72.53515625,76.91529399999999
77016.499,83.193359375,0.8525390625,84.0458984375,76.96532299999998
77066.084,85.439453125,1.0693359375,86.5087890625,77.01490799999999
77116.345,73.5791015625,1.8291015625,75.408203125,77.065169
77167.693,88.681640625,0.490234375,89.171875,77.11651699999999
77217.307,66.7548828125,1.5341796875,68.2890625,77.166131
77267.775,75.1240234375,0.76171875,75.8857421875,77.21659899999999
77318.476,88.4296875,1.421875,89.8515625,77.26729999999999
77368.461,72.4296875,0.7607421875,73.1904296875,77.31728499999998
77418.532,94.611328125,1.0615234375,95.6728515625,77.367356
77468.11,68.3408203125,1.1884765625,69.529296875,77.416934
77517.962,71.322265625,1.158203125,72.48046875,77.466786
77567.997,91.34765625,0.7578125,92.10546875,77.516821
77617.687,67.3916015625,1.31640625,68.7080078125,77.566511
77668.863,109.52734375,2.5400390625,112.0673828125,77.61768699999999
77719.612,66.7607421875,2.265625,69.0263671875,77.66843599999999
77770.166,75.458984375,2.4482421875,77.9072265625,77.71898999999999
77823.061,84.166015625,2.12890625,86.294921875,77.771885
77873.387,61.201171875,2.9697265625,64.1708984375,77.822211
77924.082,108.9404296875,1.154296875,110.0947265625,77.87290599999999
77974.151,64.435546875,1.314453125,65.75,77.922975
78023.63,85.5283203125,1.0830078125,86.611328125,77.972454
78073.507,74.9560546875,0.8720703125,75.828125,78.022331
78122.955,64.4482421875,1.3349609375,65.783203125,78.07177899999999
78172.932,93.8623046875,1.2109375,95.0732421875,78.12175599999999
78222.918,74.3173828125,1.30859375,75.6259765625,78.171742
78272.501,83.837890625,1.2998046875,85.1376953125,78.221325
78322.335,70.09375,1.25,71.34375,78.271159
78371.983,66.3115234375,1.3525390625,67.6640625,78.32080699999999
78422.449,87.873046875,0.69140625,88.564453125,78.37127299999999
78472.462,83.064453125,1.044921875,84.109375,78.421286
78522.573,80.2587890625,1.091796875,81.3505859375,78.471397
78572.994,90.6591796875,1.1904296875,91.849609375,78.521818
78622.99,65.24609375,1.0888671875,66.3349609375,78.571814
78673.771,83.2822265625,0.900390625,84.1826171875,78.62259499999999
78723.793,84.5166015625,1.3828125,85.8994140625,78.672617
78773.802,73.7744140625,1.33984375,75.1142578125,78.72262599999999
78823.879,92.6806640625,0.85546875,93.5361328125,78.77270299999999
78873.358,67.9833984375,1.13671875,69.1201171875,78.82218199999998
78923.437,71.498046875,1.6953125,73.193359375,78.872261
78974.802,83.90625,2.23828125,86.14453125,78.92362599999998
79025.887,70.7607421875,2.48828125,73.2490234375,78.974711
79076.659,108.5771484375,2.103515625,110.6806640625,79.025483
79127.017,59.8798828125,2.4091796875,62.2890625,79.075841
79178.13,72.0869140625,2.587890625,74.6748046875,79.126954
79227.837,74.7958984375,0.78515625,75.5810546875,79.176661
79277.566,58.701171875,2.1826171875,60.8837890625,79.22639
79328.394,107.84375,1.013671875,108.857421875,79.27721799999999
79378.337,69.4580078125,1.01953125,70.4775390625,79.32716099999999
79428.615,84.9130859375,0.8974609375,85.810546875,79.377439
79478.468,73.7783203125,1.05078125,74.8291015625,79.42729199999998
79528.025,63.1328125,1.19140625,64.32421875,79.47684899999999
79578.499,94.41796875,1.1357421875,95.5537109375,79.527323
79627.96,73.166015625,1.017578125,74.18359375,79.576784
79677.692,81.64453125,1.2734375,82.91796875,79.626516
79727.823,74.2265625,0.8291015625,75.0556640625,79.676647
79777.575,69.263671875,1.7685546875,71.0322265625,79.72639899999999
79827.578,83.28515625,1.3818359375,84.6669921875,79.77640199999999
79877.936,79.98046875,1.185546875,81.166015625,79.82676
79927.644,76.44140625,1.01953125,77.4609375,79.87646799999999
79977.719,88.1982421875,1.1005859375,89.298828125,79.926543
80027.609,70.048828125,1.4169921875,71.4658203125,79.97643299999999
80077.539,77.6826171875,1.0341796875,78.716796875,80.026363
80127.455,89.6591796875,0.728515625,90.3876953125,80.076279
80177.384,69.4384765625,1.3701171875,70.80859375,80.126208
80227.973,102.619140625,1.7666015625,104.3857421875,80.176797
80278.574,67.9462890625,2.5673828125,70.513671875,80.22739799999998
80329.541,73.64453125,3.041015625,76.685546875,80.278365
80380.666,86.208984375,2.4375,88.646484375,80.32948999999999
80431.366,65.1162109375,2.90234375,68.0185546875,80.38018999999998
80482.302,109.6611328125,0.83203125,110.4931640625,80.43112599999999
80531.987,63.4404296875,1.2451171875,64.685546875,80.48081099999999
80582.013,82.9267578125,0.970703125,83.8974609375,80.530837
80631.683,80.57421875,1.1044921875,81.6787109375,80.580507
80681.53,61.6669921875,1.2900390625,62.95703125,80.630354
80732.149,107.7412109375,0.7177734375,108.458984375,80.680973
80781.801,68.5322265625,1.3935546875,69.92578125,80.730625
80831.81,91.1796875,1.0322265625,92.2119140625,80.78063399999999
80882.09,68.1455078125,1.84375,69.9892578125,80.83091399999999
80931.898,61.71875,1.3115234375,63.0302734375,80.88072199999999
80982.364,97.255859375,0.8642578125,98.1201171875,80.93118799999999
81032.091,73.7060546875,0.7548828125,74.4609375,80.980915
81082.455,83.310546875,1.103515625,84.4140625,81.031279
81132.176,76.5380859375,0.53125,77.0693359375,81.081
81182.27,69.6298828125,1.4873046875,71.1171875,81.13109399999999
81231.923,88.46875,0.646484375,89.115234375,81.18074699999998
81282.084,81.8642578125,1.1630859375,83.02734375,81.230908
81332.083,79.1416015625,1.2255859375,80.3671875,81.28090699999998
81382.512,89.57421875,0.92578125,90.5,81.331336
81433.127,67.19921875,1.8369140625,69.0361328125,81.38195099999999
81485.637,86.7880859375,1.69140625,88.4794921875,81.434461
81536.916,81.7822265625,2.4638671875,84.24609375,81.48573999999999
81587.556,77.1376953125,2.49609375,79.6337890625,81.53638
81639.024,82.822265625,2.60546875,85.427734375,81.587848
81690.081,68.75,2.75390625,71.50390625,81.638905
81740.509,76.1767578125,1.693359375,77.8701171875,81.689333
81790.207,89.455078125,1.0703125,90.525390625,81.73903099999998
81839.969,70.0947265625,1.12109375,71.2158203125,81.78879299999998
81889.934,103.5673828125,0.671875,104.2392578125,81.83875799999998
81940.03,63.69140625,1.677734375,65.369140625,81.888854
81990.375,74.23046875,1.6552734375,75.8857421875,81.93919899999999
82040.616,84.7333984375,0.970703125,85.7041015625,81.98943999999999
82090.266,66.5703125,1.12109375,67.69140625,82.03909
82140.915,111.5830078125,0.9716796875,112.5546875,82.08973899999998
82191.584,61.42578125,1.365234375,62.791015625,82.140408
82241.798,76.9814453125,0.7900390625,77.771484375,82.19062199999999
82291.342,82.1689453125,0.6337890625,82.802734375,82.240166
82341.254,62.408203125,1.591796875,64.0,82.290078
82392.038,112.5712890625,0.8427734375,113.4140625,82.34086199999999
82442.623,64.609375,1.4462890625,66.0556640625,82.391447
82492.819,78.201171875,1.3876953125,79.5888671875,82.441643
82543.127,70.66015625,1.39453125,72.0546875,82.49195099999999
82592.84,60.9404296875,1.142578125,62.0830078125,82.54166399999998
82643.083,98.5888671875,1.0791015625,99.66796875,82.59190699999999
82692.718,69.9150390625,0.96484375,70.8798828125,82.64154199999999
82742.984,85.267578125,1.3681640625,86.6357421875,82.691808
82793.641,67.12109375,2.3212890625,69.4423828125,82.742465
82843.967,66.083984375,2.8154296875,68.8994140625,82.792791
82895.168,93.9912109375,1.9638671875,95.955078125,82.843992
82946.967,78.6494140625,2.3740234375,81.0234375,82.895791
82997.359,84.802734375,2.416015625,87.21875,82.94618299999999
83048.251,79.6357421875,2.1279296875,81.763671875,82.997075
83097.89,66.380859375,1.12890625,67.509765625,83.046714
83147.786,87.916015625,1.1669921875,89.0830078125,83.09660999999998
83197.638,80.220703125,0.9609375,81.181640625,83.146462
83248.425,78.6259765625,1.455078125,80.0810546875,83.197249
83298.257,89.2705078125,0.9169921875,90.1875,83.247081
83348.135,69.0361328125,1.826171875,70.8623046875,83.29695899999999
83398.163,78.0498046875,0.9111328125,78.9609375,83.346987
83448.479,84.5625,1.595703125,86.158203125,83.397303
83498.123,71.5927734375,0.8974609375,72.490234375,83.446947
83548.944,95.22265625,0.9228515625,96.1455078125,83.497768
83599.109,69.58203125,1.6630859375,71.2451171875,83.54793299999999
83649.002,69.6015625,0.873046875,70.474609375,83.59782599999998
83698.746,92.3828125,1.0673828125,93.4501953125,83.64756999999999
83748.461,66.01171875,1.30078125,67.3125,83.697285
83798.596,104.1640625,0.61328125,104.77734375,83.74742
83848.32,62.2861328125,1.435546875,63.7216796875,83.797144
83897.88,76.9609375,0.91796875,77.87890625,83.846704
83947.927,78.9404296875,0.9521484375,79.892578125,83.896751
83997.894,62.8935546875,1.40625,64.2998046875,83.94671799999999
84048.661,105.2587890625,2.1337890625,107.392578125,83.99748499999998
84100.421,65.880859375,2.310546875,68.19140625,84.049245
84151.06,80.861328125,2.9736328125,83.8349609375,84.09988399999999
84201.624,77.0107421875,2.6259765625,79.63671875,84.15044799999998
84252.34,58.9677734375,2.55859375,61.5263671875,84.20116399999999
84302.727,109.58203125,1.212890625,110.794921875,84.25155099999999
84352.946,65.53515625,1.5185546875,67.0537109375,84.30176999999999
84403.035,86.263671875,0.9658203125,87.2294921875,84.35185899999999
84453.854,77.7939453125,0.9970703125,78.791015625,84.402678
84503.347,64.9345703125,1.0771484375,66.01171875,84.45217099999999
84553.39,100.7734375,0.931640625,101.705078125,84.502214
84602.825,75.2294921875,1.1435546875,76.373046875,84.55164899999998
84652.799,84.2529296875,1.7060546875,85.958984375,84.60162299999999
84702.992,76.3408203125,1.0439453125,77.384765625,84.651816
84752.937,68.7099609375,1.7158203125,70.42578125,84.701761
84802.793,85.9130859375,0.7509765625,86.6640625,84.751617
84852.815,78.5537109375,1.26953125,79.8232421875,84.801639
84902.472,75.373046875,0.9189453125,76.2919921875,84.85129599999999
84953.114,85.7158203125,1.041015625,86.7568359375,84.901938
85002.418,67.7314453125,1.3134765625,69.044921875,84.951242
85052.488,71.3857421875,0.9951171875,72.380859375,85.00131199999998
85102.1,84.87890625,0.8583984375,85.7373046875,85.050924
85151.937,68.62890625,0.990234375,69.619140625,85.100761
85203.007,106.1376953125,1.58984375,107.7275390625,85.15183099999999
85252.662,67.6396484375,1.47265625,69.1123046875,85.20148599999999
85304.679,70.9296875,1.8544921875,72.7841796875,85.253503
85356.22,83.7001953125,2.5859375,86.2861328125,85.305044
85406.533,63.8203125,2.6748046875,66.4951171875,85.35535699999998
85457.725,103.1181640625,2.1005859375,105.21875,85.406549
85508.19,63.8349609375,2.697265625,66.5322265625,85.457014
85558.708,79.8671875,2.0771484375,81.9443359375,85.507532
85608.418,81.482421875,0.970703125,82.453125,85.557242
85658.125,62.103515625,1.310546875,63.4140625,85.606949
85708.215,104.0625,0.794921875,104.857421875,85.65703899999998
85758.388,68.9677734375,1.7353515625,70.703125,85.707212
85808.306,84.783203125,1.2021484375,85.9853515625,85.75712999999999
85858.017,71.5712890625,1.1513671875,72.72265625,85.806841
85907.669,65.4775390625,1.2060546875,66.68359375,85.85649299999999
85957.594,91.798828125,0.88671875,92.685546875,85.90641799999999
86007.247,76.2841796875,0.947265625,77.2314453125,85.956071
86057.701,79.78125,1.146484375,80.927734375,86.006525
86107.511,79.7216796875,0.9658203125,80.6875,86.05633499999999
86157.223,71.68359375,1.3857421875,73.0693359375,86.10604699999999
86207.339,80.462890625,0.9248046875,81.3876953125,86.156163
86257.44,85.845703125,1.349609375,87.1953125,86.20626399999999
86307.697,72.4599609375,1.8193359375,74.279296875,86.25652099999999
86357.757,93.3134765625,0.9853515625,94.298828125,86.306581
86407.523,67.29296875,1.640625,68.93359375,86.356347
86457.237,73.357421875,0.9326171875,74.2900390625,86.406061
86506.904,91.0869140625,1.4892578125,92.576171875,86.455728
86556.528,67.6884765625,1.3701171875,69.05859375,86.505352
86607.707,105.5615234375,1.8876953125,107.44921875,86.55653099999999
86658.008,64.837890625,2.458984375,67.296875,86.606832
86709.72,77.1455078125,2.619140625,79.7646484375,86.65854399999999
86760.287,74.4892578125,2.306640625,76.7958984375,86.709111
86811.265,63.1904296875,3.1845703125,66.375,86.760089
86862.788,98.525390625,0.73828125,99.263671875,86.811612
86912.56,69.76171875,1.0751953125,70.8369140625,86.86138399999999
86962.227,86.78125,0.9482421875,87.7294921875,86.91105099999999
87012.379,68.4267578125,1.5400390625,69.966796875,86.961203
87061.968,66.2998046875,1.197265625,67.4970703125,87.01079199999998
87111.949,88.693359375,1.20703125,89.900390625,87.06077299999998
87162.312,76.603515625,0.6748046875,77.2783203125,87.111136
87211.997,80.017578125,1.4853515625,81.5029296875,87.160821
87263.269,79.2568359375,0.9501953125,80.20703125,87.212093
87312.775,67.0380859375,1.177734375,68.2158203125,87.26159899999999
87363.277,78.47265625,1.70703125,80.1796875,87.312101
87413.818,81.7109375,1.40625,83.1171875,87.362642
87463.081,72.5068359375,0.9404296875,73.447265625,87.411905
87512.995,93.828125,1.0009765625,94.8291015625,87.46181899999999
87562.367,62.8857421875,1.3818359375,64.267578125,87.511191
87612.287,75.6904296875,1.138671875,76.8291015625,87.561111
87662.074,83.138671875,0.86328125,84.001953125,87.61089799999999
87711.573,65.400390625,1.40625,66.806640625,87.660397
87761.509,107.57421875,0.638671875,108.212890625,87.710333
87811.368,60.939453125,0.9716796875,61.9111328125,87.76019199999999
87861.963,76.0087890625,2.4423828125,78.451171875,87.81078699999999
87912.944,76.1533203125,2.9609375,79.1142578125,87.861768
87963.328,59.4560546875,2.697265625,62.1533203125,87.91215199999999
88014.859,106.220703125,2.236328125,108.45703125,87.96368299999999
88065.508,66.16796875,2.6259765625,68.7939453125,88.014332
88115.691,89.4365234375,1.4580078125,90.89453125,88.064515
88165.482,69.4384765625,1.359375,70.7978515625,88.114306
88214.881,64.2578125,1.2021484375,65.4599609375,88.163705
88264.558,96.63671875,0.689453125,97.326171875,88.213382
88314.293,77.837890625,1.7021484375,79.5400390625,88.263117
88363.89,81.2080078125,0.9169921875,82.125,88.312714
88414.252,82.10546875,1.486328125,83.591796875,88.36307599999999
88464.51,66.369140625,1.53515625,67.904296875,88.41333399999999
88514.972,80.6435546875,1.2451171875,81.888671875,88.46379599999999
88564.699,84.55078125,0.9423828125,85.4931640625,88.51352299999999
88614.833,74.158203125,1.2666015625,75.4248046875,88.56365699999999
88664.965,96.5498046875,0.61328125,97.1630859375,88.61378899999998
88714.465,69.578125,1.4482421875,71.0263671875,88.66328899999999
88764.438,70.6826171875,0.8505859375,71.533203125,88.71326199999999
88814.218,92.650390625,1.09375,93.744140625,88.76304199999998
88863.899,68.283203125,1.091796875,69.375,88.81272299999999
88914.14,107.6689453125,0.8369140625,108.505859375,88.86296399999999
88963.98,64.609375,1.904296875,66.513671875,88.912804
89014.751,77.56640625,1.0517578125,78.6181640625,88.96357499999999
89064.914,86.5341796875,0.748046875,87.2822265625,89.013738
89115.039,67.6064453125,2.2314453125,69.837890625,89.063863
89165.895,108.2080078125,1.908203125,110.1162109375,89.114719
89216.644,63.3564453125,2.46875,65.8251953125,89.16546799999999
89267.428,84.9609375,2.0849609375,87.0458984375,89.216252
89321.143,82.7080078125,2.330078125,85.0380859375,89.269967
89372.126,62.578125,2.232421875,64.810546875,89.32095
89422.425,109.5,0.6865234375,110.1865234375,89.37124899999999
89472.899,67.1982421875,1.26171875,68.4599609375,89.421723
89522.923,85.751953125,1.3837890625,87.1357421875,89.471747
89574.471,73.6083984375,1.0576171875,74.666015625,89.523295
89624.326,64.3447265625,1.388671875,65.7333984375,89.57315
89673.861,96.5517578125,0.732421875,97.2841796875,89.622685
89723.657,73.0966796875,0.9130859375,74.009765625,89.672481
89773.779,84.076171875,0.892578125,84.96875,89.72260299999999
89825.255,78.2236328125,1.005859375,79.2294921875,89.774079
89874.962,64.7900390625,1.4638671875,66.25390625,89.823786
89926.01,96.0576171875,0.712890625,96.7705078125,89.87483399999999
89976.613,79.58203125,1.0576171875,80.6396484375,89.92543699999999
90026.616,80.7646484375,1.4111328125,82.17578125,89.97543999999999
90077.306,79.404296875,1.7275390625,81.1318359375,90.02613
90127.133,67.1162109375,1.2626953125,68.37890625,90.07595699999999
90177.28,83.501953125,0.998046875,84.5,90.126104
90227.68,79.7685546875,0.8173828125,80.5859375,90.17650399999998
90278.144,78.51953125,1.482421875,80.001953125,90.226968
90328.181,87.1328125,1.0322265625,88.1650390625,90.27700499999999
90378.147,69.15234375,1.9501953125,71.1025390625,90.32697099999999
90429.292,72.83203125,2.3994140625,75.2314453125,90.37811599999999
90479.505,87.83984375,2.3818359375,90.2216796875,90.42832899999999
90530.062,69.533203125,2.7412109375,72.2744140625,90.478886
90581.223,107.951171875,2.5751953125,110.5263671875,90.530047
90633.007,64.0703125,2.38671875,66.45703125,90.581831
90682.918,71.4072265625,1.263671875,72.6708984375,90.631742
90732.697,84.5615234375,0.587890625,85.1494140625,90.68152099999999
90782.323,64.365234375,1.6220703125,65.9873046875,90.73114699999999
90832.262,109.9794921875,0.578125,110.5576171875,90.781086
90881.982,64.6259765625,1.6513671875,66.27734375,90.830806
90931.946,80.3955078125,0.9443359375,81.33984375,90.88076999999998
90981.715,77.4296875,1.5654296875,78.9951171875,90.930539
91030.899,60.1982421875,1.1591796875,61.357421875,90.97972299999999
91081.296,107.158203125,0.8505859375,108.0087890625,91.03012
91132.137,68.7919921875,1.78125,70.5732421875,91.080961
91182.269,85.3076171875,1.482421875,86.7900390625,91.13109299999999
91232.027,76.4130859375,0.7822265625,77.1953125,91.18085099999999
91281.577,64.9248046875,1.4296875,66.3544921875,91.230401
91331.344,96.7099609375,0.8076171875,97.517578125,91.28016799999999
91381.07,75.2041015625,0.830078125,76.0341796875,91.329894
91430.976,85.009765625,1.3486328125,86.3583984375,91.37979999999999
91482.762,73.8662109375,1.203125,75.0693359375,91.431586
91532.318,63.7578125,1.0869140625,64.8447265625,91.48114199999999
91581.928,92.9560546875,1.205078125,94.1611328125,91.53075199999999
91633.317,78.091796875,1.55078125,79.642578125,91.582141
91683.836,79.375,2.87109375,82.24609375,91.63265999999999
91734.325,83.095703125,2.8193359375,85.9150390625,91.68314899999999
91785.53,67.8017578125,2.8623046875,70.6640625,91.734354
91836.239,79.806640625,2.1044921875,81.9111328125,91.785063
91887.171,88.2177734375,2.5146484375,90.732421875,91.835995
91937.201,69.9462890625,1.2958984375,71.2421875,91.88602499999999
91987.676,96.7568359375,1.0556640625,97.8125,91.9365
92037.207,62.740234375,1.205078125,63.9453125,91.98603099999998
92087.17,73.6552734375,1.1259765625,74.78125,92.03599399999999
92136.957,82.4951171875,0.7451171875,83.240234375,92.08578099999998
92187.168,66.69140625,1.8017578125,68.4931640625,92.135992
92237.416,105.9296875,1.1513671875,107.0810546875,92.18623999999998
92286.983,59.52734375,1.3251953125,60.8525390625,92.23580699999998
92336.775,78.5322265625,1.009765625,79.5419921875,92.28559899999999
92386.494,76.1484375,1.4765625,77.625,92.335318
92435.956,59.8671875,1.408203125,61.275390625,92.38477999999999
92486.159,108.45703125,0.7294921875,109.1865234375,92.43498299999999
92535.785,66.5078125,1.3427734375,67.8505859375,92.48460899999999
92585.34,89.2431640625,0.9580078125,90.201171875,92.53416399999999
92634.955,70.2861328125,0.896484375,71.1826171875,92.58377899999999
92684.687,64.2138671875,1.6962890625,65.91015625,92.633511
92737.881,98.568359375,1.193359375,99.76171875,92.68670499999999
92788.734,72.48828125,1.3017578125,73.7900390625,92.73755799999999
92838.545,84.53125,1.2509765625,85.7822265625,92.787369
92888.564,73.888671875,0.6357421875,74.5244140625,92.83738799999999
92938.527,69.7666015625,2.537109375,72.3037109375,92.887351
92989.415,82.7060546875,2.013671875,84.7197265625,92.93823899999998
93040.321,78.6669921875,2.3818359375,81.048828125,92.989145
93090.677,75.1572265625,2.3876953125,77.544921875,93.03950099999999
93142.107,86.3583984375,2.2626953125,88.62109375,93.090931
93191.953,66.0595703125,2.056640625,68.1162109375,93.14077699999999
93241.415,73.9375,0.876953125,74.814453125,93.19023899999999
93291.542,84.4658203125,1.8779296875,86.34375,93.240366
93340.972,65.1240234375,1.310546875,66.4345703125,93.28979599999998
93391.597,106.9248046875,0.71484375,107.6396484375,93.34042099999999
93441.373,63.099609375,1.3349609375,64.4345703125,93.390197
93491.35,72.4208984375,1.0693359375,73.490234375,93.440174
93541.346,77.9248046875,0.7060546875,78.630859375,93.49016999999999
93591.105,58.8291015625,1.1083984375,59.9375,93.53992899999999
93641.219,102.6630859375,0.837890625,103.5009765625,93.590043
93690.863,66.298828125,0.7861328125,67.0849609375,93.639687
93740.828,87.4052734375,1.1904296875,88.595703125,93.68965199999998
93790.912,68.65234375,0.76171875,69.4140625,93.739736
93840.854,64.23828125,2.001953125,66.240234375,93.789678
93890.481,93.5615234375,0.6943359375,94.255859375,93.839305
93940.271,71.703125,1.068359375,72.771484375,93.88909499999998
93989.889,81.6103515625,0.943359375,82.5537109375,93.93871299999999
94039.735,77.2119140625,1.5625,78.7744140625,93.988559
94089.284,69.2392578125,1.3056640625,70.544921875,94.038108
94139.914,83.2294921875,0.94140625,84.1708984375,94.08873799999999
94189.955,85.2978515625,1.8369140625,87.134765625,94.138779
94240.439,76.259765625,2.654296875,78.9140625,94.189263
94291.047,94.5166015625,1.8857421875,96.40234375,94.239871
94342.316,68.896484375,2.9638671875,71.8603515625,94.29114
94392.964,73.6279296875,2.7998046875,76.427734375,94.341788
94444.267,90.3037109375,2.49609375,92.7998046875,94.393091
94494.121,69.0712890625,1.0908203125,70.162109375,94.442945
94544.293,103.142578125,0.998046875,104.140625,94.493117
94594.202,60.4873046875,1.404296875,61.8916015625,94.543026
94645.833,75.63671875,1.1767578125,76.8134765625,94.594657
94695.283,85.28125,1.125,86.40625,94.64410699999999
94744.868,63.7802734375,1.2763671875,65.056640625,94.693692
94794.756,111.2431640625,0.6923828125,111.935546875,94.74357999999998
94844.737,59.97265625,1.279296875,61.251953125,94.79356099999998
94894.686,78.7802734375,1.6064453125,80.38671875,94.84351
94944.556,76.0595703125,1.4873046875,77.546875,94.89338
94994.24,56.9453125,1.3994140625,58.3447265625,94.94306399999999
95045.244,109.0263671875,0.919921875,109.9462890625,94.994068
95094.987,65.2080078125,1.017578125,66.2255859375,95.04381099999999
95144.978,87.375,0.978515625,88.353515625,95.093802
95195.169,67.603515625,0.833984375,68.4375,95.143993
95245.112,64.43359375,1.537109375,65.970703125,95.193936
95295.028,97.0791015625,0.908203125,97.9873046875,95.243852
95344.707,74.9951171875,1.1328125,76.1279296875,95.29353099999999
95394.79,85.6435546875,1.1142578125,86.7578125,95.34361399999999
95445.37,72.9619140625,1.865234375,74.8271484375,95.39419399999998
95496.015,67.8896484375,2.7646484375,70.654296875,95.44483899999999
95546.754,83.62890625,2.279296875,85.908203125,95.495578
95597.636,81.2197265625,2.208984375,83.4287109375,95.54646
95651.055,83.2548828125,2.4892578125,85.744140625,95.59987899999999
95703.109,78.9306640625,2.0947265625,81.025390625,95.65193299999999
95752.712,68.3857421875,1.529296875,69.9150390625,95.70153599999999
95802.515,84.5390625,0.9052734375,85.4443359375,95.75133899999999
95852.32,84.005859375,1.3720703125,85.3779296875,95.801144
95902.071,74.052734375,1.23828125,75.291015625,95.850895
95952.62,91.6259765625,1.36328125,92.9892578125,95.90144399999998
96002.584,63.7431640625,1.8251953125,65.568359375,95.951408
96052.454,74.7451171875,0.876953125,75.6220703125,96.00127799999999
96102.188,87.6201171875,1.353515625,88.9736328125,96.05101199999999
96152.425,67.517578125,1.1689453125,68.6865234375,96.101249
96203.355,105.6689453125,0.6025390625,106.271484375,96.15217899999999
96252.717,67.740234375,1.1630859375,68.9033203125,96.20154099999999
96302.394,70.685546875,1.181640625,71.8671875,96.251218
96352.226,83.5537109375,0.7431640625,84.296875,96.30104999999999
96401.894,63.244140625,1.5068359375,64.7509765625,96.350718
96451.755,102.6865234375,0.884765625,103.5712890625,96.400579
96501.902,62.697265625,1.962890625,64.66015625,96.45072599999999
96552.146,81.9794921875,1.1484375,83.1279296875,96.50096999999998
96602.329,73.2861328125,0.97265625,74.2587890625,96.55115299999999
96651.737,60.2392578125,1.169921875,61.4091796875,96.60056099999998
96701.559,101.50390625,0.9248046875,102.4287109375,96.65038299999999
96752.297,70.41796875,2.177734375,72.595703125,96.701121
96803.054,88.5126953125,2.482421875,90.9951171875,96.75187799999999
96853.534,69.25390625,2.0703125,71.32421875,96.802358
96904.007,67.9033203125,2.9453125,70.8486328125,96.852831
96954.739,84.73046875,2.2255859375,86.9560546875,96.90356299999999
97004.858,75.0322265625,1.568359375,76.6005859375,96.95368199999999
97055.057,78.740234375,1.7841796875,80.5244140625,97.00388099999999
97106.059,86.625,1.1220703125,87.7470703125,97.05488299999999
97155.519,70.1015625,1.25,71.3515625,97.104343
97205.428,78.984375,0.87890625,79.86328125,97.154252
97255.111,83.6357421875,0.791015625,84.4267578125,97.203935
97304.765,71.9501953125,1.1103515625,73.060546875,97.25358899999999
97354.994,91.912109375,0.7880859375,92.7001953125,97.30381799999999
97404.55,64.982421875,1.330078125,66.3125,97.353374
97454.665,70.0166015625,0.955078125,70.9716796875,97.403489
97504.85,85.705078125,1.2109375,86.916015625,97.45367399999999
97554.335,67.0830078125,1.2294921875,68.3125,97.503159
97605.033,105.2421875,1.8623046875,107.1044921875,97.553857
97654.365,60.1923828125,0.9873046875,61.1796875,97.603189
97704.32,77.3056640625,1.4560546875,78.76171875,97.653144
97753.952,77.126953125,0.5654296875,77.6923828125,97.702776
97803.639,59.0087890625,1.4130859375,60.421875,97.75246299999999
97853.472,110.2841796875,0.76171875,111.0458984375,97.80229599999998
97903.455,65.84375,1.1591796875,67.0029296875,97.852279
97953.724,89.2265625,0.9169921875,90.1435546875,97.902548
98004.095,67.0341796875,1.701171875,68.7353515625,97.952919
98054.106,64.2568359375,2.5751953125,66.83203125,98.00292999999999
98105.036,96.642578125,2.244140625,98.88671875,98.05385999999999
98156.087,77.001953125,2.830078125,79.83203125,98.10491099999999
98206.759,81.48046875,2.73828125,84.21875,98.155583
98257.786,77.9296875,2.275390625,80.205078125,98.20660999999998
98307.414,69.5498046875,1.259765625,70.8095703125,98.256238
98357.721,85.8798828125,0.8046875,86.6845703125,98.306545
98407.621,80.0283203125,1.27734375,81.3056640625,98.356445
98457.352,73.8896484375,1.1328125,75.0224609375,98.40617599999999
98507.692,89.5166015625,1.1337890625,90.650390625,98.456516
98557.485,64.86328125,1.24609375,66.109375,98.50630899999999
98607.426,71.7275390625,0.9580078125,72.685546875,98.55625
98657.403,86.64453125,1.365234375,88.009765625,98.606227
98707.304,68.6572265625,1.4638671875,70.12109375,98.656128
98757.31,100.146484375,0.939453125,101.0859375,98.70613399999999
98807.358,61.9404296875,1.31640625,63.2568359375,98.75618199999998
98857.356,72.9765625,0.8974609375,73.8740234375,98.80618
98907.114,78.9404296875,0.8876953125,79.828125,98.855938
98956.615,61.318359375,1.1533203125,62.4716796875,98.905439
99007.651,111.3076171875,0.9345703125,112.2421875,98.956475
99057.43,66.43359375,1.044921875,67.478515625,99.00625399999998
99107.457,83.4541015625,0.8935546875,84.34765625,99.05628099999998
99157.038,74.912109375,0.76171875,75.673828125,99.10586199999999
99206.98,61.2119140625,2.03515625,63.2470703125,99.15580399999999
99257.017,102.451171875,1.06640625,103.517578125,99.205841
99307.747,70.8759765625,2.333984375,73.2099609375,99.256571
99358.906,86.447265625,2.1533203125,88.6005859375,99.30772999999999
99411.921,69.3076171875,2.185546875,71.4931640625,99.360745
99462.386,64.62890625,2.6484375,67.27734375,99.41121
99513.46,92.181640625,2.4853515625,94.6669921875,99.462284
99563.955,75.2783203125,0.9091796875,76.1875,99.512779
99614.83,89.4951171875,0.849609375,90.3447265625,99.563654
99665.713,77.125,0.859375,77.984375,99.614537
99715.586,67.45703125,1.447265625,68.904296875,99.66440999999999
99766.261,92.8330078125,1.4990234375,94.33203125,99.71508499999999
99817.761,75.80859375,1.126953125,76.935546875,99.76658499999999
99867.582,84.4638671875,0.904296875,85.3681640625,99.81640599999999
99919.543,70.95703125,1.21875,72.17578125,99.86836699999999
99969.331,65.5263671875,1.4033203125,66.9296875,99.918155
100019.205,91.7939453125,0.9140625,92.7080078125,99.968029
100069.287,80.37109375,0.84375,81.21484375,100.01811099999999
100118.927,80.7373046875,1.2470703125,81.984375,100.06775099999999
100169.571,80.517578125,1.0234375,81.541015625,100.11839499999999
100219.172,66.818359375,1.16796875,67.986328125,100.167996
100269.879,82.8115234375,1.326171875,84.1376953125,100.21870299999999
100319.895,77.828125,1.2626953125,79.0908203125,100.268719
100369.861,76.4482421875,1.14453125,77.5927734375,100.318685
100419.726,85.248046875,1.0205078125,86.2685546875,100.36854999999998
100469.281,65.2958984375,1.412109375,66.7080078125,100.418105
100522.908,81.00390625,1.21875,82.22265625,100.47173199999999
100574.496,87.4072265625,2.619140625,90.0263671875,100.52332
100625.642,74.6982421875,2.4560546875,77.154296875,100.574466
100678.726,93.306640625,2.14453125,95.451171875,100.62754999999999
100729.339,70.2958984375,2.861328125,73.1572265625,100.678163
100780.011,76.431640625,2.2197265625,78.6513671875,100.72883499999999
100830.978,85.30859375,1.8876953125,87.1962890625,100.77980199999999
100880.681,68.9609375,1.03125,69.9921875,100.82950499999998
100930.408,100.77734375,0.8017578125,101.5791015625,100.87923199999999
100979.715,65.859375,0.9482421875,66.8076171875,100.92853899999999
101029.633,72.630859375,0.935546875,73.56640625,100.97845699999999
101079.446,85.544921875,0.9892578125,86.5341796875,101.02826999999999
101128.921,59.5380859375,1.2451171875,60.783203125,101.077745
101179.315,108.1103515625,0.5732421875,108.68359375,101.12813899999999
101228.755,68.8779296875,1.04296875,69.9208984375,101.177579
101278.656,85.0361328125,1.0263671875,86.0625,101.22748
101328.736,77.427734375,0.8388671875,78.2666015625,101.27756
101378.825,64.6728515625,1.962890625,66.6357421875,101.327649
101428.917,100.83984375,0.748046875,101.587890625,101.377741
101478.818,73.1435546875,1.1923828125,74.3359375,101.42764199999999
101529.007,84.861328125,1.38671875,86.248046875,101.477831
101579.644,76.94140625,1.3310546875,78.2724609375,101.52846799999999
101629.198,66.2216796875,1.2158203125,67.4375,101.578022
101680.005,92.47265625,0.7431640625,93.2158203125,101.628829
101729.925,76.0439453125,1.19140625,77.2353515625,101.678749
101779.784,76.8291015625,1.248046875,78.0771484375,101.728608
101831.057,80.412109375,1.69921875,82.111328125,101.77988099999999
101881.53,66.759765625,2.9609375,69.720703125,101.83035399999999
101932.782,81.81640625,2.2412109375,84.0576171875,101.881606
101983.629,82.4921875,2.328125,84.8203125,101.932453
102033.924,72.291015625,2.3134765625,74.6044921875,101.98274799999999
102084.453,94.818359375,2.107421875,96.92578125,102.03327699999998
102133.764,67.052734375,1.396484375,68.44921875,102.08258799999999
102184.146,75.228515625,1.181640625,76.41015625,102.13296999999999
102234.125,83.1533203125,1.2021484375,84.35546875,102.182949
102283.714,64.1337890625,1.271484375,65.4052734375,102.232538
102337.185,108.5927734375,0.91796875,109.5107421875,102.28600899999999
102386.964,63.5302734375,1.40625,64.9365234375,102.335788
102436.928,74.34375,1.734375,76.078125,102.385752
102486.695,79.5390625,1.1533203125,80.6923828125,102.435519
102536.662,62.068359375,1.466796875,63.53515625,102.485486
102587.043,108.52734375,0.6962890625,109.2236328125,102.535867
102636.844,64.9267578125,0.8388671875,65.765625,102.58566799999998
102687.044,79.5791015625,1.3671875,80.9462890625,102.63586799999999
102736.689,74.7197265625,1.0048828125,75.724609375,102.68551299999999
102786.295,60.330078125,1.4208984375,61.7509765625,102.735119
102838.166,110.775390625,0.7421875,111.517578125,102.78698999999999
102888.014,70.5888671875,1.1650390625,71.75390625,102.83683799999999
102938.177,91.2080078125,1.083984375,92.2919921875,102.88700099999998
102988.343,71.6650390625,1.958984375,73.6240234375,102.93716699999999
103037.843,67.0712890625,1.583984375,68.6552734375,102.98666699999998
103087.875,94.294921875,1.04296875,95.337890625,103.036699
103138.297,78.548828125,2.2275390625,80.7763671875,103.087121
103188.818,80.8017578125,2.1806640625,82.982421875,103.137642
103239.614,77.8583984375,2.5859375,80.4443359375,103.18843799999999
103290.062,68.7216796875,2.6708984375,71.392578125,103.238886
103342.475,82.09375,2.0869140625,84.1806640625,103.291299
103392.432,80.5078125,1.126953125,81.634765625,103.34125599999999
103442.585,73.751953125,1.1845703125,74.9365234375,103.391409
103494.577,96.705078125,0.9326171875,97.6376953125,103.443401
103544.701,64.5146484375,2.0859375,66.6005859375,103.49352499999999
103594.796,73.9560546875,0.830078125,74.7861328125,103.54361999999999
103644.835,86.9052734375,0.9423828125,87.84765625,103.593659
103695.292,71.8310546875,0.9765625,72.8076171875,103.644116
103745.395,103.4755859375,0.8076171875,104.283203125,103.694219
103795.076,67.4404296875,1.09765625,68.5380859375,103.7439
103846.875,75.5888671875,0.9189453125,76.5078125,103.795699
103897.445,93.16796875,0.990234375,94.158203125,103.846269
103947.081,66.421875,1.255859375,67.677734375,103.895905
103997.635,104.6044921875,0.5771484375,105.181640625,103.94645899999999
104047.873,63.8525390625,1.908203125,65.7607421875,103.996697
104097.842,75.09375,1.1025390625,76.1962890625,104.046666
104147.864,81.5400390625,0.76953125,82.3095703125,104.096688
104197.643,63.2841796875,1.15234375,64.4365234375,104.14646699999999
104247.722,107.89453125,0.97265625,108.8671875,104.19654599999998
104297.522,66.1748046875,0.951171875,67.1259765625,104.24634599999999
104347.689,83.2880859375,1.1669921875,84.455078125,104.29651299999999
104398.157,77.4453125,2.0634765625,79.5087890625,104.346981
104448.503,61.8388671875,2.61328125,64.4521484375,104.39732699999999
104499.577,100.79296875,1.9228515625,102.7158203125,104.448401
104551.148,73.3369140625,2.498046875,75.8349609375,104.499972
104601.813,91.3115234375,2.9443359375,94.255859375,104.550637
104652.079,72.1279296875,1.6328125,73.7607421875,104.60090299999999
104701.485,64.9619140625,1.263671875,66.2255859375,104.650309
104751.57,96.822265625,0.71875,97.541015625,104.700394
104801.298,73.013671875,1.412109375,74.42578125,104.75012199999999
104850.904,81.171875,1.0830078125,82.2548828125,104.79972799999999
104900.747,76.552734375,0.998046875,77.55078125,104.849571
104950.444,67.7109375,1.3525390625,69.0634765625,104.89926799999999
105001.278,86.1611328125,0.5146484375,86.67578125,104.950102
105051.087,78.419921875,1.0048828125,79.4248046875,104.999911
105100.853,74.67578125,1.0087890625,75.6845703125,105.049677
105151.935,93.2421875,1.572265625,94.814453125,105.100759
105201.826,65.490234375,1.384765625,66.875,105.15065
105251.844,74.2724609375,0.8486328125,75.12109375,105.200668
105301.631,85.986328125,0.9267578125,86.9130859375,105.25045499999999
105351.27,69.150390625,0.9306640625,70.0810546875,105.300094
105401.499,105.05859375,0.8232421875,105.8818359375,105.35032299999999
105451.414,67.208984375,0.9423828125,68.1513671875,105.400238
105501.14,72.875,1.0126953125,73.8876953125,105.449964
105552.564,90.7744140625,1.1650390625,91.939453125,105.50138799999999
105602.538,66.6396484375,1.2822265625,67.921875,105.551362
105653.567,105.1826171875,2.091796875,107.2744140625,105.60239099999998
105704.093,63.490234375,2.9111328125,66.4013671875,105.65291699999999
105755.249,71.3896484375,2.6376953125,74.02734375,105.704073
105806.125,81.345703125,2.1484375,83.494140625,105.754949
105856.231,60.505859375,2.615234375,63.12109375,105.805055
105906.575,105.283203125,1.775390625,107.05859375,105.85539899999999
105955.872,66.0400390625,0.8037109375,66.84375,105.904696
106005.892,85.8544921875,1.1162109375,86.970703125,105.954716
106055.505,67.7314453125,0.9697265625,68.701171875,106.004329
106105.208,62.943359375,1.1279296875,64.0712890625,106.05403199999999
106155.064,94.4072265625,0.8037109375,95.2109375,106.103888
106205.01,72.619140625,1.5625,74.181640625,106.15383399999999
106254.939,81.255859375,1.189453125,82.4453125,106.203763
106304.695,74.318359375,1.1640625,75.482421875,106.253519
106354.517,67.7646484375,1.2568359375,69.021484375,106.303341
106406.252,91.8564453125,0.9951171875,92.8515625,106.35507599999998
106455.93,79.5966796875,1.193359375,80.7900390625,106.40475399999998
106505.317,76.5380859375,1.021484375,77.5595703125,106.45414099999999
106555.984,86.7607421875,1.109375,87.8701171875,106.504808
106605.981,65.826171875,1.701171875,67.52734375,106.55480499999999
106656.629,85.8076171875,0.658203125,86.4658203125,106.605453
106706.637,86.0244140625,1.328125,87.3525390625,106.655461
106756.788,75.04296875,1.904296875,76.947265625,106.70561199999999
106807.475,90.4775390625,0.9951171875,91.47265625,106.756299
106856.818,66.2646484375,1.3173828125,67.58203125,106.80564199999999
106907.545,76.689453125,1.41015625,78.099609375,106.85636899999999
106958.002,86.49609375,2.00390625,88.5,106.90682599999998
107008.965,71.56640625,2.6611328125,74.2275390625,106.95778899999999
107060.107,102.55078125,1.8583984375,104.4091796875,107.00893099999999
107111.434,64.890625,2.984375,67.875,107.06025799999999
107162.215,75.1552734375,1.86328125,77.0185546875,107.11103899999999
107212.306,81.689453125,0.947265625,82.63671875,107.16112999999999
107262.847,65.123046875,1.291015625,66.4140625,107.21167099999998
107313.396,108.224609375,1.5048828125,109.7294921875,107.26221999999999
107363.055,59.8671875,0.84765625,60.71484375,107.31187899999999
107413.343,73.8984375,1.1865234375,75.0849609375,107.36216699999999
107462.919,78.8701171875,0.767578125,79.6376953125,107.41174299999999
107512.9,57.3427734375,1.125,58.4677734375,107.46172399999999
107562.718,110.021484375,0.5830078125,110.6044921875,107.51154199999999
107612.787,65.9912109375,1.0947265625,67.0859375,107.56161099999998
107662.396,87.2919921875,1.1123046875,88.404296875,107.61121999999999
107712.425,69.072265625,0.7333984375,69.8056640625,107.661249
107762.009,67.2568359375,1.3291015625,68.5859375,107.710833
107812.299,92.3974609375,1.1953125,93.5927734375,107.761123
107862.987,79.3193359375,1.2841796875,80.603515625,107.81181099999999
107912.659,78.7265625,0.9970703125,79.7236328125,107.86148299999999
107962.667,74.8076171875,1.1875,75.9951171875,107.911491
108012.193,66.21875,1.1103515625,67.3291015625,107.961017
108061.962,86.1640625,0.8173828125,86.9814453125,108.010786
108111.953,81.142578125,1.4814453125,82.6240234375,108.06077699999999
108161.627,73.966796875,1.1953125,75.162109375,108.11045099999998
108213.181,89.296875,1.99609375,91.29296875,108.162005
108263.573,66.3447265625,2.6044921875,68.94921875,108.212397
108322.516,81.859375,2.02734375,83.88671875,108.27134
108374.237,81.2158203125,3.4111328125,84.626953125,108.32306099999998
108424.993,78.998046875,2.353515625,81.3515625,108.373817
108477.332,85.9228515625,1.3701171875,87.29296875,108.42615599999999
108526.652,65.6865234375,1.111328125,66.7978515625,108.475476
108576.973,81.345703125,1.017578125,82.36328125,108.525797
108626.944,81.4501953125,1.0322265625,82.482421875,108.575768
108676.674,71.5078125,1.296875,72.8046875,108.625498
108726.344,96.2255859375,1.1455078125,97.37109375,108.67516799999999
108776.263,62.921875,1.5390625,64.4609375,108.725087
108829.257,79.865234375,1.0048828125,80.8701171875,108.77808099999999
108879.41,90.359375,1.1083984375,91.4677734375,108.828234
108929.067,71.2421875,1.732421875,72.974609375,108.87789099999999
108979.468,102.14453125,0.9345703125,103.0791015625,108.92829199999998
109029.139,65.458984375,1.3896484375,66.8486328125,108.97796299999999
109079.472,75.240234375,0.982421875,76.22265625,109.02829599999998
109129.199,84.1552734375,0.6572265625,84.8125,109.07802299999999
109178.778,66.37109375,1.3232421875,67.6943359375,109.127602
109229.071,108.9091796875,0.81640625,109.7255859375,109.17789499999999
109278.912,66.7587890625,1.19140625,67.9501953125,109.227736
109328.479,73.44140625,0.98828125,74.4296875,109.277303
109378.434,86.0146484375,0.82421875,86.8388671875,109.32725799999999
109428.368,59.9365234375,1.595703125,61.5322265625,109.377192
109479.338,107.5947265625,2.162109375,109.7568359375,109.428162
109530.928,69.5419921875,2.453125,71.9951171875,109.47975199999999
109581.903,80.974609375,2.4599609375,83.4345703125,109.530727
109634.168,80.7001953125,2.650390625,83.3505859375,109.582992
109685.029,59.537109375,2.9609375,62.498046875,109.63385299999999
109735.206,105.65625,1.083984375,106.740234375,109.68402999999999
109784.749,64.3447265625,1.259765625,65.6044921875,109.73357299999999
109834.614,88.9853515625,0.8916015625,89.876953125,109.78343799999999
109884.339,67.1728515625,1.0751953125,68.248046875,109.833163
109933.455,66.18359375,1.2705078125,67.4541015625,109.882279
109983.473,91.216796875,1.33984375,92.556640625,109.93229699999999
110033.218,78.63671875,1.4326171875,80.0693359375,109.98204199999999
110082.938,76.3935546875,1.0615234375,77.455078125,110.03176199999999
110132.732,83.00390625,1.02734375,84.03125,110.08155599999999
110182.867,66.2822265625,1.265625,67.5478515625,110.13169099999999
110232.951,85.7490234375,0.720703125,86.4697265625,110.18177499999999
110282.952,85.5654296875,1.017578125,86.5830078125,110.231776
110332.587,74.892578125,1.029296875,75.921875,110.28141099999999
110383.302,95.662109375,1.099609375,96.76171875,110.33212599999999
110432.825,64.0947265625,1.2373046875,65.33203125,110.381649
110482.495,75.44140625,0.8359375,76.27734375,110.43131899999999
110533.085,90.203125,1.6806640625,91.8837890625,110.481909
110582.884,67.1845703125,1.015625,68.2001953125,110.531708
110636.063,102.9189453125,0.978515625,103.8974609375,110.584887
110686.161,63.2216796875,1.533203125,64.7548828125,110.63498499999999
110736.659,75.55078125,1.634765625,77.185546875,110.68548299999999
110787.477,83.4140625,2.15234375,85.56640625,110.736301
110838.596,68.02734375,2.4921875,70.51953125,110.78742
110889.628,100.615234375,2.0849609375,102.7001953125,110.83845199999999
110939.953,65.0244140625,2.7529296875,67.77734375,110.88877699999999
110990.467,84.689453125,1.7001953125,86.3896484375,110.939291
111041.679,77.302734375,1.3212890625,78.6240234375,110.990503
111091.257,57.966796875,1.755859375,59.72265625,111.04008099999999
111142.925,115.0625,1.021484375,116.083984375,111.091749
111194.242,68.65234375,0.9716796875,69.6240234375,111.14306599999999
111245.03,78.95703125,1.201171875,80.158203125,111.19385399999999
111294.732,81.7626953125,0.6171875,82.3798828125,111.243556
111344.526,62.37890625,1.3115234375,63.6904296875,111.29334999999999
111394.281,107.2158203125,0.6435546875,107.859375,111.343105
111444.384,68.8310546875,1.4150390625,70.24609375,111.393208
111494.068,89.4287109375,0.9423828125,90.37109375,111.44289199999999
111543.931,68.0419921875,1.1787109375,69.220703125,111.49275499999999
111594.08,64.5068359375,1.7841796875,66.291015625,111.542904
111644.612,93.896484375,1.388671875,95.28515625,111.59343599999998
111694.107,76.48828125,0.896484375,77.384765625,111.64293099999999
111744.823,84.775390625,1.1826171875,85.9580078125,111.693647
111794.561,79.130859375,0.78125,79.912109375,111.74338499999999
111843.929,70.3583984375,1.34375,71.7021484375,111.79275299999999
111894.023,80.7041015625,0.681640625,81.3857421875,111.84284699999999
111944.117,78.95703125,0.8759765625,79.8330078125,111.892941
111994.226,74.5693359375,1.7509765625,76.3203125,111.94304999999999
112044.839,91.58984375,2.0048828125,93.5947265625,111.993663
112095.292,65.783203125,2.3564453125,68.1396484375,112.04411599999999
112147.091,72.6865234375,3.119140625,75.8056640625,112.09591499999999
112197.817,89.7998046875,2.2763671875,92.076171875,112.14664099999999
112248.334,70.0263671875,2.25390625,72.2802734375,112.197158
112298.408,104.2470703125,0.6435546875,104.890625,112.24723199999998
112348.486,63.2578125,1.2646484375,64.5224609375,112.29731
112398.803,69.59765625,1.0322265625,70.6298828125,112.34762699999999
112450.41,92.0302734375,0.9296875,92.9599609375,112.39923399999999
112499.774,66.5986328125,1.107421875,67.7060546875,112.448598
112549.839,108.357421875,0.953125,109.310546875,112.498663
112599.705,66.310546875,0.8486328125,67.1591796875,112.548529
112649.925,72.6533203125,1.4208984375,74.07421875,112.598749
112700.24,82.9013671875,1.767578125,84.6689453125,112.649064
112749.762,61.5009765625,1.365234375,62.8662109375,112.69858599999999
112799.98,110.400390625,0.5625,110.962890625,112.74880399999999
112851.654,68.1767578125,1.5185546875,69.6953125,112.80047799999998
112901.231,82.0673828125,1.1533203125,83.220703125,112.850055
112951.57,78.9775390625,1.3369140625,80.314453125,112.900394
113001.046,57.73828125,1.39453125,59.1328125,112.94986999999999
113051.416,108.1865234375,0.8408203125,109.02734375,113.00023999999999
113101.049,67.8349609375,1.0888671875,68.923828125,113.04987299999999
113151.045,84.6318359375,1.2294921875,85.861328125,113.099869
113201.367,77.7724609375,1.3037109375,79.076171875,113.15019099999999
113251.425,62.7890625,2.1689453125,64.9580078125,113.200249
113302.108,102.1142578125,2.0693359375,104.18359375,113.25093199999999
113352.507,72.3720703125,2.6181640625,74.990234375,113.30133099999999
113403.492,84.3671875,2.2587890625,86.6259765625,113.35231599999999
113454.853,70.5166015625,2.224609375,72.7412109375,113.403677
113505.595,67.025390625,2.6806640625,69.7060546875,113.454419
113556.178,92.70703125,0.5927734375,93.2998046875,113.50500199999999
113605.896,79.271484375,1.3720703125,80.6435546875,113.55471999999999
113655.671,81.4287109375,1.2177734375,82.646484375,113.604495
113706.62,83.3212890625,0.9306640625,84.251953125,113.65544399999999
113756.809,67.4580078125,1.79296875,69.2509765625,113.70563299999999
113806.72,85.845703125,0.9765625,86.822265625,113.755544
113856.54,79.986328125,0.9052734375,80.8916015625,113.80536399999998
113906.648,75.19921875,1.2294921875,76.4287109375,113.85547199999999
113956.324,85.5517578125,0.82421875,86.3759765625,113.90514799999998
114006.02,66.564453125,1.6142578125,68.1787109375,113.954844
114055.645,74.615234375,0.6953125,75.310546875,114.004469
114105.837,85.5244140625,0.994140625,86.5185546875,114.054661
114155.272,69.0595703125,0.837890625,69.8974609375,114.10409599999998
114206.106,103.8466796875,0.6796875,104.5263671875,114.15493
114255.499,67.734375,1.05859375,68.79296875,114.20432299999999
114305.602,73.63671875,2.111328125,75.748046875,114.254426
114355.137,84.662109375,0.5439453125,85.2060546875,114.303961
114405.276,63.353515625,1.296875,64.650390625,114.35409999999999
114455.265,110.119140625,0.640625,110.759765625,114.404089
114507.807,63.921875,1.12890625,65.05078125,114.45663099999999
114558.434,75.9208984375,1.9912109375,77.912109375,114.507258
114609.242,82.7060546875,2.5595703125,85.265625,114.558066
114659.775,64.13671875,2.8662109375,67.0029296875,114.60859899999998
114710.787,107.2783203125,1.8408203125,109.119140625,114.65961099999998
114761.335,69.9658203125,2.2958984375,72.26171875,114.710159
114811.755,85.7412109375,2.0732421875,87.814453125,114.76057899999999
114862.307,77.6513671875,1.3193359375,78.970703125,114.81113099999999
114912.06,64.728515625,1.328125,66.056640625,114.86088399999998
114961.922,98.8525390625,0.685546875,99.5380859375,114.910746
115011.874,75.7373046875,1.1396484375,76.876953125,114.960698
115061.596,86.5673828125,1.14453125,87.7119140625,115.01042
115111.359,78.783203125,1.1328125,79.916015625,115.060183
115161.117,69.2587890625,1.103515625,70.3623046875,115.10994099999999
115211.047,89.8779296875,1.0302734375,90.908203125,115.159871
115260.87,79.49609375,1.185546875,80.681640625,115.20969399999998
115310.803,77.314453125,1.208984375,78.5234375,115.259627
115360.844,89.17578125,1.1083984375,90.2841796875,115.30966799999999
115410.79,70.7822265625,2.10546875,72.8876953125,115.359614
115460.407,70.853515625,0.640625,71.494140625,115.409231
115510.198,86.6142578125,0.7890625,87.4033203125,115.45902199999999
115559.691,69.40234375,1.015625,70.41796875,115.508515
115609.87,98.2958984375,0.8720703125,99.16796875,115.55869399999999
115659.659,62.9443359375,1.4638671875,64.408203125,115.60848299999999
115709.102,75.9619140625,1.1201171875,77.08203125,115.65792599999999
115758.901,79.0576171875,0.83203125,79.8896484375,115.707725
115808.856,63.0419921875,2.1923828125,65.234375,115.75768
115859.768,104.6533203125,2.2099609375,106.86328125,115.80859199999999
115911.168,64.1181640625,3.0615234375,67.1796875,115.859992
115962.321,81.8505859375,2.7275390625,84.578125,115.91114499999999
116013.399,80.9501953125,2.265625,83.2158203125,115.962223
116064.147,62.8544921875,2.0693359375,64.923828125,116.012971
116115.68,106.12109375,0.837890625,106.958984375,116.06450399999999
116165.267,65.68359375,0.974609375,66.658203125,116.114091
116215.209,90.06640625,0.8916015625,90.9580078125,116.16403299999999
116266.529,66.7607421875,0.8505859375,67.611328125,116.215353
116316.672,63.1015625,1.3037109375,64.4052734375,116.265496
116367.771,97.1279296875,0.7998046875,97.927734375,116.31659499999999
116417.975,73.3603515625,0.9775390625,74.337890625,116.366799
116467.606,84.3017578125,1.6298828125,85.931640625,116.41642999999999
116518.252,72.75390625,1.0703125,73.82421875,116.46707599999999
116567.726,67.5419921875,1.1630859375,68.705078125,116.51655
116617.732,83.28515625,0.990234375,84.275390625,116.56655599999999
116667.26,79.2666015625,1.05078125,80.3173828125,116.61608399999999
116716.734,73.9990234375,1.138671875,75.1376953125,116.66555799999999
116767.124,96.0185546875,0.814453125,96.8330078125,116.71594799999998
116816.622,67.341796875,1.2080078125,68.5498046875,116.765446
116866.552,73.0263671875,0.806640625,73.8330078125,116.81537599999999
116916.464,87.166015625,1.296875,88.462890625,116.865288
116966.272,66.9423828125,1.1474609375,68.08984375,116.91509599999999
117017.008,103.6025390625,1.439453125,105.0419921875,116.96583199999999
117066.739,61.9052734375,1.90625,63.8115234375,117.015563
117117.129,77.2568359375,2.1416015625,79.3984375,117.065953
117168.632,78.5751953125,2.34375,80.9189453125,117.11745599999999
117219.444,65.8056640625,3.0185546875,68.82421875,117.168268
117271.491,107.8447265625,1.9736328125,109.818359375,117.22031499999999
117322.178,60.4775390625,2.671875,63.1494140625,117.271002
117372.546,83.609375,1.125,84.734375,117.32137
117423.199,77.3935546875,1.0703125,78.4638671875,117.37202299999998
117473.008,56.8935546875,1.0576171875,57.951171875,117.421832
117523.464,106.943359375,1.544921875,108.48828125,117.472288
117573.513,65.734375,1.23828125,66.97265625,117.522337
117623.385,87.41796875,1.076171875,88.494140625,117.57220899999999
117673.321,70.05859375,0.8291015625,70.8876953125,117.62214499999999
117723.569,65.34765625,1.5693359375,66.9169921875,117.672393
117775.329,102.2666015625,0.537109375,102.8037109375,117.72415299999999
117824.943,70.3193359375,0.8330078125,71.15234375,117.77376699999999
117874.722,86.9853515625,1.0830078125,88.068359375,117.823546
117924.774,66.7998046875,0.8701171875,67.669921875,117.873598
117974.143,65.9462890625,1.4345703125,67.380859375,117.92296699999999
118023.963,90.798828125,0.84375,91.642578125,117.972787
118074.796,79.5927734375,1.767578125,81.3603515625,118.02362
118124.085,78.697265625,0.8486328125,79.5458984375,118.072909
118177.965,87.8798828125,0.466796875,88.3466796875,118.12678899999999
118227.968,69.5947265625,1.4287109375,71.0234375,118.17679199999999
118278.235,88.669921875,0.8310546875,89.5009765625,118.227059
118328.879,78.1357421875,1.1064453125,79.2421875,118.27770299999999
118379.639,80.380859375,2.486328125,82.8671875,118.32846299999999
118432.459,81.7099609375,2.2353515625,83.9453125,118.381283
118482.942,68.0390625,2.6533203125,70.6923828125,118.43176599999998
118534.604,84.2275390625,1.9189453125,86.146484375,118.483428
118585.681,78.837890625,2.552734375,81.390625,118.534505
118635.781,76.30078125,1.9892578125,78.2900390625,118.584605
118686.577,84.4365234375,0.9462890625,85.3828125,118.635401
118736.802,70.8046875,1.41796875,72.22265625,118.68562599999998
118786.45,75.4208984375,0.74609375,76.1669921875,118.73527399999999
118837.149,85.64453125,0.7744140625,86.4189453125,118.785973
118886.631,67.205078125,0.9765625,68.181640625,118.83545499999998
118937.768,101.0400390625,0.7119140625,101.751953125,118.886592
118987.099,60.69921875,1.162109375,61.861328125,118.93592299999999
119037.54,78.0810546875,0.7119140625,78.79296875,118.98636399999998
119087.188,81.494140625,0.623046875,82.1171875,119.03601199999999
119138.066,66.2080078125,2.123046875,68.3310546875,119.08689
119188.377,109.865234375,0.759765625,110.625,119.13720099999999
119238.893,65.1181640625,1.21875,66.3369140625,119.18771699999999
119288.691,76.642578125,1.2177734375,77.8603515625,119.237515
119339.297,75.7431640625,1.08203125,76.8251953125,119.288121
119388.565,59.8095703125,1.3427734375,61.15234375,119.337389
119438.871,105.5107421875,1.09765625,106.6083984375,119.387695
119488.515,66.22265625,1.0458984375,67.2685546875,119.437339
119538.51,86.4716796875,1.3671875,87.8388671875,119.48733399999999
119589.269,68.66796875,0.849609375,69.517578125,119.53809299999999
119639.591,65.091796875,2.689453125,67.78125,119.588415
119691.333,94.9541015625,2.810546875,97.7646484375,119.64015699999999
119742.352,73.380859375,2.3779296875,75.7587890625,119.691176
119793.749,87.697265625,2.4423828125,90.1396484375,119.742573
119845.086,75.4521484375,2.47265625,77.9248046875,119.79390999999998
119894.918,65.671875,1.751953125,67.423828125,119.84374199999999
119944.788,89.5947265625,0.9990234375,90.59375,119.89361199999999
