timestamp,time_s,preprocess_ms,vision_ms,language_ms,postprocess_ms,total_ms,boxes,points,generated_tokens,pbd_calls,pbd_accepted_tokens,stop_reason,labels,mode
1787058039.5286748,0.2544252872467041,18.015,77.121,175.688,0.042,350.615,1,0,10,3,10,im_end,box,hybrid
1787058039.5287876,0.25453805923461914,18.064,29.067,175.688,0.003,255.45,1,0,10,3,10,im_end,box,hybrid
1787058039.703401,0.4291515350341797,18.46,77.954,174.465,0.017,350.45,1,0,10,3,10,im_end,box,hybrid
1787058039.7034917,0.4292421340942383,18.146,28.85,174.465,0.003,254.001,1,0,10,3,10,im_end,box,hybrid
1787058039.8777027,0.6034531593322754,18.534,77.625,174.068,0.017,348.772,1,0,10,3,10,im_end,box,hybrid
1787058039.8777964,0.6035468578338623,18.563,27.795,174.068,0.003,252.568,1,0,10,3,10,im_end,box,hybrid
1787058040.0513146,0.7770650386810303,18.183,77.537,173.377,0.017,347.687,1,0,10,3,10,im_end,box,hybrid
1787058040.0514119,0.7771623134613037,18.257,28.163,173.377,0.002,251.937,1,0,10,3,10,im_end,box,hybrid
1787058040.2250018,0.9507522583007812,17.902,77.667,173.406,0.018,347.057,1,0,10,3,10,im_end,box,hybrid
1787058040.2251048,0.9508552551269531,18.279,27.736,173.406,0.003,251.441,1,0,10,3,10,im_end,box,hybrid
1787058040.3997748,1.1255252361297607,18.344,77.396,174.546,0.016,348.215,1,0,10,3,10,im_end,box,hybrid
1787058040.3998582,1.1256086826324463,18.082,28.128,174.546,0.003,252.442,1,0,10,3,10,im_end,box,hybrid
1787058040.5756059,1.301356315612793,18.278,77.302,175.602,0.018,350.365,1,0,10,3,10,im_end,box,hybrid
1787058040.5757062,1.3014566898345947,18.345,27.816,175.602,0.003,254.748,1,0,10,3,10,im_end,box,hybrid
1787058040.7534323,1.4791827201843262,18.212,77.47,177.587,0.016,353.386,1,0,10,3,10,im_end,box,hybrid
1787058040.75353,1.4792804718017578,18.065,28.185,177.587,0.003,257.672,1,0,10,3,10,im_end,box,hybrid
1787058040.9297106,1.655461072921753,17.934,78.509,176.049,0.017,353.881,1,0,10,3,10,im_end,box,hybrid
1787058040.9298098,1.6555602550506592,18.331,28.522,176.049,0.003,257.412,1,0,10,3,10,im_end,box,hybrid
1787058041.1036575,1.8294079303741455,17.912,78.759,173.709,0.016,349.995,1,0,10,3,10,im_end,box,hybrid
1787058041.1037848,1.8295352458953857,18.191,28.182,173.709,0.003,253.293,1,0,10,3,10,im_end,box,hybrid
1787058041.277206,2.0029563903808594,18.245,77.459,173.275,0.016,347.26,1,0,10,3,10,im_end,box,hybrid
1787058041.2772954,2.0030457973480225,18.204,28.053,173.275,0.002,251.52,1,0,10,3,10,im_end,box,hybrid
1787058041.4522128,2.1779632568359375,18.385,77.022,174.782,0.016,348.285,1,0,10,3,10,im_end,box,hybrid
1787058041.4523094,2.1780598163604736,18.427,27.733,174.782,0.003,252.851,1,0,10,3,10,im_end,box,hybrid
1787058041.6281753,2.3539257049560547,18.229,77.4,175.731,0.016,350.75,1,0,10,3,10,im_end,box,hybrid
1787058041.628269,2.3540194034576416,18.193,27.856,175.731,0.003,255.088,1,0,10,3,10,im_end,box,hybrid
1787058041.8038352,2.529585599899292,18.413,77.867,175.428,0.016,351.397,1,0,10,3,10,im_end,box,hybrid
1787058041.8039286,2.5296790599823,18.256,27.882,175.428,0.003,255.1,1,0,10,3,10,im_end,box,hybrid
1787058041.9810765,2.70682692527771,18.264,77.908,176.946,0.017,352.612,1,0,10,3,10,im_end,box,hybrid
1787058041.9812078,2.706958293914795,18.228,28.068,176.946,0.003,256.402,1,0,10,3,10,im_end,box,hybrid
1787058042.158155,2.8839054107666016,18.516,77.603,176.801,0.016,354.09,1,0,10,3,10,im_end,box,hybrid
1787058042.158247,2.8839974403381348,18.56,28.136,176.801,0.002,257.95,1,0,10,3,10,im_end,box,hybrid
1787058042.3324096,3.0581600666046143,18.154,78.229,174.029,0.017,351.063,1,0,10,3,10,im_end,box,hybrid
1787058042.3325014,3.0582518577575684,18.085,29.341,174.029,0.002,254.635,1,0,10,3,10,im_end,box,hybrid
1787058042.5063682,3.232118606567383,18.243,77.564,173.73,0.016,347.99,1,0,10,3,10,im_end,box,hybrid
1787058042.5064652,3.232215642929077,17.826,28.577,173.73,0.002,252.147,1,0,10,3,10,im_end,box,hybrid
1787058042.6803007,3.4060511589050293,17.858,77.947,173.696,0.017,347.643,1,0,10,3,10,im_end,box,hybrid
1787058042.6803985,3.406148910522461,18.303,27.874,173.696,0.003,251.79,1,0,10,3,10,im_end,box,hybrid
1787058042.8539884,3.5797388553619385,17.851,78.03,173.447,0.016,347.386,1,0,10,3,10,im_end,box,hybrid
1787058042.85411,3.5798604488372803,17.767,28.443,173.447,0.003,251.477,1,0,10,3,10,im_end,box,hybrid
1787058043.0276923,3.7534427642822266,18.071,77.55,173.438,0.016,347.154,1,0,10,3,10,im_end,box,hybrid
1787058043.0277953,3.7535457611083984,18.286,27.947,173.438,0.003,251.494,1,0,10,3,10,im_end,box,hybrid
1787058043.2035546,3.929305076599121,18.677,76.901,175.616,0.017,349.309,1,0,10,3,10,im_end,box,hybrid
1787058043.203657,3.9294073581695557,18.253,28.055,175.616,0.003,253.696,1,0,10,3,10,im_end,box,hybrid
1787058043.3799846,4.1057350635528564,18.581,77.404,176.061,0.017,352.051,1,0,10,3,10,im_end,box,hybrid
1787058043.3801215,4.105871915817261,18.649,28.313,176.061,0.003,256.03,1,0,10,3,10,im_end,box,hybrid
1787058043.5554187,4.281169176101685,18.541,78.167,175.154,0.015,351.502,1,0,10,3,10,im_end,box,hybrid
1787058043.555515,4.281265497207642,18.295,28.197,175.154,0.002,254.714,1,0,10,3,10,im_end,box,hybrid
1787058043.7311718,4.456922292709351,18.293,77.72,175.524,0.017,350.917,1,0,10,3,10,im_end,box,hybrid
1787058043.7312586,4.4570090770721436,18.207,27.915,175.524,0.003,254.87,1,0,10,3,10,im_end,box,hybrid
1787058043.904811,4.630561351776123,18.305,77.58,173.409,0.017,349.161,1,0,10,3,10,im_end,box,hybrid
1787058043.9048998,4.630650281906128,18.411,27.75,173.409,0.002,253.231,1,0,10,3,10,im_end,box,hybrid
1787058044.0784466,4.804197072982788,18.494,77.139,173.394,0.018,347.042,1,0,10,3,10,im_end,box,hybrid
1787058044.0785398,4.804290294647217,18.321,28.063,173.394,0.003,251.37,1,0,10,3,10,im_end,box,hybrid
1787058044.2530303,4.978780746459961,18.943,76.702,174.348,0.017,347.996,1,0,10,3,10,im_end,box,hybrid
1787058044.253131,4.978881359100342,17.882,28.179,174.348,0.003,252.325,1,0,10,3,10,im_end,box,hybrid
1787058044.4273372,5.153087615966797,18.151,77.596,174.018,0.017,348.662,1,0,10,3,10,im_end,box,hybrid
1787058044.4274304,5.153180837631226,18.474,27.735,174.018,0.003,252.889,1,0,10,3,10,im_end,box,hybrid
1787058044.6051965,5.330946922302246,18.179,77.795,177.63,0.016,351.893,1,0,10,3,10,im_end,box,hybrid
1787058044.605289,5.3310394287109375,17.916,28.047,177.63,0.002,255.899,1,0,10,3,10,im_end,box,hybrid
1787058044.7799537,5.505704164505005,17.996,78.602,174.409,0.016,352.391,1,0,10,3,10,im_end,box,hybrid
1787058044.7800605,5.505810976028442,18.473,28.531,174.409,0.002,255.748,1,0,10,3,10,im_end,box,hybrid
1787058044.9542816,5.680032014846802,18.073,78.583,174.077,0.016,348.741,1,0,10,3,10,im_end,box,hybrid
1787058044.954374,5.680124521255493,18.155,27.904,174.077,0.002,252.016,1,0,10,3,10,im_end,box,hybrid
1787058045.1281,5.853850364685059,18.087,77.382,173.584,0.018,347.897,1,0,10,3,10,im_end,box,hybrid
1787058045.1282036,5.853954076766968,18.119,28.231,173.584,0.003,252.384,1,0,10,3,10,im_end,box,hybrid
1787058045.3027205,6.028470993041992,18.464,77.031,174.337,0.017,348.219,1,0,10,3,10,im_end,box,hybrid
1787058045.3028214,6.028571844100952,18.199,28.055,174.337,0.003,252.672,1,0,10,3,10,im_end,box,hybrid
1787058045.4770627,6.202813148498535,18.328,77.494,174.089,0.017,348.674,1,0,10,3,10,im_end,box,hybrid
1787058045.4771638,6.202914237976074,18.496,28.126,174.089,0.003,252.817,1,0,10,3,10,im_end,box,hybrid
1787058045.6509192,6.376669645309448,18.362,77.42,173.609,0.017,347.957,1,0,10,3,10,im_end,box,hybrid
1787058045.651026,6.376776456832886,18.501,27.889,173.609,0.003,252.134,1,0,10,3,10,im_end,box,hybrid
1787058045.8270252,6.552775621414185,18.263,77.45,175.82,0.018,349.72,1,0,10,3,10,im_end,box,hybrid
1787058045.8271303,6.552880764007568,18.233,27.8,175.82,0.003,253.973,1,0,10,3,10,im_end,box,hybrid
1787058046.0025148,6.728265285491943,18.37,77.725,175.24,0.017,351.321,1,0,10,3,10,im_end,box,hybrid
1787058046.0026157,6.728366136550903,18.193,29.156,175.24,0.003,255.192,1,0,10,3,10,im_end,box,hybrid
1787058046.177179,6.9029295444488525,18.654,78.059,174.425,0.017,349.911,1,0,10,3,10,im_end,box,hybrid
1787058046.1773286,6.903079032897949,18.585,28.259,174.425,0.003,253.173,1,0,10,3,10,im_end,box,hybrid
1787058046.3513134,7.077063798904419,18.371,77.334,173.836,0.017,348.545,1,0,10,3,10,im_end,box,hybrid
1787058046.3514202,7.0771706104278564,18.511,27.954,173.836,0.003,252.799,1,0,10,3,10,im_end,box,hybrid
1787058046.525267,7.251017332077026,18.491,77.19,173.699,0.016,347.795,1,0,10,3,10,im_end,box,hybrid
1787058046.5253596,7.251110076904297,18.022,28.212,173.699,0.003,252.07,1,0,10,3,10,im_end,box,hybrid
1787058046.699188,7.424938440322876,18.338,77.164,173.681,0.017,347.625,1,0,10,3,10,im_end,box,hybrid
1787058046.699282,7.425032377243042,18.128,28.619,173.681,0.003,252.076,1,0,10,3,10,im_end,box,hybrid
1787058046.8734007,7.599151134490967,18.402,77.3,173.978,0.017,347.905,1,0,10,3,10,im_end,box,hybrid
1787058046.8734908,7.599241256713867,18.268,28.096,173.978,0.003,252.165,1,0,10,3,10,im_end,box,hybrid
1787058047.0481563,7.773906707763672,18.452,77.263,174.522,0.017,348.738,1,0,10,3,10,im_end,box,hybrid
1787058047.0483005,7.774050951004028,18.376,28.024,174.522,0.002,252.986,1,0,10,3,10,im_end,box,hybrid
1787058047.2260158,7.9517662525177,18.115,77.414,177.566,0.017,352.388,1,0,10,3,10,im_end,box,hybrid
1787058047.226109,7.951859474182129,17.933,28.901,177.566,0.002,256.827,1,0,10,3,10,im_end,box,hybrid
1787058047.4009109,8.12666130065918,18.197,78.354,174.658,0.018,352.466,1,0,10,3,10,im_end,box,hybrid
1787058047.401006,8.126756429672241,18.19,28.753,174.658,0.003,255.879,1,0,10,3,10,im_end,box,hybrid
1787058047.5746922,8.300442695617676,18.664,77.265,173.545,0.017,348.441,1,0,10,3,10,im_end,box,hybrid
1787058047.5747817,8.300532102584839,18.505,27.967,173.545,0.003,252.485,1,0,10,3,10,im_end,box,hybrid
1787058047.749995,8.475745439529419,18.127,77.797,175.075,0.016,348.859,1,0,10,3,10,im_end,box,hybrid
1787058047.7500951,8.475845575332642,18.305,27.837,175.075,0.003,252.92,1,0,10,3,10,im_end,box,hybrid
1787058047.9239662,8.64971661567688,18.137,77.381,173.735,0.015,349.053,1,0,10,3,10,im_end,box,hybrid
1787058047.9240627,8.649813175201416,18.143,28.081,173.735,0.002,253.477,1,0,10,3,10,im_end,box,hybrid
1787058048.0980835,8.82383394241333,18.009,77.783,173.885,0.016,347.861,1,0,10,3,10,im_end,box,hybrid
1787058048.0981703,8.823920726776123,18.161,27.942,173.885,0.002,252.053,1,0,10,3,10,im_end,box,hybrid
1787058048.2723649,8.998115301132202,18.603,77.153,174.059,0.016,348.164,1,0,10,3,10,im_end,box,hybrid
1787058048.272498,8.99824833869934,18.25,28.301,174.059,0.003,252.362,1,0,10,3,10,im_end,box,hybrid
1787058048.4497983,9.175548791885376,18.294,77.336,177.15,0.017,351.496,1,0,10,3,10,im_end,box,hybrid
1787058048.449932,9.175682544708252,18.42,27.808,177.15,0.003,255.833,1,0,10,3,10,im_end,box,hybrid
1787058048.626475,9.352225542068481,18.413,77.945,176.399,0.016,353.813,1,0,10,3,10,im_end,box,hybrid
1787058048.6265736,9.35232400894165,18.459,28.354,176.399,0.003,257.441,1,0,10,3,10,im_end,box,hybrid
1787058048.8007426,9.526493072509766,18.169,78.619,174.027,0.018,350.675,1,0,10,3,10,im_end,box,hybrid
1787058048.8008392,9.526589632034302,18.149,28.16,174.027,0.002,253.85,1,0,10,3,10,im_end,box,hybrid
1787058048.9759626,9.70171308517456,18.725,76.972,174.983,0.017,349.25,1,0,10,3,10,im_end,box,hybrid
1787058048.9760592,9.701809644699097,18.45,28.052,174.983,0.003,253.519,1,0,10,3,10,im_end,box,hybrid
1787058049.14994,9.875690460205078,18.252,77.456,173.737,0.017,348.964,1,0,10,3,10,im_end,box,hybrid
1787058049.1500323,9.87578272819519,18.362,27.904,173.737,0.003,253.23,1,0,10,3,10,im_end,box,hybrid
1787058049.3236837,10.049434185028076,18.121,77.88,173.515,0.017,347.487,1,0,10,3,10,im_end,box,hybrid
1787058049.323774,10.049524545669556,17.873,28.106,173.515,0.003,251.457,1,0,10,3,10,im_end,box,hybrid
1787058049.4976182,10.223368644714355,18.173,77.344,173.675,0.018,347.461,1,0,10,3,10,im_end,box,hybrid
1787058049.4977045,10.22345495223999,17.862,28.451,173.675,0.002,251.908,1,0,10,3,10,im_end,box,hybrid
1787058049.6758065,10.401556968688965,18.359,77.17,177.963,0.017,351.862,1,0,10,3,10,im_end,box,hybrid
1787058049.6759043,10.401654720306396,18.328,27.971,177.963,0.003,256.287,1,0,10,3,10,im_end,box,hybrid
1787058049.8508227,10.576573133468628,17.908,78.608,174.778,0.016,352.985,1,0,10,3,10,im_end,box,hybrid
1787058049.850913,10.576663494110107,18.397,28.5,174.778,0.003,256.434,1,0,10,3,10,im_end,box,hybrid
1787058050.0251956,10.750946044921875,18.016,78.261,174.141,0.016,349.155,1,0,10,3,10,im_end,box,hybrid
1787058050.0252924,10.75104284286499,18.409,28.409,174.141,0.003,252.846,1,0,10,3,10,im_end,box,hybrid
1787058050.200112,10.925862550735474,18.298,77.478,174.682,0.017,349.065,1,0,10,3,10,im_end,box,hybrid
1787058050.2002149,10.925965309143066,18.314,28.111,174.682,0.003,253.259,1,0,10,3,10,im_end,box,hybrid
1787058050.376161,11.101911544799805,18.079,77.911,175.772,0.017,350.734,1,0,10,3,10,im_end,box,hybrid
1787058050.3762605,11.10201096534729,18.086,28.289,175.772,0.003,254.707,1,0,10,3,10,im_end,box,hybrid
1787058050.5496604,11.275410890579224,18.015,77.711,173.254,0.017,349.276,1,0,10,3,10,im_end,box,hybrid
1787058050.549766,11.275516510009766,18.06,28.32,173.254,0.002,253.515,1,0,10,3,10,im_end,box,hybrid
1787058050.7241008,11.449851274490356,17.885,77.366,174.171,0.017,347.702,1,0,10,3,10,im_end,box,hybrid
1787058050.724198,11.44994854927063,18.191,28.099,174.171,0.003,252.425,1,0,10,3,10,im_end,box,hybrid
1787058050.899841,11.625591516494751,18.08,77.809,175.477,0.046,349.936,1,0,10,3,10,im_end,box,hybrid
1787058050.899927,11.625677347183228,18.082,28.338,175.477,0.002,254.016,1,0,10,3,10,im_end,box,hybrid
1787058051.0758085,11.80155897140503,17.937,77.754,175.74,0.018,351.478,1,0,10,3,10,im_end,box,hybrid
1787058051.0758996,11.801650047302246,17.996,28.973,175.74,0.002,255.75,1,0,10,3,10,im_end,box,hybrid
1787058051.249934,11.975684404373169,18.221,78.149,173.894,0.016,349.861,1,0,10,3,10,im_end,box,hybrid
1787058051.2500722,11.975822687149048,18.146,28.926,173.894,0.003,253.446,1,0,10,3,10,im_end,box,hybrid
1787058051.425565,12.151315450668335,18.068,77.701,175.351,0.017,349.533,1,0,10,3,10,im_end,box,hybrid
1787058051.4256504,12.151400804519653,17.8,28.593,175.351,0.003,253.734,1,0,10,3,10,im_end,box,hybrid
1787058051.600061,12.325811386108398,17.801,77.962,174.281,0.017,349.865,1,0,10,3,10,im_end,box,hybrid
1787058051.6001456,12.32589602470398,17.919,28.402,174.281,0.002,254.071,1,0,10,3,10,im_end,box,hybrid
1787058051.7746718,12.500422239303589,18.211,77.427,174.362,0.017,348.858,1,0,10,3,10,im_end,box,hybrid
1787058051.7747593,12.50050973892212,18.361,28.269,174.362,0.003,253.192,1,0,10,3,10,im_end,box,hybrid
1787058051.9483776,12.67412805557251,18.102,77.741,173.474,0.016,348.104,1,0,10,3,10,im_end,box,hybrid
1787058051.9484696,12.674220085144043,18.156,28.608,173.474,0.003,252.23,1,0,10,3,10,im_end,box,hybrid
1787058052.1225963,12.848346710205078,18.389,77.256,173.978,0.017,347.692,1,0,10,3,10,im_end,box,hybrid
1787058052.1227646,12.848515033721924,18.279,27.849,173.978,0.003,252.014,1,0,10,3,10,im_end,box,hybrid
1787058052.3008397,13.02659010887146,18.279,77.247,177.934,0.018,352.242,1,0,10,3,10,im_end,box,hybrid
1787058052.3009305,13.026680946350098,18.278,28.063,177.934,0.002,256.681,1,0,10,3,10,im_end,box,hybrid
1787058052.4750378,13.200788259506226,18.861,77.647,173.965,0.017,352.135,1,0,10,3,10,im_end,box,hybrid
1787058052.475132,13.20088243484497,18.499,28.84,173.965,0.003,255.592,1,0,10,3,10,im_end,box,hybrid
1787058052.648666,13.37441635131836,18.25,77.85,173.292,0.016,347.171,1,0,10,3,10,im_end,box,hybrid
1787058052.6488059,13.374556303024292,18.405,27.71,173.292,0.003,251.052,1,0,10,3,10,im_end,box,hybrid
1787058052.8227856,13.5485360622406,18.088,77.541,173.838,0.016,347.522,1,0,10,3,10,im_end,box,hybrid
1787058052.822883,13.548633337020874,18.254,27.933,173.838,0.002,251.85,1,0,10,3,10,im_end,box,hybrid
1787058052.9973402,13.723090648651123,18.193,77.361,174.318,0.017,348.397,1,0,10,3,10,im_end,box,hybrid
1787058052.9974296,13.723180055618286,18.299,28.067,174.318,0.002,252.806,1,0,10,3,10,im_end,box,hybrid
1787058053.170934,13.896684408187866,18.16,77.554,173.36,0.018,347.908,1,0,10,3,10,im_end,box,hybrid
1787058053.1710286,13.89677906036377,18.202,28.152,173.36,0.003,252.16,1,0,10,3,10,im_end,box,hybrid
1787058053.3452988,14.071049213409424,18.012,77.58,174.126,0.016,347.736,1,0,10,3,10,im_end,box,hybrid
1787058053.3454275,14.071177959442139,17.99,28.115,174.126,0.002,252.121,1,0,10,3,10,im_end,box,hybrid
1787058053.5226648,14.248415231704712,18.153,77.514,177.087,0.016,351.497,1,0,10,3,10,im_end,box,hybrid
1787058053.5227597,14.248510122299194,18.208,28.126,177.087,0.003,255.803,1,0,10,3,10,im_end,box,hybrid
1787058053.6975543,14.423304796218872,17.849,78.739,174.629,0.026,351.972,1,0,10,3,10,im_end,box,hybrid
1787058053.6976535,14.423403978347778,18.227,28.588,174.629,0.003,255.343,1,0,10,3,10,im_end,box,hybrid
1787058053.8718138,14.597564220428467,18.099,78.398,174.014,0.017,348.914,1,0,10,3,10,im_end,box,hybrid
1787058053.871908,14.597658395767212,18.647,27.85,174.014,0.003,252.382,1,0,10,3,10,im_end,box,hybrid
1787058054.04574,14.771490335464478,18.23,77.433,173.687,0.016,347.949,1,0,10,3,10,im_end,box,hybrid
1787058054.0458412,14.771591663360596,18.639,27.629,173.687,0.002,252.251,1,0,10,3,10,im_end,box,hybrid
1787058054.2192497,14.945000171661377,18.428,77.449,173.266,0.016,347.205,1,0,10,3,10,im_end,box,hybrid
1787058054.2193418,14.94509220123291,18.129,28.107,173.266,0.003,251.306,1,0,10,3,10,im_end,box,hybrid
1787058054.3934033,15.11915373802185,17.959,77.734,173.88,0.018,347.42,1,0,10,3,10,im_end,box,hybrid
1787058054.3935318,15.119282245635986,18.192,27.839,173.88,0.003,251.703,1,0,10,3,10,im_end,box,hybrid
1787058054.5679157,15.293666124343872,18.471,77.072,174.243,0.017,348.408,1,0,10,3,10,im_end,box,hybrid
1787058054.568009,15.2937593460083,17.907,28.424,174.243,0.003,252.824,1,0,10,3,10,im_end,box,hybrid
1787058054.7450373,15.470787763595581,18.026,77.776,176.887,0.017,351.367,1,0,10,3,10,im_end,box,hybrid
1787058054.7451284,15.470878839492798,18.035,28.361,176.887,0.003,255.53,1,0,10,3,10,im_end,box,hybrid
1787058054.9209368,15.646687269210815,17.888,77.912,175.662,0.018,352.793,1,0,10,3,10,im_end,box,hybrid
1787058054.9210312,15.64678168296814,17.823,29.112,175.662,0.003,256.963,1,0,10,3,10,im_end,box,hybrid
1787058055.094995,15.820745468139648,18.27,78.484,173.825,0.015,349.734,1,0,10,3,10,im_end,box,hybrid
1787058055.0950859,15.820836305618286,18.237,28.712,173.825,0.002,252.944,1,0,10,3,10,im_end,box,hybrid
1787058055.2706292,15.996379613876343,18.086,77.769,175.373,0.017,349.467,1,0,10,3,10,im_end,box,hybrid
1787058055.2707267,15.996477127075195,17.973,28.268,175.373,0.002,253.574,1,0,10,3,10,im_end,box,hybrid
1787058055.4444084,16.170158863067627,17.86,78.111,173.542,0.016,349.154,1,0,10,3,10,im_end,box,hybrid
1787058055.4445012,16.170251607894897,17.983,28.355,173.542,0.003,253.14,1,0,10,3,10,im_end,box,hybrid
1787058055.620459,16.34620952606201,18.245,77.303,175.798,0.037,349.602,1,0,10,3,10,im_end,box,hybrid
1787058055.6205487,16.346299171447754,18.094,28.139,175.798,0.003,254.021,1,0,10,3,10,im_end,box,hybrid
1787058055.7941134,16.519863843917847,18.028,77.877,173.389,0.017,349.454,1,0,10,3,10,im_end,box,hybrid
1787058055.794209,16.519959449768066,18.094,28.401,173.389,0.002,253.505,1,0,10,3,10,im_end,box,hybrid
1787058055.970917,16.696667432785034,17.971,77.487,176.571,0.016,350.204,1,0,10,3,10,im_end,box,hybrid
1787058055.971005,16.696755409240723,18.111,28.099,176.571,0.002,254.712,1,0,10,3,10,im_end,box,hybrid
1787058056.1489322,16.874682664871216,18.318,77.529,177.787,0.016,354.588,1,0,10,3,10,im_end,box,hybrid
1787058056.149062,16.874812364578247,18.129,28.447,177.787,0.003,258.697,1,0,10,3,10,im_end,box,hybrid
1787058056.3235238,17.0492742061615,17.916,78.836,174.32,0.017,352.387,1,0,10,3,10,im_end,box,hybrid
1787058056.323634,17.049384355545044,18.334,28.468,174.32,0.003,255.505,1,0,10,3,10,im_end,box,hybrid
1787058056.498029,17.223779439926147,18.448,77.645,174.255,0.016,348.832,1,0,10,3,10,im_end,box,hybrid
1787058056.4981196,17.223870038986206,18.174,28.1,174.255,0.003,252.713,1,0,10,3,10,im_end,box,hybrid
1787058056.6721447,17.397895097732544,18.215,77.534,173.888,0.018,348.37,1,0,10,3,10,im_end,box,hybrid
1787058056.6722376,17.397988080978394,18.186,28.085,173.888,0.003,252.583,1,0,10,3,10,im_end,box,hybrid
1787058056.846294,17.572044372558594,18.086,77.941,173.915,0.017,348.044,1,0,10,3,10,im_end,box,hybrid
1787058056.846387,17.572137355804443,18.133,28.118,173.915,0.003,251.98,1,0,10,3,10,im_end,box,hybrid
1787058057.0204332,17.74618363380432,18.08,77.74,173.887,0.016,348.043,1,0,10,3,10,im_end,box,hybrid
1787058057.02059,17.74634051322937,17.858,28.245,173.887,0.003,252.202,1,0,10,3,10,im_end,box,hybrid
1787058057.1965063,17.92225670814514,17.839,77.851,175.768,0.017,349.987,1,0,10,3,10,im_end,box,hybrid
1787058057.1966443,17.92239475250244,17.901,28.271,175.768,0.002,254.265,1,0,10,3,10,im_end,box,hybrid
1787058057.374524,18.100274562835693,18.182,77.664,177.732,0.018,353.789,1,0,10,3,10,im_end,box,hybrid
1787058057.3746214,18.100371837615967,18.201,28.236,177.732,0.002,257.909,1,0,10,3,10,im_end,box,hybrid
1787058057.5508792,18.27662968635559,18.085,78.564,176.113,0.017,354.096,1,0,10,3,10,im_end,box,hybrid
1787058057.550973,18.276723384857178,18.385,28.522,176.113,0.002,257.412,1,0,10,3,10,im_end,box,hybrid
1787058057.7261314,18.451881885528564,18.17,78.264,175.018,0.016,351.369,1,0,10,3,10,im_end,box,hybrid
1787058057.72623,18.451980352401733,18.016,28.256,175.018,0.002,254.892,1,0,10,3,10,im_end,box,hybrid
1787058057.900035,18.62578535079956,17.941,77.854,173.66,0.018,348.924,1,0,10,3,10,im_end,box,hybrid
1787058057.900135,18.625885486602783,18.439,28.135,173.66,0.003,253.1,1,0,10,3,10,im_end,box,hybrid
1787058058.073943,18.79969334602356,18.258,77.549,173.666,0.017,347.579,1,0,10,3,10,im_end,box,hybrid
1787058058.0740469,18.799797296524048,18.222,28.079,173.666,0.002,251.728,1,0,10,3,10,im_end,box,hybrid
1787058058.24842,18.974170446395874,18.05,77.579,174.202,0.017,348.145,1,0,10,3,10,im_end,box,hybrid
1787058058.2485175,18.974267959594727,18.03,28.3,174.202,0.002,252.479,1,0,10,3,10,im_end,box,hybrid
1787058058.422349,19.148099422454834,18.138,77.563,173.678,0.016,348.143,1,0,10,3,10,im_end,box,hybrid
1787058058.422492,19.148242473602295,18.037,28.609,173.678,0.002,252.413,1,0,10,3,10,im_end,box,hybrid
1787058058.5994792,19.32522964477539,18.254,77.492,176.853,0.017,350.824,1,0,10,3,10,im_end,box,hybrid
1787058058.5995638,19.32531428337097,18.063,28.203,176.853,0.003,255.048,1,0,10,3,10,im_end,box,hybrid
1787058058.777255,19.503005504608154,18.176,77.929,177.552,0.016,354.631,1,0,10,3,10,im_end,box,hybrid
1787058058.7773492,19.5030996799469,18.522,28.448,177.552,0.002,258.494,1,0,10,3,10,im_end,box,hybrid
1787058058.9525084,19.678258895874023,18.181,78.494,175.023,0.017,352.81,1,0,10,3,10,im_end,box,hybrid
1787058058.9526112,19.678361654281616,18.357,28.862,175.023,0.003,256.106,1,0,10,3,10,im_end,box,hybrid
1787058059.1278567,19.853607177734375,18.326,77.373,175.109,0.016,350.381,1,0,10,3,10,im_end,box,hybrid
1787058059.1279428,19.85369324684143,18.116,27.906,175.109,0.003,254.647,1,0,10,3,10,im_end,box,hybrid
1787058059.304042,20.029792547225952,18.067,77.441,175.969,0.016,351.303,1,0,10,3,10,im_end,box,hybrid
1787058059.3041782,20.02992868423462,17.982,28.382,175.969,0.002,255.754,1,0,10,3,10,im_end,box,hybrid
1787058059.4795172,20.205267667770386,18.553,77.291,175.2,0.015,351.443,1,0,10,3,10,im_end,box,hybrid
1787058059.479614,20.2053644657135,18.082,28.499,175.2,0.003,255.57,1,0,10,3,10,im_end,box,hybrid
1787058059.6561637,20.381914138793945,18.146,77.357,176.408,0.016,351.855,1,0,10,3,10,im_end,box,hybrid
1787058059.6562605,20.38201093673706,18.314,27.784,176.408,0.003,256.321,1,0,10,3,10,im_end,box,hybrid
1787058059.834078,20.559828519821167,18.381,77.103,177.672,0.016,354.328,1,0,10,3,10,im_end,box,hybrid
1787058059.8341646,20.55991506576538,18.337,27.922,177.672,0.003,258.814,1,0,10,3,10,im_end,box,hybrid
1787058060.0116098,20.73736023902893,18.295,77.357,177.308,0.016,355.207,1,0,10,3,10,im_end,box,hybrid
1787058060.0116954,20.737445831298828,18.35,28.607,177.308,0.002,259.521,1,0,10,3,10,im_end,box,hybrid
1787058060.186642,20.912392377853394,18.072,78.397,174.809,0.016,352.347,1,0,10,3,10,im_end,box,hybrid
1787058060.186735,20.912485361099243,18.692,28.244,174.809,0.002,255.846,1,0,10,3,10,im_end,box,hybrid
1787058060.3612242,21.086974620819092,18.486,77.254,174.308,0.016,349.394,1,0,10,3,10,im_end,box,hybrid
1787058060.361319,21.087069511413574,18.236,27.878,174.308,0.002,253.636,1,0,10,3,10,im_end,box,hybrid
1787058060.5351567,21.26090717315674,18.756,76.941,173.701,0.016,348.255,1,0,10,3,10,im_end,box,hybrid
1787058060.5352573,21.26100778579712,18.194,28.128,173.701,0.002,252.526,1,0,10,3,10,im_end,box,hybrid
1787058060.7088916,21.43464207649231,18.413,77.594,173.49,0.017,347.432,1,0,10,3,10,im_end,box,hybrid
1787058060.708994,21.434744358062744,18.245,28.07,173.49,0.003,251.39,1,0,10,3,10,im_end,box,hybrid
1787058060.8836465,21.609396934509277,18.07,77.528,174.51,0.017,348.255,1,0,10,3,10,im_end,box,hybrid
1787058060.8837416,21.60949206352234,18.631,27.689,174.51,0.003,252.627,1,0,10,3,10,im_end,box,hybrid
1787058061.0583081,21.784058570861816,18.182,77.211,174.42,0.017,349.177,1,0,10,3,10,im_end,box,hybrid
1787058061.058401,21.784151554107666,18.385,27.881,174.42,0.003,253.754,1,0,10,3,10,im_end,box,hybrid
1787058061.235469,21.961219549179077,18.239,77.473,176.894,0.016,351.596,1,0,10,3,10,im_end,box,hybrid
1787058061.2356055,21.961355924606323,18.292,28.074,176.894,0.002,255.848,1,0,10,3,10,im_end,box,hybrid
1787058061.4107716,22.13652205467224,17.987,78.621,175.006,0.016,352.203,1,0,10,3,10,im_end,box,hybrid
1787058061.410867,22.136617422103882,18.038,28.922,175.006,0.002,255.556,1,0,10,3,10,im_end,box,hybrid
1787058061.584382,22.31013250350952,18.025,78.044,173.368,0.017,348.621,1,0,10,3,10,im_end,box,hybrid
1787058061.584484,22.310234546661377,17.98,28.178,173.368,0.003,252.519,1,0,10,3,10,im_end,box,hybrid
1787058061.7580903,22.483840703964233,17.963,77.648,173.465,0.016,347.083,1,0,10,3,10,im_end,box,hybrid
1787058061.7581751,22.483925580978394,18.141,28.071,173.465,0.003,251.436,1,0,10,3,10,im_end,box,hybrid
1787058061.9322727,22.65802311897278,18.23,77.504,173.963,0.017,347.656,1,0,10,3,10,im_end,box,hybrid
1787058061.9323626,22.6581130027771,18.228,28.008,173.963,0.003,251.889,1,0,10,3,10,im_end,box,hybrid
1787058062.1060908,22.831841230392456,18.019,77.66,173.589,0.016,347.785,1,0,10,3,10,im_end,box,hybrid
1787058062.1062315,22.831981897354126,18.058,28.256,173.589,0.003,252.074,1,0,10,3,10,im_end,box,hybrid
1787058062.280005,23.00575542449951,17.967,77.79,173.633,0.017,347.509,1,0,10,3,10,im_end,box,hybrid
1787058062.2800949,23.005845308303833,18.056,28.182,173.633,0.002,251.719,1,0,10,3,10,im_end,box,hybrid
1787058062.4578273,23.1835777759552,18.207,77.389,177.592,0.017,351.457,1,0,10,3,10,im_end,box,hybrid
1787058062.4579206,23.18367099761963,17.838,28.23,177.592,0.003,255.831,1,0,10,3,10,im_end,box,hybrid
1787058062.6349714,23.360721826553345,18.168,78.163,176.908,0.016,354.741,1,0,10,3,10,im_end,box,hybrid
1787058062.6350574,23.3608078956604,18.391,28.498,176.908,0.003,258.374,1,0,10,3,10,im_end,box,hybrid
1787058062.8095503,23.535300731658936,18.497,78.318,174.355,0.018,351.496,1,0,10,3,10,im_end,box,hybrid
1787058062.8096411,23.535391569137573,18.444,28.133,174.355,0.003,254.648,1,0,10,3,10,im_end,box,hybrid
1787058062.9851873,23.71093773841858,18.601,77.079,175.396,0.017,349.925,1,0,10,3,10,im_end,box,hybrid
1787058062.9852808,23.711031198501587,18.628,27.667,175.396,0.002,254.216,1,0,10,3,10,im_end,box,hybrid
1787058063.1595693,23.885319709777832,18.554,77.208,174.143,0.016,349.787,1,0,10,3,10,im_end,box,hybrid
1787058063.159666,23.885416507720947,18.359,27.671,174.143,0.002,253.99,1,0,10,3,10,im_end,box,hybrid
1787058063.3341591,24.05990958213806,18.079,78.023,174.357,0.016,348.75,1,0,10,3,10,im_end,box,hybrid
1787058063.3342898,24.06004023551941,18.05,28.137,174.357,0.003,252.606,1,0,10,3,10,im_end,box,hybrid
1787058063.5080862,24.23383665084839,18.189,77.784,173.65,0.016,348.286,1,0,10,3,10,im_end,box,hybrid
1787058063.508185,24.233935356140137,18.665,27.551,173.65,0.002,252.283,1,0,10,3,10,im_end,box,hybrid
1787058063.6835165,24.40926694869995,18.128,77.554,175.188,0.016,349.088,1,0,10,3,10,im_end,box,hybrid
1787058063.683614,24.409364461898804,18.119,28.082,175.188,0.003,253.37,1,0,10,3,10,im_end,box,hybrid
1787058063.8593183,24.585068702697754,18.153,77.801,175.563,0.016,350.999,1,0,10,3,10,im_end,box,hybrid
1787058063.8594148,24.58516526222229,18.077,28.628,175.563,0.002,255.018,1,0,10,3,10,im_end,box,hybrid
1787058064.0339904,24.759740829467773,18.26,78.234,174.438,0.017,350.242,1,0,10,3,10,im_end,box,hybrid
1787058064.0341017,24.759852170944214,18.2,28.63,174.438,0.003,253.713,1,0,10,3,10,im_end,box,hybrid
1787058064.2084942,24.934244632720947,18.172,78.247,174.24,0.019,348.949,1,0,10,3,10,im_end,box,hybrid
1787058064.2086651,24.934415578842163,18.014,28.184,174.24,0.002,252.489,1,0,10,3,10,im_end,box,hybrid
1787058064.3836744,25.109424829483032,17.935,78.041,174.868,0.016,349.414,1,0,10,3,10,im_end,box,hybrid
1787058064.3837595,25.10950994491577,18.51,27.924,174.868,0.002,253.41,1,0,10,3,10,im_end,box,hybrid
1787058064.5573823,25.283132791519165,17.816,77.804,173.482,0.017,348.581,1,0,10,3,10,im_end,box,hybrid
1787058064.5574763,25.28322672843933,17.963,28.069,173.482,0.003,252.928,1,0,10,3,10,im_end,box,hybrid
1787058064.73173,25.457480430603027,17.966,77.509,174.12,0.016,347.845,1,0,10,3,10,im_end,box,hybrid
1787058064.7318268,25.457577228546143,17.814,28.462,174.12,0.002,252.334,1,0,10,3,10,im_end,box,hybrid
1787058064.9075425,25.63329291343689,17.831,77.82,175.581,0.016,349.93,1,0,10,3,10,im_end,box,hybrid
1787058064.9076385,25.633388996124268,18.194,28.577,175.581,0.002,254.242,1,0,10,3,10,im_end,box,hybrid
1787058065.0850646,25.81081509590149,18.271,77.132,177.284,0.017,353.108,1,0,10,3,10,im_end,box,hybrid
1787058065.0851572,25.81090760231018,18.435,27.881,177.284,0.003,257.673,1,0,10,3,10,im_end,box,hybrid
1787058065.2607617,25.986512184143066,18.286,78.152,175.411,0.016,352.969,1,0,10,3,10,im_end,box,hybrid
1787058065.260867,25.98661756515503,18.048,28.596,175.411,0.002,256.494,1,0,10,3,10,im_end,box,hybrid
1787058065.4348078,26.160558223724365,18.265,77.98,173.797,0.017,349.489,1,0,10,3,10,im_end,box,hybrid
1787058065.4349053,26.160655736923218,18.443,28.225,173.797,0.002,253.203,1,0,10,3,10,im_end,box,hybrid
1787058065.6087124,26.334462881088257,18.336,77.575,173.668,0.016,347.703,1,0,10,3,10,im_end,box,hybrid
1787058065.6088085,26.334558963775635,18.209,27.987,173.668,0.003,251.731,1,0,10,3,10,im_end,box,hybrid
1787058065.7848058,26.5105562210083,18.357,77.294,175.814,0.016,349.722,1,0,10,3,10,im_end,box,hybrid
1787058065.7848935,26.51064395904541,18.144,28.308,175.814,0.003,254.038,1,0,10,3,10,im_end,box,hybrid
1787058065.9604037,26.68615412712097,18.387,77.613,175.37,0.017,351.459,1,0,10,3,10,im_end,box,hybrid
1787058065.960493,26.686243534088135,18.499,27.736,175.37,0.002,255.446,1,0,10,3,10,im_end,box,hybrid
1787058066.1347802,26.860530614852905,18.275,77.416,174.052,0.019,349.756,1,0,10,3,10,im_end,box,hybrid
1787058066.1348662,26.86061668395996,18.163,28.02,174.052,0.003,254.031,1,0,10,3,10,im_end,box,hybrid
1787058066.3115768,27.0373272895813,18.158,77.478,176.569,0.017,350.85,1,0,10,3,10,im_end,box,hybrid
1787058066.3116865,27.037436962127686,18.289,28.079,176.569,0.002,255.171,1,0,10,3,10,im_end,box,hybrid
1787058066.4884176,27.214168071746826,18.346,78.106,176.584,0.017,353.417,1,0,10,3,10,im_end,box,hybrid
1787058066.4885085,27.214258909225464,18.063,28.838,176.584,0.003,256.937,1,0,10,3,10,im_end,box,hybrid
1787058066.6620657,27.387816190719604,18.352,78.435,173.409,0.018,350.23,1,0,10,3,10,im_end,box,hybrid
1787058066.6621568,27.38790726661682,17.958,28.203,173.409,0.002,253.4,1,0,10,3,10,im_end,box,hybrid
1787058066.8367572,27.56250762939453,18.207,77.503,174.453,0.016,348.081,1,0,10,3,10,im_end,box,hybrid
1787058066.8368623,27.562612771987915,18.149,28.171,174.453,0.003,252.334,1,0,10,3,10,im_end,box,hybrid
1787058067.0108118,27.736562252044678,18.27,77.596,173.801,0.017,348.517,1,0,10,3,10,im_end,box,hybrid
1787058067.0109866,27.73673701286316,18.438,27.875,173.801,0.003,252.616,1,0,10,3,10,im_end,box,hybrid
1787058067.1863792,27.912129640579224,18.167,77.486,175.247,0.016,349.377,1,0,10,3,10,im_end,box,hybrid
1787058067.1864765,27.912226915359497,18.395,27.766,175.247,0.002,253.699,1,0,10,3,10,im_end,box,hybrid
1787058067.3613536,28.087104082107544,18.291,77.383,174.747,0.017,350.234,1,0,10,3,10,im_end,box,hybrid
1787058067.3614461,28.087196588516235,18.384,27.934,174.747,0.002,254.525,1,0,10,3,10,im_end,box,hybrid
1787058067.5407555,28.26650595664978,18.324,77.271,179.132,0.032,354.125,1,0,10,3,10,im_end,box,hybrid
1787058067.540872,28.26662254333496,18.354,27.902,179.132,0.003,258.5,1,0,10,3,10,im_end,box,hybrid
1787058067.7165546,28.442305088043213,18.046,78.112,175.545,0.017,354.98,1,0,10,3,10,im_end,box,hybrid
1787058067.7167518,28.44250226020813,17.96,29.125,175.545,0.003,258.792,1,0,10,3,10,im_end,box,hybrid
1787058067.8908112,28.61656165122986,18.415,78.092,173.918,0.017,349.802,1,0,10,3,10,im_end,box,hybrid
1787058067.8909085,28.616658926010132,18.312,28.359,173.918,0.003,253.256,1,0,10,3,10,im_end,box,hybrid
1787058068.0654175,28.791167974472046,18.365,77.219,174.365,0.018,348.532,1,0,10,3,10,im_end,box,hybrid
1787058068.0655081,28.791258573532104,18.511,27.771,174.365,0.002,252.912,1,0,10,3,10,im_end,box,hybrid
1787058068.2393682,28.965118646621704,18.625,77.561,173.722,0.016,348.325,1,0,10,3,10,im_end,box,hybrid
1787058068.2395022,28.96525263786316,18.311,28.014,173.722,0.002,252.111,1,0,10,3,10,im_end,box,hybrid
1787058068.4149845,29.140734910964966,18.179,77.421,175.316,0.034,349.343,1,0,10,3,10,im_end,box,hybrid
1787058068.415128,29.140878438949585,18.091,28.228,175.316,0.004,253.718,1,0,10,3,10,im_end,box,hybrid
1787058068.5892415,29.31499195098877,18.332,77.385,173.957,0.017,349.602,1,0,10,3,10,im_end,box,hybrid
1787058068.5893419,29.31509232521057,18.078,28.11,173.957,0.003,253.863,1,0,10,3,10,im_end,box,hybrid
1787058068.7658052,29.49155569076538,17.968,77.985,176.324,0.017,350.528,1,0,10,3,10,im_end,box,hybrid
1787058068.765899,29.491649389266968,17.982,28.161,176.324,0.002,254.54,1,0,10,3,10,im_end,box,hybrid
1787058068.9422975,29.66804790496826,17.857,78.02,176.241,0.035,352.822,1,0,10,3,10,im_end,box,hybrid
1787058068.942386,29.66813635826111,18.047,28.899,176.241,0.003,256.912,1,0,10,3,10,im_end,box,hybrid
1787058069.1165304,29.842280864715576,18.42,78.123,174.002,0.018,350.494,1,0,10,3,10,im_end,box,hybrid
1787058069.1166627,29.842413187026978,17.92,28.927,174.002,0.002,253.922,1,0,10,3,10,im_end,box,hybrid
1787058069.2904916,30.016242027282715,17.956,78.131,173.686,0.016,347.975,1,0,10,3,10,im_end,box,hybrid
1787058069.2906199,30.01637029647827,17.992,28.294,173.686,0.002,251.862,1,0,10,3,10,im_end,box,hybrid
1787058069.4659605,30.191710948944092,17.967,77.65,175.214,0.016,349.169,1,0,10,3,10,im_end,box,hybrid
1787058069.466054,30.1918044090271,17.909,28.424,175.214,0.002,253.512,1,0,10,3,10,im_end,box,hybrid
1787058069.6417706,30.367521047592163,18.034,77.544,175.561,0.018,351.006,1,0,10,3,10,im_end,box,hybrid
1787058069.6418552,30.367605686187744,18.061,28.427,175.561,0.003,255.398,1,0,10,3,10,im_end,box,hybrid
1787058069.8163962,30.542146682739258,18.008,77.817,174.298,0.016,350.214,1,0,10,3,10,im_end,box,hybrid
1787058069.8164818,30.542232275009155,18.07,28.145,174.298,0.003,254.363,1,0,10,3,10,im_end,box,hybrid
1787058069.9908185,30.71656894683838,17.871,77.726,174.188,0.018,348.711,1,0,10,3,10,im_end,box,hybrid
1787058069.9909203,30.716670751571655,17.888,28.277,174.188,0.003,253.082,1,0,10,3,10,im_end,box,hybrid
1787058070.1691246,30.894875049591064,18.491,77.208,178.059,0.017,352.512,1,0,10,3,10,im_end,box,hybrid
1787058070.169225,30.894975423812866,18.316,27.925,178.059,0.002,256.779,1,0,10,3,10,im_end,box,hybrid
1787058070.3450284,31.070778846740723,18.248,78.467,175.63,0.016,353.974,1,0,10,3,10,im_end,box,hybrid
1787058070.34512,31.070870399475098,18.133,28.869,175.63,0.002,257.219,1,0,10,3,10,im_end,box,hybrid
1787058070.5189502,31.24470067024231,18.126,78.096,173.691,0.016,349.563,1,0,10,3,10,im_end,box,hybrid
1787058070.5190506,31.24480104446411,17.898,28.235,173.691,0.002,253.316,1,0,10,3,10,im_end,box,hybrid
1787058070.6929083,31.41865873336792,18.141,77.773,173.719,0.015,347.653,1,0,10,3,10,im_end,box,hybrid
1787058070.6929958,31.41874623298645,18.047,28.189,173.719,0.003,251.721,1,0,10,3,10,im_end,box,hybrid
1787058070.8663468,31.592097282409668,18.567,77.214,173.212,0.016,347.165,1,0,10,3,10,im_end,box,hybrid
1787058070.8664477,31.592198133468628,18.161,28.256,173.212,0.002,251.353,1,0,10,3,10,im_end,box,hybrid
1787058071.0401547,31.765905141830444,18.211,77.253,173.573,0.016,347.027,1,0,10,3,10,im_end,box,hybrid
1787058071.0402453,31.765995740890503,18.123,28.241,173.573,0.002,251.535,1,0,10,3,10,im_end,box,hybrid
1787058071.2138696,31.93962001800537,18.493,77.245,173.448,0.017,347.294,1,0,10,3,10,im_end,box,hybrid
1787058071.2139678,31.93971824645996,18.066,28.259,173.448,0.003,251.533,1,0,10,3,10,im_end,box,hybrid
1787058071.3910928,32.11684322357178,17.991,77.628,176.988,0.017,350.676,1,0,10,3,10,im_end,box,hybrid
1787058071.3911886,32.116939067840576,18.035,28.383,176.988,0.003,255.026,1,0,10,3,10,im_end,box,hybrid
1787058071.5680873,32.293837785720825,18.204,77.751,176.762,0.016,353.993,1,0,10,3,10,im_end,box,hybrid
1787058071.5681815,32.29393196105957,18.094,28.841,176.762,0.003,257.991,1,0,10,3,10,im_end,box,hybrid
1787058071.7427123,32.46846270561218,18.253,78.408,174.345,0.016,351.383,1,0,10,3,10,im_end,box,hybrid
1787058071.7428129,32.46856331825256,18.183,28.68,174.345,0.002,254.686,1,0,10,3,10,im_end,box,hybrid
1787058071.9184158,32.644166231155396,18.26,77.403,175.464,0.016,350.061,1,0,10,3,10,im_end,box,hybrid
1787058071.918506,32.644256353378296,18.197,28.406,175.464,0.002,254.369,1,0,10,3,10,im_end,box,hybrid
1787058072.0928397,32.81859016418457,18.131,77.683,174.194,0.017,349.892,1,0,10,3,10,im_end,box,hybrid
1787058072.0929673,32.81871771812439,18.295,27.93,174.194,0.002,254.05,1,0,10,3,10,im_end,box,hybrid
1787058072.2688465,32.9945969581604,18.15,77.339,175.736,0.017,350.207,1,0,10,3,10,im_end,box,hybrid
1787058072.2689435,32.994693994522095,18.13,28.008,175.736,0.003,254.682,1,0,10,3,10,im_end,box,hybrid
1787058072.4423773,33.16812777519226,18.488,77.459,173.293,0.016,349.274,1,0,10,3,10,im_end,box,hybrid
1787058072.4424677,33.16821813583374,18.437,28.137,173.293,0.003,253.288,1,0,10,3,10,im_end,box,hybrid
1787058072.6184516,33.34420204162598,18.123,77.595,175.826,0.017,349.374,1,0,10,3,10,im_end,box,hybrid
1787058072.618541,33.34429144859314,18.092,27.798,175.826,0.003,253.64,1,0,10,3,10,im_end,box,hybrid
1787058072.7966726,33.52242302894592,18.26,77.402,177.966,0.017,354.053,1,0,10,3,10,im_end,box,hybrid
1787058072.7967696,33.52252006530762,18.465,28.526,177.966,0.003,258.351,1,0,10,3,10,im_end,box,hybrid
1787058072.972394,33.69814443588257,18.076,78.243,175.484,0.016,353.715,1,0,10,3,10,im_end,box,hybrid
1787058072.9724877,33.698238134384155,18.021,29.388,175.484,0.003,257.348,1,0,10,3,10,im_end,box,hybrid
1787058073.1462598,33.872010231018066,18.226,77.615,173.628,0.017,349.359,1,0,10,3,10,im_end,box,hybrid
1787058073.1463592,33.87210965156555,18.159,28.201,173.628,0.003,253.488,1,0,10,3,10,im_end,box,hybrid
1787058073.3210924,34.04684281349182,18.321,77.342,174.59,0.017,348.47,1,0,10,3,10,im_end,box,hybrid
1787058073.3211837,34.04693412780762,18.004,28.112,174.59,0.002,252.778,1,0,10,3,10,im_end,box,hybrid
1787058073.4964836,34.22223401069641,17.894,77.761,175.157,0.017,349.985,1,0,10,3,10,im_end,box,hybrid
1787058073.496666,34.222416400909424,17.855,28.626,175.157,0.003,254.284,1,0,10,3,10,im_end,box,hybrid
1787058073.6707203,34.39647078514099,18.159,77.84,173.904,0.016,349.398,1,0,10,3,10,im_end,box,hybrid
1787058073.6708179,34.396568298339844,18.191,27.969,173.904,0.003,253.387,1,0,10,3,10,im_end,box,hybrid
1787058073.8456745,34.57142496109009,18.312,77.808,174.713,0.018,348.867,1,0,10,3,10,im_end,box,hybrid
1787058073.8457675,34.57151794433594,18.091,27.983,174.713,0.003,252.724,1,0,10,3,10,im_end,box,hybrid
1787058074.0217261,34.74747657775879,18.068,77.514,175.812,0.017,350.77,1,0,10,3,10,im_end,box,hybrid
1787058074.0218234,34.74757385253906,18.226,28.171,175.812,0.003,255.145,1,0,10,3,10,im_end,box,hybrid
1787058074.1958284,34.921578884124756,18.372,77.987,173.86,0.016,349.923,1,0,10,3,10,im_end,box,hybrid
1787058074.195924,34.921674489974976,18.24,28.781,173.86,0.003,253.531,1,0,10,3,10,im_end,box,hybrid
1787058074.3701527,35.095903158187866,17.951,78.141,174.058,0.018,348.157,1,0,10,3,10,im_end,box,hybrid
1787058074.3702798,35.09603023529053,18.338,27.999,174.058,0.003,252.026,1,0,10,3,10,im_end,box,hybrid
1787058074.5444112,35.270161628723145,18.153,77.496,173.926,0.017,348.303,1,0,10,3,10,im_end,box,hybrid
1787058074.5445364,35.27028679847717,18.309,28.03,173.926,0.003,252.622,1,0,10,3,10,im_end,box,hybrid
1787058074.7183743,35.444124698638916,18.168,77.655,173.642,0.019,347.946,1,0,10,3,10,im_end,box,hybrid
1787058074.718467,35.44421744346619,18.004,28.186,173.642,0.003,252.097,1,0,10,3,10,im_end,box,hybrid
1787058074.8920841,35.61783456802368,17.998,77.687,173.476,0.017,347.362,1,0,10,3,10,im_end,box,hybrid
1787058074.8921766,35.61792707443237,18.065,28.176,173.476,0.003,251.64,1,0,10,3,10,im_end,box,hybrid
1787058075.0661988,35.79194927215576,18.13,77.771,173.843,0.016,347.561,1,0,10,3,10,im_end,box,hybrid
1787058075.0662913,35.79204177856445,17.894,28.329,173.843,0.042,251.661,1,0,10,3,10,im_end,box,hybrid
1787058075.2420645,35.967814922332764,17.93,77.962,175.626,0.017,349.749,1,0,10,3,10,im_end,box,hybrid
1787058075.2421696,35.96792006492615,18.02,28.395,175.626,0.003,253.808,1,0,10,3,10,im_end,box,hybrid
1787058075.4167244,36.14247488975525,17.84,78.399,174.368,0.017,350.298,1,0,10,3,10,im_end,box,hybrid
1787058075.4168224,36.14257287979126,18.282,28.758,174.368,0.002,254.038,1,0,10,3,10,im_end,box,hybrid
1787058075.5917737,36.31752419471741,17.987,78.441,174.813,0.016,349.427,1,0,10,3,10,im_end,box,hybrid
1787058075.5918918,36.31764221191406,18.0,28.517,174.813,0.003,252.981,1,0,10,3,10,im_end,box,hybrid
1787058075.7659402,36.49169063568115,17.974,78.045,173.897,0.016,348.978,1,0,10,3,10,im_end,box,hybrid
1787058075.7660568,36.49180722236633,17.875,28.165,173.897,0.003,252.945,1,0,10,3,10,im_end,box,hybrid
1787058075.9417148,36.66746520996094,18.059,77.835,175.511,0.017,349.681,1,0,10,3,10,im_end,box,hybrid
1787058075.9418387,36.66758918762207,17.935,28.223,175.511,0.003,253.752,1,0,10,3,10,im_end,box,hybrid
1787058076.1157289,36.84147930145264,18.064,77.477,173.721,0.018,349.529,1,0,10,3,10,im_end,box,hybrid
1787058076.1158266,36.84157705307007,18.063,28.418,173.721,0.003,253.957,1,0,10,3,10,im_end,box,hybrid
1787058076.2898343,37.01558470726013,17.845,78.108,173.831,0.017,347.841,1,0,10,3,10,im_end,box,hybrid
1787058076.289933,37.01568341255188,18.485,27.695,173.831,0.003,251.867,1,0,10,3,10,im_end,box,hybrid
1787058076.4659536,37.1917040348053,18.118,77.706,175.879,0.017,349.957,1,0,10,3,10,im_end,box,hybrid
1787058076.4660416,37.191792011260986,18.202,28.057,175.879,0.003,254.089,1,0,10,3,10,im_end,box,hybrid
1787058076.6429741,37.36872458457947,18.238,77.53,176.797,0.016,352.907,1,0,10,3,10,im_end,box,hybrid
1787058076.64306,37.368810415267944,18.415,28.636,176.797,0.003,257.107,1,0,10,3,10,im_end,box,hybrid
1787058076.8180494,37.54379987716675,18.126,78.321,174.858,0.015,351.883,1,0,10,3,10,im_end,box,hybrid
1787058076.8181403,37.543890714645386,17.852,29.16,174.858,0.003,255.403,1,0,10,3,10,im_end,box,hybrid
1787058076.9937305,37.719480991363525,18.004,77.346,175.45,0.017,350.54,1,0,10,3,10,im_end,box,hybrid
1787058076.9938297,37.71958017349243,17.969,28.231,175.45,0.003,255.148,1,0,10,3,10,im_end,box,hybrid
1787058077.1689813,37.894731760025024,18.012,77.569,175.002,0.017,350.706,1,0,10,3,10,im_end,box,hybrid
1787058077.16911,37.89486050605774,17.88,28.403,175.002,0.002,255.081,1,0,10,3,10,im_end,box,hybrid
1787058077.344703,38.07045340538025,17.894,78.095,175.451,0.017,350.747,1,0,10,3,10,im_end,box,hybrid
1787058077.3447945,38.070544958114624,17.892,28.473,175.451,0.002,254.724,1,0,10,3,10,im_end,box,hybrid
1787058077.5206966,38.24644708633423,17.894,77.904,175.665,0.037,351.37,1,0,10,3,10,im_end,box,hybrid
1787058077.5208826,38.24663305282593,18.172,27.942,175.665,0.004,255.544,1,0,10,3,10,im_end,box,hybrid
1787058077.698906,38.4246563911438,18.091,77.747,177.89,0.016,353.989,1,0,10,3,10,im_end,box,hybrid
1787058077.6989977,38.42474818229675,17.974,28.264,177.89,0.003,258.135,1,0,10,3,10,im_end,box,hybrid
1787058077.8754172,38.60116767883301,18.476,77.403,176.274,0.018,354.391,1,0,10,3,10,im_end,box,hybrid
1787058077.875524,38.601274490356445,18.111,28.735,176.274,0.003,258.498,1,0,10,3,10,im_end,box,hybrid
1787058078.0503776,38.77612805366516,18.185,78.341,174.704,0.024,351.251,1,0,10,3,10,im_end,box,hybrid
1787058078.050468,38.77621841430664,18.182,28.853,174.704,0.003,254.677,1,0,10,3,10,im_end,box,hybrid
1787058078.2252302,38.95098066329956,18.261,77.646,174.619,0.017,349.568,1,0,10,3,10,im_end,box,hybrid
1787058078.2253292,38.95107960700989,18.432,27.804,174.619,0.002,253.617,1,0,10,3,10,im_end,box,hybrid
1787058078.4034162,39.12916660308838,18.174,77.594,174.881,0.016,352.822,1,0,10,3,10,im_end,box,hybrid
1787058078.403565,39.12931537628174,18.142,28.545,174.881,0.003,257.012,1,0,10,3,10,im_end,box,hybrid
1787058078.5788913,39.30464172363281,18.381,80.164,175.175,0.016,353.423,1,0,10,3,10,im_end,box,hybrid
1787058078.5789785,39.304728984832764,18.292,28.148,175.175,0.002,254.842,1,0,10,3,10,im_end,box,hybrid
1787058078.754556,39.48030638694763,18.623,77.156,175.441,0.016,350.845,1,0,10,3,10,im_end,box,hybrid
1787058078.7546525,39.48040294647217,18.069,27.996,175.441,0.002,255.044,1,0,10,3,10,im_end,box,hybrid
1787058078.9309497,39.656700134277344,18.387,77.19,176.167,0.017,351.85,1,0,10,3,10,im_end,box,hybrid
1787058078.9310393,39.656789779663086,18.407,28.192,176.167,0.003,256.256,1,0,10,3,10,im_end,box,hybrid
1787058079.1089742,39.83472466468811,18.188,77.816,177.793,0.016,354.187,1,0,10,3,10,im_end,box,hybrid
1787058079.1090732,39.83482360839844,18.161,28.172,177.793,0.003,258.166,1,0,10,3,10,im_end,box,hybrid
1787058079.2856297,40.011380195617676,18.077,78.5,176.416,0.016,354.462,1,0,10,3,10,im_end,box,hybrid
1787058079.2857633,40.01151371002197,18.232,28.685,176.416,0.003,257.852,1,0,10,3,10,im_end,box,hybrid
1787058079.4612255,40.186975955963135,17.933,78.646,175.33,0.017,352.026,1,0,10,3,10,im_end,box,hybrid
1787058079.461353,40.187103509902954,17.859,28.566,175.33,0.003,255.407,1,0,10,3,10,im_end,box,hybrid
1787058079.6351745,40.36092495918274,17.961,77.582,173.677,0.017,349.279,1,0,10,3,10,im_end,box,hybrid
1787058079.6352658,40.361016273498535,18.247,28.081,173.677,0.003,253.696,1,0,10,3,10,im_end,box,hybrid
1787058079.810472,40.53622245788574,18.367,77.401,175.071,0.016,348.986,1,0,10,3,10,im_end,box,hybrid
1787058079.8105621,40.53631258010864,18.184,27.924,175.071,0.003,253.201,1,0,10,3,10,im_end,box,hybrid
1787058079.985946,40.71169638633728,18.298,77.396,175.235,0.017,350.536,1,0,10,3,10,im_end,box,hybrid
1787058079.9860568,40.71180725097656,18.295,28.294,175.235,0.003,254.817,1,0,10,3,10,im_end,box,hybrid
1787058080.1599813,40.88573169708252,18.163,77.386,173.783,0.017,349.288,1,0,10,3,10,im_end,box,hybrid
1787058080.1600869,40.88583731651306,17.946,28.126,173.783,0.002,253.71,1,0,10,3,10,im_end,box,hybrid
1787058080.3360012,41.0617516040802,18.231,77.476,175.728,0.015,349.806,1,0,10,3,10,im_end,box,hybrid
1787058080.3360987,41.06184911727905,17.999,28.181,175.728,0.003,254.058,1,0,10,3,10,im_end,box,hybrid
1787058080.5114455,41.23719596862793,17.929,78.168,175.204,0.017,351.182,1,0,10,3,10,im_end,box,hybrid
1787058080.5115397,41.237290143966675,18.526,28.51,175.204,0.003,255.041,1,0,10,3,10,im_end,box,hybrid
1787058080.6854403,41.41119074821472,18.486,78.155,173.756,0.017,349.207,1,0,10,3,10,im_end,box,hybrid
1787058080.685535,41.411285400390625,18.177,28.508,173.756,0.003,252.551,1,0,10,3,10,im_end,box,hybrid
1787058080.8610382,41.58678865432739,18.262,77.348,175.372,0.017,349.375,1,0,10,3,10,im_end,box,hybrid
1787058080.8611267,41.58687710762024,17.944,28.387,175.372,0.003,253.725,1,0,10,3,10,im_end,box,hybrid
1787058081.0356984,41.76144886016846,18.232,77.623,174.438,0.016,350.032,1,0,10,3,10,im_end,box,hybrid
1787058081.0357895,41.761539936065674,18.148,28.307,174.438,0.002,254.148,1,0,10,3,10,im_end,box,hybrid
1787058081.209273,41.93502354621887,18.196,77.389,173.255,0.016,347.995,1,0,10,3,10,im_end,box,hybrid
1787058081.2093654,41.935115814208984,18.141,28.119,173.255,0.003,252.375,1,0,10,3,10,im_end,box,hybrid
1787058081.3842945,42.110044956207275,17.958,77.72,174.785,0.017,348.279,1,0,10,3,10,im_end,box,hybrid
1787058081.3844125,42.11016297340393,18.186,27.881,174.785,0.003,252.575,1,0,10,3,10,im_end,box,hybrid
1787058081.5596993,42.285449743270874,18.163,77.414,175.139,0.018,350.192,1,0,10,3,10,im_end,box,hybrid
1787058081.559787,42.28553748130798,18.248,27.824,175.139,0.003,254.581,1,0,10,3,10,im_end,box,hybrid
1787058081.735625,42.46137547492981,18.12,77.862,175.69,0.017,351.077,1,0,10,3,10,im_end,box,hybrid
1787058081.735725,42.46147537231445,18.356,28.618,175.69,0.003,255.061,1,0,10,3,10,im_end,box,hybrid
1787058081.909873,42.63562345504761,18.157,78.255,174.004,0.017,349.944,1,0,10,3,10,im_end,box,hybrid
1787058081.9099808,42.63573122024536,18.401,28.484,174.004,0.003,253.495,1,0,10,3,10,im_end,box,hybrid
1787058082.0840895,42.809839963912964,17.998,77.849,173.959,0.017,348.228,1,0,10,3,10,im_end,box,hybrid
1787058082.08422,42.80997037887573,18.19,27.962,173.959,0.003,252.355,1,0,10,3,10,im_end,box,hybrid
1787058082.2578032,42.983553647994995,18.315,77.536,173.443,0.017,347.682,1,0,10,3,10,im_end,box,hybrid
1787058082.2579012,42.983651638031006,18.541,27.642,173.443,0.002,251.796,1,0,10,3,10,im_end,box,hybrid
1787058082.4334047,43.15915513038635,18.34,77.183,175.37,0.017,349.06,1,0,10,3,10,im_end,box,hybrid
1787058082.4334898,43.15924024581909,18.394,27.859,175.37,0.003,253.5,1,0,10,3,10,im_end,box,hybrid
1787058082.6075363,43.33328676223755,17.887,77.764,173.904,0.017,349.498,1,0,10,3,10,im_end,box,hybrid
1787058082.60763,43.333380460739136,18.239,28.165,173.904,0.002,253.809,1,0,10,3,10,im_end,box,hybrid
1787058082.7831814,43.50893187522888,17.896,78.012,175.409,0.017,349.56,1,0,10,3,10,im_end,box,hybrid
1787058082.783272,43.50902247428894,18.009,28.416,175.409,0.002,253.617,1,0,10,3,10,im_end,box,hybrid
1787058082.9610398,43.686790227890015,17.967,77.574,177.639,0.017,353.283,1,0,10,3,10,im_end,box,hybrid
1787058082.961131,43.68688154220581,18.135,28.119,177.639,0.002,257.712,1,0,10,3,10,im_end,box,hybrid
1787058083.1376169,43.863367319107056,18.247,78.222,176.346,0.017,354.216,1,0,10,3,10,im_end,box,hybrid
1787058083.137716,43.86346650123596,18.268,28.602,176.346,0.003,257.718,1,0,10,3,10,im_end,box,hybrid
1787058083.3129892,44.0387396812439,18.428,78.152,175.134,0.016,351.723,1,0,10,3,10,im_end,box,hybrid
1787058083.3130803,44.03883075714111,18.193,27.986,175.134,0.002,255.107,1,0,10,3,10,im_end,box,hybrid
1787058083.4867551,44.21250557899475,18.167,77.486,173.506,0.017,348.876,1,0,10,3,10,im_end,box,hybrid
1787058083.4868925,44.21264290809631,18.138,27.882,173.506,0.003,253.195,1,0,10,3,10,im_end,box,hybrid
1787058083.6616988,44.38744926452637,18.371,77.251,174.663,0.018,348.482,1,0,10,3,10,im_end,box,hybrid
1787058083.6617975,44.387547969818115,18.06,28.154,174.663,0.003,252.825,1,0,10,3,10,im_end,box,hybrid
1787058083.8357422,44.561492681503296,18.246,77.88,173.802,0.016,348.715,1,0,10,3,10,im_end,box,hybrid
1787058083.8358371,44.56158757209778,18.538,27.68,173.802,0.002,252.555,1,0,10,3,10,im_end,box,hybrid
1787058084.0098634,44.73561382293701,18.386,77.453,173.883,0.018,347.924,1,0,10,3,10,im_end,box,hybrid
1787058084.009963,44.735713481903076,18.101,28.126,173.883,0.002,252.067,1,0,10,3,10,im_end,box,hybrid
1787058084.1884618,44.914212226867676,18.436,77.207,178.359,0.015,352.495,1,0,10,3,10,im_end,box,hybrid
1787058084.1885498,44.914300203323364,18.302,27.887,178.359,0.002,256.81,1,0,10,3,10,im_end,box,hybrid
1787058084.3635402,45.089290618896484,18.628,78.272,174.774,0.017,353.451,1,0,10,3,10,im_end,box,hybrid
1787058084.3636887,45.089439153671265,18.61,28.292,174.774,0.002,256.52,1,0,10,3,10,im_end,box,hybrid
1787058084.53732,45.26307034492493,18.569,78.379,173.486,0.016,348.55,1,0,10,3,10,im_end,box,hybrid
1787058084.5374196,45.26317000389099,18.291,27.882,173.486,0.003,251.579,1,0,10,3,10,im_end,box,hybrid
1787058084.7112114,45.43696188926697,18.336,77.369,173.653,0.017,347.39,1,0,10,3,10,im_end,box,hybrid
1787058084.7113037,45.43705415725708,18.203,27.974,173.653,0.003,251.668,1,0,10,3,10,im_end,box,hybrid
1787058084.88551,45.611260414123535,18.318,77.564,174.062,0.016,347.953,1,0,10,3,10,im_end,box,hybrid
1787058084.8856108,45.611361265182495,18.34,27.771,174.062,0.003,252.042,1,0,10,3,10,im_end,box,hybrid
1787058085.0594056,45.78515601158142,17.962,77.593,173.656,0.016,347.966,1,0,10,3,10,im_end,box,hybrid
1787058085.0594964,45.78524684906006,18.064,28.247,173.656,0.003,252.38,1,0,10,3,10,im_end,box,hybrid
1787058085.2336953,45.95944571495056,17.963,77.738,174.063,0.017,347.957,1,0,10,3,10,im_end,box,hybrid
1787058085.2337835,45.95953392982483,17.863,28.208,174.063,0.003,252.229,1,0,10,3,10,im_end,box,hybrid
1787058085.4088805,46.13463091850281,17.91,77.963,174.906,0.017,349.252,1,0,10,3,10,im_end,box,hybrid
1787058085.408973,46.1347234249115,18.141,28.566,174.906,0.003,253.349,1,0,10,3,10,im_end,box,hybrid
1787058085.5845056,46.310256004333496,17.952,77.867,175.388,0.016,350.549,1,0,10,3,10,im_end,box,hybrid
1787058085.5846472,46.31039762496948,17.952,28.963,175.388,0.003,254.687,1,0,10,3,10,im_end,box,hybrid
1787058085.7590609,46.484811305999756,18.398,77.935,174.264,0.017,349.949,1,0,10,3,10,im_end,box,hybrid
1787058085.759162,46.484912395477295,18.542,28.446,174.264,0.003,253.548,1,0,10,3,10,im_end,box,hybrid
1787058085.9331527,46.65890312194824,18.195,77.441,173.849,0.017,348.364,1,0,10,3,10,im_end,box,hybrid
1787058085.9332488,46.65899920463562,18.377,28.329,173.849,0.002,252.692,1,0,10,3,10,im_end,box,hybrid
1787058086.1068785,46.83262896537781,18.371,77.385,173.488,0.018,347.584,1,0,10,3,10,im_end,box,hybrid
1787058086.1069734,46.83272385597229,18.393,28.197,173.488,0.003,251.798,1,0,10,3,10,im_end,box,hybrid
1787058086.2812552,47.00700569152832,18.442,77.084,174.002,0.017,347.873,1,0,10,3,10,im_end,box,hybrid
1787058086.281351,47.00710153579712,17.97,28.333,174.002,0.002,252.333,1,0,10,3,10,im_end,box,hybrid
1787058086.4554274,47.181177854537964,18.197,77.446,173.934,0.017,348.182,1,0,10,3,10,im_end,box,hybrid
1787058086.4555213,47.18127179145813,18.15,28.2,173.934,0.003,252.508,1,0,10,3,10,im_end,box,hybrid
1787058086.6301787,47.355929136276245,18.026,77.86,174.513,0.017,348.686,1,0,10,3,10,im_end,box,hybrid
1787058086.630269,47.356019496917725,18.259,28.184,174.513,0.003,252.767,1,0,10,3,10,im_end,box,hybrid
1787058086.8063192,47.53206968307495,18.685,77.174,175.908,0.018,350.662,1,0,10,3,10,im_end,box,hybrid
1787058086.8064313,47.53218173980713,18.212,28.217,175.908,0.003,254.768,1,0,10,3,10,im_end,box,hybrid
1787058086.9822438,47.70799422264099,17.822,78.538,175.671,0.017,351.844,1,0,10,3,10,im_end,box,hybrid
1787058086.9823408,47.708091259002686,18.054,28.96,175.671,0.002,255.452,1,0,10,3,10,im_end,box,hybrid
1787058087.157669,47.88341951370239,18.334,77.998,175.186,0.017,351.109,1,0,10,3,10,im_end,box,hybrid
1787058087.157804,47.883554458618164,17.911,28.301,175.186,0.003,254.746,1,0,10,3,10,im_end,box,hybrid
1787058087.3334103,48.0591607093811,18.39,77.308,175.466,0.016,350.94,1,0,10,3,10,im_end,box,hybrid
1787058087.333503,48.059253454208374,17.899,28.256,175.466,0.002,255.204,1,0,10,3,10,im_end,box,hybrid
1787058087.5087628,48.23451328277588,17.91,77.791,175.086,0.035,350.81,1,0,10,3,10,im_end,box,hybrid
1787058087.5088637,48.23461413383484,18.033,28.287,175.086,0.003,255.069,1,0,10,3,10,im_end,box,hybrid
1787058087.6822925,48.408042907714844,18.081,77.816,173.269,0.016,348.659,1,0,10,3,10,im_end,box,hybrid
1787058087.6823957,48.408146142959595,18.513,27.737,173.269,0.002,252.74,1,0,10,3,10,im_end,box,hybrid
1787058087.8580124,48.583762884140015,18.148,77.582,175.475,0.017,348.973,1,0,10,3,10,im_end,box,hybrid
1787058087.8580964,48.58384680747986,18.138,27.881,175.475,0.003,253.214,1,0,10,3,10,im_end,box,hybrid
1787058088.0342877,48.76003813743591,18.459,77.18,176.051,0.016,351.756,1,0,10,3,10,im_end,box,hybrid
1787058088.0343847,48.76013517379761,18.032,28.178,176.051,0.003,256.068,1,0,10,3,10,im_end,box,hybrid
1787058088.2086806,48.934431076049805,18.396,78.538,174.123,0.017,350.449,1,0,10,3,10,im_end,box,hybrid
1787058088.208775,48.93452548980713,18.481,28.333,174.123,0.003,253.474,1,0,10,3,10,im_end,box,hybrid
1787058088.3825321,49.10828256607056,18.272,77.965,173.617,0.017,348.004,1,0,10,3,10,im_end,box,hybrid
1787058088.3826642,49.10841464996338,19.152,27.027,173.617,0.002,251.737,1,0,10,3,10,im_end,box,hybrid
1787058088.5563343,49.282084703445435,18.283,77.416,173.52,0.017,347.424,1,0,10,3,10,im_end,box,hybrid
1787058088.5564284,49.28217887878418,18.251,27.965,173.52,0.003,251.664,1,0,10,3,10,im_end,box,hybrid
1787058088.7304747,49.45622515678406,18.096,77.614,173.882,0.017,347.652,1,0,10,3,10,im_end,box,hybrid
1787058088.7305946,49.456345081329346,18.094,28.198,173.882,0.003,251.916,1,0,10,3,10,im_end,box,hybrid
1787058088.904514,49.63026452064514,18.076,77.976,173.774,0.016,347.948,1,0,10,3,10,im_end,box,hybrid
1787058088.904637,49.63038754463196,18.513,27.644,173.774,0.003,251.81,1,0,10,3,10,im_end,box,hybrid
1787058089.0790417,49.804792165756226,18.384,77.332,174.142,0.016,348.306,1,0,10,3,10,im_end,box,hybrid
1787058089.079139,49.8048894405365,18.352,27.787,174.142,0.003,252.562,1,0,10,3,10,im_end,box,hybrid
1787058089.2547593,49.980509757995605,18.312,77.896,175.475,0.018,349.864,1,0,10,3,10,im_end,box,hybrid
1787058089.2548852,49.98063564300537,17.954,28.16,175.475,0.003,253.626,1,0,10,3,10,im_end,box,hybrid
1787058089.4308667,50.156617164611816,18.17,77.898,175.848,0.016,351.6,1,0,10,3,10,im_end,box,hybrid
1787058089.430962,50.15671253204346,18.266,28.489,175.848,0.003,255.484,1,0,10,3,10,im_end,box,hybrid
1787058089.6048574,50.330607891082764,18.09,78.676,173.754,0.017,349.834,1,0,10,3,10,im_end,box,hybrid
1787058089.604962,50.33071255683899,18.269,28.665,173.754,0.003,253.03,1,0,10,3,10,im_end,box,hybrid
1787058089.7785468,50.50429725646973,18.167,77.827,173.443,0.017,347.453,1,0,10,3,10,im_end,box,hybrid
1787058089.7786427,50.504393100738525,18.24,28.028,173.443,0.002,251.429,1,0,10,3,10,im_end,box,hybrid
1787058089.9530697,50.67882013320923,18.145,77.618,174.283,0.016,347.969,1,0,10,3,10,im_end,box,hybrid
1787058089.953158,50.678908348083496,17.981,28.044,174.283,0.003,252.179,1,0,10,3,10,im_end,box,hybrid
1787058090.1270468,50.85279726982117,18.196,77.48,173.747,0.018,348.268,1,0,10,3,10,im_end,box,hybrid
1787058090.1271458,50.852896213531494,18.039,28.248,173.747,0.003,252.565,1,0,10,3,10,im_end,box,hybrid
1787058090.3009982,51.02674865722656,18.422,77.625,173.67,0.016,347.707,1,0,10,3,10,im_end,box,hybrid
1787058090.3010924,51.02684283256531,18.303,27.647,173.67,0.003,251.612,1,0,10,3,10,im_end,box,hybrid
1787058090.4777715,51.203521966934204,18.251,77.474,176.539,0.016,350.449,1,0,10,3,10,im_end,box,hybrid
1787058090.4778748,51.203625202178955,17.942,28.392,176.539,0.003,254.689,1,0,10,3,10,im_end,box,hybrid
1787058090.654087,51.37983751296997,17.894,78.062,176.065,0.018,352.857,1,0,10,3,10,im_end,box,hybrid
1787058090.6541867,51.379937171936035,17.866,28.637,176.065,0.003,256.873,1,0,10,3,10,im_end,box,hybrid
1787058090.8282912,51.554041624069214,18.054,78.653,173.962,0.019,350.289,1,0,10,3,10,im_end,box,hybrid
1787058090.828388,51.55413842201233,18.454,28.371,173.962,0.003,253.561,1,0,10,3,10,im_end,box,hybrid
1787058091.0020108,51.72776126861572,18.266,77.55,173.487,0.017,347.695,1,0,10,3,10,im_end,box,hybrid
1787058091.0021033,51.727853775024414,18.368,28.165,173.487,0.003,251.826,1,0,10,3,10,im_end,box,hybrid
1787058091.1761122,51.90186262130737,18.11,77.649,173.832,0.016,347.587,1,0,10,3,10,im_end,box,hybrid
1787058091.1762068,51.901957273483276,18.332,27.923,173.832,0.002,251.793,1,0,10,3,10,im_end,box,hybrid
1787058091.3515468,52.07729721069336,18.195,77.388,175.075,0.017,349.273,1,0,10,3,10,im_end,box,hybrid
1787058091.3516455,52.07739591598511,18.319,28.153,175.075,0.003,253.652,1,0,10,3,10,im_end,box,hybrid
1787058091.5262375,52.25198793411255,18.377,77.096,174.403,0.035,349.747,1,0,10,3,10,im_end,box,hybrid
1787058091.5263245,52.25207495689392,18.286,27.783,174.403,0.003,254.245,1,0,10,3,10,im_end,box,hybrid
1787058091.7025874,52.428337812423706,18.092,77.549,176.122,0.017,350.804,1,0,10,3,10,im_end,box,hybrid
1787058091.7026765,52.42842698097229,18.182,27.995,176.122,0.003,255.125,1,0,10,3,10,im_end,box,hybrid
1787058091.8800967,52.605847120285034,18.362,77.534,177.279,0.017,353.638,1,0,10,3,10,im_end,box,hybrid
1787058091.8801937,52.60594415664673,18.607,28.199,177.279,0.003,257.692,1,0,10,3,10,im_end,box,hybrid
1787058092.0547202,52.78047060966492,18.353,78.383,174.38,0.016,351.896,1,0,10,3,10,im_end,box,hybrid
1787058092.0548506,52.780601024627686,18.515,28.096,174.38,0.003,255.126,1,0,10,3,10,im_end,box,hybrid
1787058092.231009,52.956759452819824,18.428,77.901,176.007,0.017,350.664,1,0,10,3,10,im_end,box,hybrid
1787058092.2310996,52.95685005187988,18.242,28.047,176.007,0.002,254.3,1,0,10,3,10,im_end,box,hybrid
1787058092.406352,53.132102489471436,18.504,77.154,175.112,0.016,351.368,1,0,10,3,10,im_end,box,hybrid
1787058092.4064445,53.13219499588013,18.479,28.348,175.112,0.002,255.678,1,0,10,3,10,im_end,box,hybrid
1787058092.5802684,53.3060188293457,18.426,77.317,173.685,0.017,349.038,1,0,10,3,10,im_end,box,hybrid
1787058092.5803616,53.30611205101013,18.107,28.145,173.685,0.003,253.27,1,0,10,3,10,im_end,box,hybrid
1787058092.7542431,53.47999358177185,18.13,77.498,173.734,0.017,347.666,1,0,10,3,10,im_end,box,hybrid
1787058092.7543395,53.48008990287781,18.324,27.759,173.734,0.002,252.004,1,0,10,3,10,im_end,box,hybrid
1787058092.9290931,53.65484356880188,18.56,76.926,174.619,0.017,348.583,1,0,10,3,10,im_end,box,hybrid
1787058092.9292343,53.65498471260071,18.371,28.126,174.619,0.003,253.064,1,0,10,3,10,im_end,box,hybrid
1787058093.1053815,53.83113193511963,18.466,77.313,175.998,0.018,350.901,1,0,10,3,10,im_end,box,hybrid
1787058093.1054673,53.831217765808105,18.405,27.833,175.998,0.002,255.088,1,0,10,3,10,im_end,box,hybrid
1787058093.2812123,54.00696277618408,17.992,78.654,175.605,0.017,351.839,1,0,10,3,10,im_end,box,hybrid
1787058093.281304,54.00705432891846,18.226,28.674,175.605,0.003,255.159,1,0,10,3,10,im_end,box,hybrid
1787058093.4566007,54.18235111236572,17.961,78.702,175.137,0.017,350.982,1,0,10,3,10,im_end,box,hybrid
1787058093.4567266,54.18247699737549,18.213,28.57,175.137,0.003,254.304,1,0,10,3,10,im_end,box,hybrid
1787058093.6306045,54.35635495185852,18.471,77.074,173.743,0.017,349.177,1,0,10,3,10,im_end,box,hybrid
1787058093.630697,54.35644745826721,18.068,28.208,173.743,0.003,253.595,1,0,10,3,10,im_end,box,hybrid
1787058093.805995,54.53174543380737,18.561,77.18,175.156,0.016,349.111,1,0,10,3,10,im_end,box,hybrid
1787058093.8060856,54.53183603286743,18.315,28.115,175.156,0.003,253.296,1,0,10,3,10,im_end,box,hybrid
1787058093.9814367,54.70718717575073,18.047,77.576,175.21,0.018,350.61,1,0,10,3,10,im_end,box,hybrid
1787058093.9815273,54.70727777481079,17.955,28.504,175.21,0.003,254.953,1,0,10,3,10,im_end,box,hybrid
1787058094.1551852,54.88093566894531,17.967,77.739,173.515,0.017,348.968,1,0,10,3,10,im_end,box,hybrid
1787058094.1552818,54.88103222846985,18.122,28.095,173.515,0.003,253.205,1,0,10,3,10,im_end,box,hybrid
1787058094.3318512,55.05760169029236,18.158,77.283,176.421,0.017,350.192,1,0,10,3,10,im_end,box,hybrid
1787058094.3320155,55.05776596069336,18.196,27.948,176.421,0.003,254.715,1,0,10,3,10,im_end,box,hybrid
1787058094.5106497,55.23640012741089,18.226,77.626,178.497,0.016,355.229,1,0,10,3,10,im_end,box,hybrid
1787058094.5107348,55.23648524284363,18.076,28.855,178.497,0.002,259.341,1,0,10,3,10,im_end,box,hybrid
1787058094.6856415,55.41139197349548,17.965,79.441,174.766,0.016,353.493,1,0,10,3,10,im_end,box,hybrid
1787058094.6857367,55.411487102508545,17.914,28.998,174.766,0.002,256.064,1,0,10,3,10,im_end,box,hybrid
1787058094.8616507,55.587401151657104,18.021,77.752,175.776,0.017,350.787,1,0,10,3,10,im_end,box,hybrid
1787058094.8617463,55.587496757507324,17.898,28.414,175.776,0.003,254.985,1,0,10,3,10,im_end,box,hybrid
1787058095.035629,55.76137948036194,18.103,77.72,173.735,0.016,349.756,1,0,10,3,10,im_end,box,hybrid
1787058095.0357392,55.76148962974548,17.838,28.387,173.735,0.003,253.9,1,0,10,3,10,im_end,box,hybrid
1787058095.209359,55.93510937690735,18.15,77.823,173.46,0.017,347.466,1,0,10,3,10,im_end,box,hybrid
1787058095.2094517,55.93520212173462,18.32,27.966,173.46,0.003,251.467,1,0,10,3,10,im_end,box,hybrid
1787058095.3845265,56.11027693748474,18.253,77.441,174.891,0.017,348.643,1,0,10,3,10,im_end,box,hybrid
1787058095.3846657,56.11041617393494,18.416,27.667,174.891,0.002,252.922,1,0,10,3,10,im_end,box,hybrid
1787058095.5594358,56.28518629074097,18.107,77.697,174.626,0.017,349.807,1,0,10,3,10,im_end,box,hybrid
1787058095.5595343,56.285284757614136,17.99,28.207,174.626,0.003,253.983,1,0,10,3,10,im_end,box,hybrid
1787058095.7353344,56.461084842681885,18.3,77.807,175.656,0.017,350.534,1,0,10,3,10,im_end,box,hybrid
1787058095.7354271,56.461177587509155,18.231,28.018,175.656,0.003,254.408,1,0,10,3,10,im_end,box,hybrid
1787058095.9099429,56.635693311691284,18.649,77.87,174.375,0.016,350.27,1,0,10,3,10,im_end,box,hybrid
1787058095.9100351,56.6357855796814,18.268,28.571,174.375,0.003,253.73,1,0,10,3,10,im_end,box,hybrid
1787058096.084058,56.80980849266052,18.125,77.959,173.872,0.017,348.493,1,0,10,3,10,im_end,box,hybrid
1787058096.0841577,56.80990815162659,18.089,28.055,173.872,0.002,252.378,1,0,10,3,10,im_end,box,hybrid
1787058096.258115,56.98386549949646,18.071,78.084,173.728,0.016,347.911,1,0,10,3,10,im_end,box,hybrid
1787058096.2582061,56.98395657539368,18.471,27.585,173.728,0.003,251.724,1,0,10,3,10,im_end,box,hybrid
1787058096.4317923,57.15754270553589,18.94,76.964,173.455,0.016,347.436,1,0,10,3,10,im_end,box,hybrid
1787058096.431886,57.157636404037476,18.875,27.336,173.455,0.003,251.503,1,0,10,3,10,im_end,box,hybrid
1787058096.6058676,57.33161807060242,18.075,77.661,173.842,0.016,347.529,1,0,10,3,10,im_end,box,hybrid
1787058096.6059613,57.331711769104004,17.914,28.391,173.842,0.003,251.759,1,0,10,3,10,im_end,box,hybrid
1787058096.7813435,57.50709390640259,18.087,77.799,175.243,0.016,349.33,1,0,10,3,10,im_end,box,hybrid
1787058096.781433,57.50718355178833,18.437,27.83,175.243,0.002,253.408,1,0,10,3,10,im_end,box,hybrid
1787058096.956831,57.682581424713135,18.344,77.301,175.248,0.018,350.724,1,0,10,3,10,im_end,box,hybrid
1787058096.956939,57.68268942832947,18.555,27.509,175.248,0.002,255.047,1,0,10,3,10,im_end,box,hybrid
1787058097.132809,57.858559370040894,18.253,78.08,175.695,0.033,351.232,1,0,10,3,10,im_end,box,hybrid
1787058097.1329615,57.85871195793152,18.227,28.754,175.695,0.003,254.861,1,0,10,3,10,im_end,box,hybrid
1787058097.3068478,58.03259825706482,18.737,78.575,173.734,0.017,349.768,1,0,10,3,10,im_end,box,hybrid
1787058097.3069422,58.032692670822144,18.335,28.447,173.734,0.003,252.418,1,0,10,3,10,im_end,box,hybrid
1787058097.4804437,58.206194162368774,18.268,77.472,173.359,0.018,347.337,1,0,10,3,10,im_end,box,hybrid
1787058097.48054,58.20629048347473,18.225,28.024,173.359,0.002,251.57,1,0,10,3,10,im_end,box,hybrid
1787058097.6551354,58.38088583946228,18.311,77.199,174.42,0.016,348.063,1,0,10,3,10,im_end,box,hybrid
1787058097.6552858,58.38103628158569,18.151,28.148,174.42,0.002,252.527,1,0,10,3,10,im_end,box,hybrid
1787058097.8288574,58.55460786819458,18.117,77.779,173.418,0.018,348.155,1,0,10,3,10,im_end,box,hybrid
1787058097.8289437,58.554694175720215,18.393,28.038,173.418,0.002,252.2,1,0,10,3,10,im_end,box,hybrid
1787058098.0027127,58.7284631729126,18.361,77.306,173.626,0.016,347.276,1,0,10,3,10,im_end,box,hybrid
1787058098.0028067,58.728557109832764,18.299,28.063,173.626,0.002,251.578,1,0,10,3,10,im_end,box,hybrid
1787058098.1802258,58.90597629547119,18.317,77.132,177.28,0.016,351.147,1,0,10,3,10,im_end,box,hybrid
1787058098.1803188,58.90606927871704,18.475,27.768,177.28,0.002,255.674,1,0,10,3,10,im_end,box,hybrid
1787058098.356323,59.0820734500885,18.325,77.562,175.859,0.017,353.381,1,0,10,3,10,im_end,box,hybrid
1787058098.3565032,59.0822536945343,18.499,28.653,175.859,0.003,257.463,1,0,10,3,10,im_end,box,hybrid
1787058098.5317614,59.25751185417175,18.298,78.38,175.119,0.018,351.31,1,0,10,3,10,im_end,box,hybrid
1787058098.5318494,59.25759983062744,18.144,28.767,175.119,0.003,254.565,1,0,10,3,10,im_end,box,hybrid
1787058098.7065866,59.432337045669556,18.144,77.587,174.596,0.016,349.925,1,0,10,3,10,im_end,box,hybrid
1787058098.7066844,59.43243479728699,18.138,28.202,174.596,0.003,254.157,1,0,10,3,10,im_end,box,hybrid
1787058098.8803732,59.60612368583679,18.509,77.277,173.543,0.017,348.386,1,0,10,3,10,im_end,box,hybrid
1787058098.8804755,59.60622596740723,18.598,28.188,173.543,0.003,252.561,1,0,10,3,10,im_end,box,hybrid
1787058099.056058,59.781808376312256,18.273,77.372,175.441,0.017,349.245,1,0,10,3,10,im_end,box,hybrid
1787058099.0561485,59.781898975372314,17.875,28.199,175.441,0.003,253.559,1,0,10,3,10,im_end,box,hybrid
1787058099.2303092,59.95605969429016,18.17,77.316,174.032,0.016,349.713,1,0,10,3,10,im_end,box,hybrid
1787058099.2307694,59.95651984214783,18.215,28.293,174.032,0.003,254.189,1,0,10,3,10,im_end,box,hybrid
1787058099.405637,60.13138747215271,18.206,77.62,174.682,0.017,349.31,1,0,10,3,10,im_end,box,hybrid
1787058099.4057288,60.131479263305664,18.473,28.081,174.682,0.004,253.473,1,0,10,3,10,im_end,box,hybrid
1787058099.5817056,60.30745601654053,18.381,77.271,175.827,0.017,350.795,1,0,10,3,10,im_end,box,hybrid
1787058099.5817993,60.307549715042114,18.918,27.633,175.827,0.003,255.106,1,0,10,3,10,im_end,box,hybrid
1787058099.7565944,60.48234486579895,18.175,78.335,174.623,0.017,350.701,1,0,10,3,10,im_end,box,hybrid
1787058099.756696,60.48244643211365,18.32,28.473,174.623,0.003,254.154,1,0,10,3,10,im_end,box,hybrid
1787058099.932496,60.6582465171814,17.863,78.016,175.664,0.016,350.568,1,0,10,3,10,im_end,box,hybrid
1787058099.9326024,60.658352851867676,18.365,27.983,175.664,0.003,254.65,1,0,10,3,10,im_end,box,hybrid
1787058100.1072319,60.832982301712036,18.368,77.478,174.492,0.015,350.403,1,0,10,3,10,im_end,box,hybrid
1787058100.1073241,60.83307456970215,18.568,27.783,174.492,0.002,254.524,1,0,10,3,10,im_end,box,hybrid
1787058100.2810473,61.006797790527344,18.036,77.955,173.55,0.017,348.311,1,0,10,3,10,im_end,box,hybrid
1787058100.2811456,61.006896018981934,18.292,27.803,173.55,0.002,252.3,1,0,10,3,10,im_end,box,hybrid
1787058100.4556642,61.18141460418701,18.377,77.06,174.38,0.016,348.176,1,0,10,3,10,im_end,box,hybrid
1787058100.455754,61.18150448799133,18.117,28.115,174.38,0.003,252.707,1,0,10,3,10,im_end,box,hybrid
1787058100.6293395,61.35508990287781,18.534,77.187,173.452,0.018,348.069,1,0,10,3,10,im_end,box,hybrid
1787058100.629421,61.35517144203186,17.881,28.119,173.452,0.002,252.334,1,0,10,3,10,im_end,box,hybrid
1787058100.8073099,61.53306031227112,18.186,77.202,177.747,0.016,351.423,1,0,10,3,10,im_end,box,hybrid
1787058100.8074045,61.53315496444702,18.046,28.446,177.747,0.002,255.994,1,0,10,3,10,im_end,box,hybrid
1787058100.9818974,61.70764780044556,17.983,78.365,174.324,0.018,352.339,1,0,10,3,10,im_end,box,hybrid
1787058100.982001,61.707751512527466,17.973,29.165,174.324,0.002,255.963,1,0,10,3,10,im_end,box,hybrid
1787058101.1560044,61.881754875183105,17.973,78.526,173.823,0.016,348.448,1,0,10,3,10,im_end,box,hybrid
1787058101.156102,61.88185238838196,17.913,28.182,173.823,0.003,251.92,1,0,10,3,10,im_end,box,hybrid
1787058101.3301156,62.0558660030365,18.177,77.731,173.871,0.016,347.936,1,0,10,3,10,im_end,box,hybrid
1787058101.3302114,62.0559618473053,18.611,27.716,173.871,0.003,251.99,1,0,10,3,10,im_end,box,hybrid
1787058101.504176,62.229926347732544,18.244,77.859,173.823,0.016,347.941,1,0,10,3,10,im_end,box,hybrid
1787058101.5042682,62.230018615722656,18.341,27.816,173.823,0.003,251.804,1,0,10,3,10,im_end,box,hybrid
1787058101.6784034,62.40415382385254,18.094,77.889,173.998,0.016,348.056,1,0,10,3,10,im_end,box,hybrid
1787058101.6785066,62.40425705909729,18.459,27.787,173.998,0.002,252.034,1,0,10,3,10,im_end,box,hybrid
1787058101.852005,62.57775545120239,17.9,77.607,173.359,0.016,347.606,1,0,10,3,10,im_end,box,hybrid
1787058101.8520977,62.57784819602966,18.394,27.742,173.359,0.002,252.067,1,0,10,3,10,im_end,box,hybrid
1787058102.028485,62.75423550605774,18.419,77.132,176.217,0.016,349.847,1,0,10,3,10,im_end,box,hybrid
1787058102.0288143,62.75456476211548,18.473,27.735,176.217,0.003,254.265,1,0,10,3,10,im_end,box,hybrid
1787058102.2044132,62.930163621902466,18.181,78.039,175.444,0.016,352.151,1,0,10,3,10,im_end,box,hybrid
1787058102.204511,62.9302613735199,18.311,28.557,175.444,0.002,255.901,1,0,10,3,10,im_end,box,hybrid
1787058102.3780878,63.103838205337524,18.041,78.406,173.44,0.017,349.129,1,0,10,3,10,im_end,box,hybrid
1787058102.3781881,63.103938579559326,18.178,28.993,173.44,0.002,252.643,1,0,10,3,10,im_end,box,hybrid
1787058102.5526495,63.27839994430542,17.913,77.575,174.237,0.017,347.827,1,0,10,3,10,im_end,box,hybrid
1787058102.5527484,63.27849888801575,17.952,28.104,174.237,0.003,252.305,1,0,10,3,10,im_end,box,hybrid
1787058102.7264376,63.45218801498413,18.17,77.823,173.543,0.018,348.1,1,0,10,3,10,im_end,box,hybrid
1787058102.7265317,63.452282190322876,17.957,28.347,173.543,0.002,252.077,1,0,10,3,10,im_end,box,hybrid
1787058102.9007103,63.626460790634155,18.463,77.166,174.038,0.016,347.826,1,0,10,3,10,im_end,box,hybrid
1787058102.9007983,63.626548767089844,18.115,28.114,174.038,0.003,252.168,1,0,10,3,10,im_end,box,hybrid
1787058103.0747228,63.8004732131958,18.085,77.236,173.784,0.017,348.058,1,0,10,3,10,im_end,box,hybrid
1787058103.0748181,63.80056858062744,18.069,28.292,173.784,0.002,252.686,1,0,10,3,10,im_end,box,hybrid
1787058103.2495599,63.97531032562256,18.01,77.748,174.599,0.017,348.626,1,0,10,3,10,im_end,box,hybrid
1787058103.2497098,63.97546029090881,18.054,28.269,174.599,0.002,252.855,1,0,10,3,10,im_end,box,hybrid
1787058103.4258218,64.15157222747803,18.408,77.118,175.955,0.016,350.867,1,0,10,3,10,im_end,box,hybrid
1787058103.4259536,64.15170407295227,18.486,28.206,175.955,0.002,255.297,1,0,10,3,10,im_end,box,hybrid
1787058103.602107,64.32785749435425,18.454,77.949,176.011,0.017,352.253,1,0,10,3,10,im_end,box,hybrid
1787058103.6021984,64.32794880867004,18.628,28.171,176.011,0.002,255.818,1,0,10,3,10,im_end,box,hybrid
1787058103.7761858,64.50193619728088,17.988,77.92,173.848,0.016,350.093,1,0,10,3,10,im_end,box,hybrid
1787058103.7762764,64.50202679634094,18.165,28.256,173.848,0.002,254.137,1,0,10,3,10,im_end,box,hybrid
1787058103.950076,64.67582654953003,17.833,77.663,173.657,0.017,347.745,1,0,10,3,10,im_end,box,hybrid
1787058103.9501727,64.67592310905457,18.232,27.917,173.657,0.003,252.221,1,0,10,3,10,im_end,box,hybrid
1787058104.1243775,64.85012793540955,18.437,77.224,174.05,0.018,347.958,1,0,10,3,10,im_end,box,hybrid
1787058104.1244783,64.8502287864685,17.923,28.353,174.05,0.003,252.26,1,0,10,3,10,im_end,box,hybrid
1787058104.298337,65.02408742904663,18.46,77.124,173.714,0.016,348.027,1,0,10,3,10,im_end,box,hybrid
1787058104.2984757,65.02422618865967,18.145,28.522,173.714,0.003,252.403,1,0,10,3,10,im_end,box,hybrid
1787058104.4726727,65.19842314720154,18.075,77.593,173.971,0.016,347.978,1,0,10,3,10,im_end,box,hybrid
1787058104.4727705,65.19852089881897,18.209,28.169,173.971,0.01,252.269,1,0,10,3,10,im_end,box,hybrid
1787058104.6493185,65.37506890296936,18.14,77.583,176.398,0.017,350.694,1,0,10,3,10,im_end,box,hybrid
1787058104.6494098,65.37516021728516,18.113,28.048,176.398,0.003,254.943,1,0,10,3,10,im_end,box,hybrid
1787058104.8241212,65.54987168312073,18.17,78.605,174.562,0.017,351.181,1,0,10,3,10,im_end,box,hybrid
1787058104.8242178,65.54996824264526,18.165,29.0,174.562,0.003,254.374,1,0,10,3,10,im_end,box,hybrid
1787058104.998018,65.72376847267151,18.072,78.598,173.656,0.016,348.468,1,0,10,3,10,im_end,box,hybrid
1787058104.9981146,65.72386503219604,18.079,28.117,173.656,0.003,251.764,1,0,10,3,10,im_end,box,hybrid
1787058105.1724343,65.89818477630615,18.01,77.672,174.174,0.017,348.075,1,0,10,3,10,im_end,box,hybrid
1787058105.172534,65.89828443527222,18.236,28.011,174.174,0.003,252.344,1,0,10,3,10,im_end,box,hybrid
1787058105.3478508,66.07360124588013,18.089,77.905,175.043,0.018,349.605,1,0,10,3,10,im_end,box,hybrid
1787058105.347944,66.07369446754456,18.019,28.239,175.043,0.003,253.588,1,0,10,3,10,im_end,box,hybrid
1787058105.5232499,66.24900031089783,17.975,77.564,175.163,0.016,350.448,1,0,10,3,10,im_end,box,hybrid
1787058105.5233574,66.249107837677,17.912,28.228,175.163,0.003,254.88,1,0,10,3,10,im_end,box,hybrid
1787058105.700232,66.42598247528076,18.052,77.408,176.728,0.016,352.156,1,0,10,3,10,im_end,box,hybrid
1787058105.700325,66.42607545852661,17.944,28.388,176.728,0.003,256.66,1,0,10,3,10,im_end,box,hybrid
1787058105.8775756,66.60332608222961,18.056,77.586,177.091,0.017,354.057,1,0,10,3,10,im_end,box,hybrid
1787058105.8776639,66.60341429710388,18.17,28.258,177.091,0.002,258.381,1,0,10,3,10,im_end,box,hybrid
1787058106.05431,66.78006052970886,18.121,77.79,176.508,0.016,353.858,1,0,10,3,10,im_end,box,hybrid
1787058106.0543988,66.78014922142029,18.292,28.482,176.508,0.003,257.876,1,0,10,3,10,im_end,box,hybrid
1787058106.2291112,66.95486164093018,18.077,78.417,174.498,0.018,351.307,1,0,10,3,10,im_end,box,hybrid
1787058106.2292173,66.95496773719788,18.125,28.795,174.498,0.003,254.777,1,0,10,3,10,im_end,box,hybrid
1787058106.4033945,67.12914490699768,18.104,77.798,174.025,0.016,348.773,1,0,10,3,10,im_end,box,hybrid
1787058106.4034982,67.12924861907959,18.218,28.008,174.025,0.003,252.857,1,0,10,3,10,im_end,box,hybrid
1787058106.5775297,67.30328011512756,17.984,77.592,173.877,0.017,348.172,1,0,10,3,10,im_end,box,hybrid
1787058106.5776238,67.30337429046631,17.907,28.528,173.877,0.003,252.569,1,0,10,3,10,im_end,box,hybrid
1787058106.7517278,67.47747826576233,18.202,77.494,173.959,0.018,348.09,1,0,10,3,10,im_end,box,hybrid
1787058106.7518265,67.47757697105408,17.944,28.274,173.959,0.003,252.367,1,0,10,3,10,im_end,box,hybrid
1787058106.926102,67.65185236930847,17.866,77.623,174.088,0.024,348.324,1,0,10,3,10,im_end,box,hybrid
1787058106.926191,67.65194153785706,17.861,28.346,174.088,0.021,252.82,1,0,10,3,10,im_end,box,hybrid
1787058107.1018891,67.82763957977295,18.422,77.339,175.552,0.019,349.918,1,0,10,3,10,im_end,box,hybrid
1787058107.1020324,67.82778286933899,18.379,27.815,175.552,0.003,254.121,1,0,10,3,10,im_end,box,hybrid
1787058107.279712,68.0054624080658,18.226,77.612,177.533,0.016,353.389,1,0,10,3,10,im_end,box,hybrid
1787058107.2798064,68.00555682182312,18.108,28.941,177.533,0.002,257.497,1,0,10,3,10,im_end,box,hybrid
1787058107.4541168,68.17986726760864,17.798,78.6,174.171,0.018,351.94,1,0,10,3,10,im_end,box,hybrid
1787058107.4542115,68.17996191978455,18.249,28.693,174.171,0.003,255.506,1,0,10,3,10,im_end,box,hybrid
1787058107.627576,68.35332655906677,17.968,78.096,173.223,0.017,347.632,1,0,10,3,10,im_end,box,hybrid
1787058107.6277056,68.35345602035522,17.852,28.523,173.223,0.002,251.525,1,0,10,3,10,im_end,box,hybrid
1787058107.803178,68.52892851829529,17.906,77.535,175.325,0.016,348.833,1,0,10,3,10,im_end,box,hybrid
1787058107.8032744,68.52902483940125,17.882,28.529,175.325,0.002,253.351,1,0,10,3,10,im_end,box,hybrid
1787058107.9771264,68.70287680625916,18.068,77.669,173.709,0.017,349.277,1,0,10,3,10,im_end,box,hybrid
1787058107.977216,68.7029664516449,18.191,28.15,173.709,0.003,253.508,1,0,10,3,10,im_end,box,hybrid
1787058108.1511753,68.8769257068634,18.075,77.704,173.819,0.016,347.761,1,0,10,3,10,im_end,box,hybrid
1787058108.1512644,68.87701487541199,18.44,27.658,173.819,0.002,251.95,1,0,10,3,10,im_end,box,hybrid
1787058108.3256314,69.05138182640076,18.347,77.463,174.217,0.017,348.279,1,0,10,3,10,im_end,box,hybrid
1787058108.325724,69.05147433280945,18.463,27.96,174.217,0.003,252.454,1,0,10,3,10,im_end,box,hybrid
1787058108.502553,69.2283034324646,18.107,77.451,176.683,0.017,351.142,1,0,10,3,10,im_end,box,hybrid
1787058108.502701,69.22845149040222,18.3,28.029,176.683,0.003,255.568,1,0,10,3,10,im_end,box,hybrid
1787058108.676888,69.40263843536377,18.054,78.805,174.035,0.016,351.028,1,0,10,3,10,im_end,box,hybrid
1787058108.6769857,69.4027361869812,18.155,28.794,174.035,0.002,254.135,1,0,10,3,10,im_end,box,hybrid
1787058108.8523283,69.57807874679565,17.967,78.203,175.202,0.016,349.483,1,0,10,3,10,im_end,box,hybrid
1787058108.8524275,69.57817792892456,18.012,28.167,175.202,0.003,253.283,1,0,10,3,10,im_end,box,hybrid
1787058109.0264263,69.7521767616272,17.997,77.575,173.856,0.017,349.305,1,0,10,3,10,im_end,box,hybrid
1787058109.0265203,69.75227069854736,17.982,28.305,173.856,0.003,253.701,1,0,10,3,10,im_end,box,hybrid
1787058109.2023442,69.92809462547302,17.936,78.13,175.658,0.016,349.76,1,0,10,3,10,im_end,box,hybrid
1787058109.202437,69.9281873703003,18.016,28.194,175.658,0.002,253.61,1,0,10,3,10,im_end,box,hybrid
1787058109.3785677,70.10431814193726,18.116,77.855,175.152,0.016,351.912,1,0,10,3,10,im_end,box,hybrid
1787058109.3787372,70.104487657547,17.804,28.611,175.152,0.002,255.897,1,0,10,3,10,im_end,box,hybrid
1787058109.5529299,70.27868032455444,18.22,78.284,174.039,0.017,350.36,1,0,10,3,10,im_end,box,hybrid
1787058109.5530274,70.2787778377533,18.17,27.898,174.039,0.003,253.823,1,0,10,3,10,im_end,box,hybrid
1787058109.7304854,70.45623588562012,18.588,77.223,177.328,0.017,351.614,1,0,10,3,10,im_end,box,hybrid
1787058109.730877,70.456627368927,18.037,28.289,177.328,0.003,255.774,1,0,10,3,10,im_end,box,hybrid
1787058109.9077191,70.633469581604,18.113,78.183,176.699,0.017,354.556,1,0,10,3,10,im_end,box,hybrid
1787058109.9078093,70.6335597038269,18.366,28.555,176.699,0.003,258.225,1,0,10,3,10,im_end,box,hybrid
1787058110.0815115,70.80726194381714,18.481,78.167,173.559,0.017,350.501,1,0,10,3,10,im_end,box,hybrid
1787058110.0816185,70.80736899375916,18.48,28.339,173.559,0.003,253.817,1,0,10,3,10,im_end,box,hybrid
1787058110.2552354,70.98098587989807,18.135,77.627,173.475,0.017,347.296,1,0,10,3,10,im_end,box,hybrid
1787058110.2553537,70.9811041355133,18.276,27.745,173.475,0.003,251.518,1,0,10,3,10,im_end,box,hybrid
1787058110.4292896,71.15504002571106,18.129,77.549,173.729,0.019,347.538,1,0,10,3,10,im_end,box,hybrid
1787058110.4293833,71.15513372421265,18.129,27.99,173.729,0.003,251.825,1,0,10,3,10,im_end,box,hybrid
1787058110.6033716,71.3291220664978,18.081,77.681,173.846,0.017,347.805,1,0,10,3,10,im_end,box,hybrid
1787058110.6034675,71.3292179107666,18.177,28.132,173.846,0.003,252.002,1,0,10,3,10,im_end,box,hybrid
1787058110.777137,71.5028874874115,18.235,77.554,173.529,0.017,347.612,1,0,10,3,10,im_end,box,hybrid
1787058110.7772293,71.50297975540161,18.198,28.173,173.529,0.002,251.805,1,0,10,3,10,im_end,box,hybrid
1787058110.9541304,71.67988085746765,18.168,77.531,176.76,0.016,350.529,1,0,10,3,10,im_end,box,hybrid
1787058110.9542162,71.67996668815613,17.998,28.096,176.76,0.002,254.8,1,0,10,3,10,im_end,box,hybrid
1787058111.1321046,71.85785508155823,18.147,77.626,177.744,0.017,354.738,1,0,10,3,10,im_end,box,hybrid
1787058111.1322045,71.85795497894287,18.108,28.836,177.744,0.003,258.917,1,0,10,3,10,im_end,box,hybrid
1787058111.3063295,72.03207993507385,18.447,77.947,173.949,0.017,351.975,1,0,10,3,10,im_end,box,hybrid
1787058111.306423,72.03217339515686,18.452,28.842,173.949,0.003,255.546,1,0,10,3,10,im_end,box,hybrid
1787058111.4810276,72.206778049469,18.177,77.518,174.464,0.016,348.657,1,0,10,3,10,im_end,box,hybrid
1787058111.4811153,72.2068657875061,17.993,28.25,174.464,0.002,252.933,1,0,10,3,10,im_end,box,hybrid
1787058111.655732,72.38148236274719,18.122,77.433,174.475,0.016,349.175,1,0,10,3,10,im_end,box,hybrid
1787058111.6558301,72.38158059120178,18.277,27.885,174.475,0.003,253.584,1,0,10,3,10,im_end,box,hybrid
1787058111.8296692,72.55541968345642,18.06,77.562,173.691,0.018,348.42,1,0,10,3,10,im_end,box,hybrid
1787058111.8297648,72.55551528930664,17.999,28.8,173.691,0.003,252.766,1,0,10,3,10,im_end,box,hybrid
1787058112.0032754,72.72902584075928,17.974,77.551,173.37,0.017,347.306,1,0,10,3,10,im_end,box,hybrid
1787058112.0033658,72.72911620140076,18.191,28.134,173.37,0.003,251.744,1,0,10,3,10,im_end,box,hybrid
1787058112.1797132,72.90546369552612,18.073,77.636,176.208,0.016,349.816,1,0,10,3,10,im_end,box,hybrid
1787058112.1798346,72.90558505058289,18.136,27.998,176.208,0.002,254.071,1,0,10,3,10,im_end,box,hybrid
1787058112.3576798,73.08343029022217,18.083,77.487,177.695,0.017,354.177,1,0,10,3,10,im_end,box,hybrid
1787058112.3577754,73.08352589607239,18.25,28.214,177.695,0.003,258.578,1,0,10,3,10,im_end,box,hybrid
1787058112.5322366,73.2579870223999,18.373,78.519,174.323,0.018,352.265,1,0,10,3,10,im_end,box,hybrid
1787058112.5323262,73.25807666778564,18.841,28.037,174.323,0.003,255.351,1,0,10,3,10,im_end,box,hybrid
1787058112.7067516,73.4325020313263,18.966,77.382,174.286,0.016,348.842,1,0,10,3,10,im_end,box,hybrid
1787058112.7068496,73.4326000213623,18.801,27.7,174.286,0.002,252.454,1,0,10,3,10,im_end,box,hybrid
1787058112.8808317,73.6065821647644,17.928,77.599,173.842,0.016,348.369,1,0,10,3,10,im_end,box,hybrid
1787058112.8809237,73.60667419433594,18.014,28.37,173.842,0.002,252.816,1,0,10,3,10,im_end,box,hybrid
1787058113.0545218,73.7802722454071,17.9,77.559,173.457,0.017,347.536,1,0,10,3,10,im_end,box,hybrid
1787058113.0546143,73.7803647518158,17.843,28.073,173.457,0.003,252.041,1,0,10,3,10,im_end,box,hybrid
1787058113.230275,73.95602536201477,17.906,77.589,175.528,0.017,349.227,1,0,10,3,10,im_end,box,hybrid
1787058113.2303574,73.95610785484314,17.961,28.324,175.528,0.002,253.702,1,0,10,3,10,im_end,box,hybrid
1787058113.406012,74.13176250457764,18.488,76.931,175.518,0.019,351.266,1,0,10,3,10,im_end,box,hybrid
1787058113.406146,74.13189649581909,18.496,27.865,175.518,0.003,255.813,1,0,10,3,10,im_end,box,hybrid
1787058113.5825884,74.30833888053894,18.436,77.473,176.297,0.017,352.1,1,0,10,3,10,im_end,box,hybrid
1787058113.582688,74.308438539505,18.183,28.18,176.297,0.002,256.156,1,0,10,3,10,im_end,box,hybrid
1787058113.7576947,74.4834451675415,18.556,77.947,174.866,0.016,351.417,1,0,10,3,10,im_end,box,hybrid
1787058113.7577875,74.48353791236877,17.904,28.834,174.866,0.003,254.879,1,0,10,3,10,im_end,box,hybrid
1787058113.9325285,74.65827894210815,18.397,78.144,174.615,0.015,349.717,1,0,10,3,10,im_end,box,hybrid
1787058113.9327147,74.65846514701843,18.128,28.109,174.615,0.003,253.08,1,0,10,3,10,im_end,box,hybrid
1787058114.1060557,74.83180618286133,18.087,77.639,173.193,0.018,348.129,1,0,10,3,10,im_end,box,hybrid
1787058114.106143,74.83189344406128,18.581,27.81,173.193,0.002,252.359,1,0,10,3,10,im_end,box,hybrid
1787058114.279672,75.0054223537445,18.141,77.239,173.386,0.016,346.822,1,0,10,3,10,im_end,box,hybrid
1787058114.2798047,75.00555515289307,18.099,28.063,173.386,0.002,251.411,1,0,10,3,10,im_end,box,hybrid
1787058114.4536908,75.17944121360779,17.934,77.673,173.74,0.017,347.413,1,0,10,3,10,im_end,box,hybrid
1787058114.4537961,75.17954659461975,17.884,28.152,173.74,0.002,251.763,1,0,10,3,10,im_end,box,hybrid
1787058114.627618,75.3533685207367,17.946,77.675,173.684,0.018,347.678,1,0,10,3,10,im_end,box,hybrid
1787058114.627715,75.35346555709839,17.926,28.299,173.684,0.003,252.008,1,0,10,3,10,im_end,box,hybrid
1787058114.8059278,75.53167819976807,17.948,77.516,178.068,0.017,351.994,1,0,10,3,10,im_end,box,hybrid
1787058114.8060298,75.53178024291992,17.931,28.576,178.068,0.003,256.49,1,0,10,3,10,im_end,box,hybrid
1787058114.9821842,75.70793461799622,17.952,78.13,175.985,0.041,354.333,1,0,10,3,10,im_end,box,hybrid
1787058114.982277,75.70802736282349,18.501,28.489,175.985,0.003,258.211,1,0,10,3,10,im_end,box,hybrid
1787058115.1561472,75.88189768791199,17.902,78.731,173.724,0.017,349.972,1,0,10,3,10,im_end,box,hybrid
1787058115.1562493,75.88199973106384,17.979,28.755,173.724,0.002,253.311,1,0,10,3,10,im_end,box,hybrid
1787058115.3305986,76.05634903907776,18.032,77.667,174.177,0.016,348.197,1,0,10,3,10,im_end,box,hybrid
1787058115.3306918,76.05644226074219,18.023,28.179,174.177,0.003,252.467,1,0,10,3,10,im_end,box,hybrid
1787058115.5051181,76.23086857795715,17.93,77.866,174.292,0.016,348.692,1,0,10,3,10,im_end,box,hybrid
1787058115.5052192,76.23096966743469,17.845,28.507,174.292,0.002,252.861,1,0,10,3,10,im_end,box,hybrid
1787058115.6803908,76.40614128112793,18.165,77.73,175.007,0.016,349.571,1,0,10,3,10,im_end,box,hybrid
1787058115.6804814,76.40623188018799,18.097,28.224,175.007,0.002,253.64,1,0,10,3,10,im_end,box,hybrid
1787058115.8545692,76.58031964302063,18.086,77.715,173.943,0.017,349.184,1,0,10,3,10,im_end,box,hybrid
1787058115.8546662,76.58041667938232,17.983,27.768,173.943,0.002,253.362,1,0,10,3,10,im_end,box,hybrid
1787058116.0311027,76.7568531036377,18.409,77.499,176.304,0.016,350.497,1,0,10,3,10,im_end,box,hybrid
1787058116.0311913,76.75694179534912,18.261,28.05,176.304,0.002,254.551,1,0,10,3,10,im_end,box,hybrid
1787058116.2089329,76.9346833229065,18.295,77.756,177.564,0.016,354.129,1,0,10,3,10,im_end,box,hybrid
1787058116.2090235,76.93477392196655,18.521,28.288,177.564,0.003,258.044,1,0,10,3,10,im_end,box,hybrid
1787058116.3828413,77.10859179496765,18.396,78.044,173.676,0.017,351.483,1,0,10,3,10,im_end,box,hybrid
1787058116.3829415,77.10869193077087,18.488,28.472,173.676,0.002,255.017,1,0,10,3,10,im_end,box,hybrid
1787058116.5569348,77.28268527984619,18.037,77.791,173.852,0.017,347.776,1,0,10,3,10,im_end,box,hybrid
1787058116.5570328,77.2827832698822,18.352,27.895,173.852,0.003,251.91,1,0,10,3,10,im_end,box,hybrid
1787058116.7305374,77.45628786087036,18.566,77.275,173.371,0.017,347.469,1,0,10,3,10,im_end,box,hybrid
1787058116.7306273,77.45637774467468,18.251,28.07,173.371,0.002,251.61,1,0,10,3,10,im_end,box,hybrid
1787058116.9044046,77.63015508651733,18.029,77.768,173.629,0.017,347.228,1,0,10,3,10,im_end,box,hybrid
1787058116.9044976,77.63024806976318,18.381,27.751,173.629,0.003,251.414,1,0,10,3,10,im_end,box,hybrid
1787058117.078415,77.80416536331177,18.15,77.519,173.773,0.019,347.65,1,0,10,3,10,im_end,box,hybrid
1787058117.0785532,77.80430364608765,18.113,28.156,173.773,0.002,251.945,1,0,10,3,10,im_end,box,hybrid
1787058117.2544963,77.98024678230286,18.162,77.542,175.796,0.016,349.857,1,0,10,3,10,im_end,box,hybrid
1787058117.2545917,77.9803421497345,18.345,28.126,175.796,0.002,254.122,1,0,10,3,10,im_end,box,hybrid
1787058117.430694,78.15644454956055,18.277,77.562,175.956,0.018,352.001,1,0,10,3,10,im_end,box,hybrid
1787058117.4307883,78.15653872489929,18.173,28.497,175.956,0.003,256.131,1,0,10,3,10,im_end,box,hybrid
1787058117.6065643,78.33231472969055,18.076,78.583,175.63,0.016,351.83,1,0,10,3,10,im_end,box,hybrid
1787058117.6066618,78.3324122428894,18.587,28.382,175.63,0.003,255.133,1,0,10,3,10,im_end,box,hybrid
1787058117.7824366,78.50818705558777,18.52,78.573,175.637,0.016,351.517,1,0,10,3,10,im_end,box,hybrid
1787058117.7825327,78.50828313827515,18.308,28.198,175.637,0.002,254.393,1,0,10,3,10,im_end,box,hybrid
1787058117.9571962,78.68294668197632,18.482,77.364,174.518,0.017,350.396,1,0,10,3,10,im_end,box,hybrid
1787058117.9572852,78.68303561210632,18.429,27.887,174.518,0.002,254.517,1,0,10,3,10,im_end,box,hybrid
1787058118.1315749,78.85732531547546,18.764,76.871,174.151,0.017,348.91,1,0,10,3,10,im_end,box,hybrid
1787058118.1316657,78.8574161529541,18.469,27.729,174.151,0.002,253.257,1,0,10,3,10,im_end,box,hybrid
1787058118.3054242,79.031174659729,18.233,77.468,173.621,0.016,348.003,1,0,10,3,10,im_end,box,hybrid
1787058118.3055222,79.03127264976501,18.648,28.102,173.621,0.003,252.267,1,0,10,3,10,im_end,box,hybrid
1787058118.4792342,79.20498466491699,18.465,77.153,173.566,0.018,347.439,1,0,10,3,10,im_end,box,hybrid
1787058118.4793768,79.2051272392273,18.379,27.799,173.566,0.002,251.787,1,0,10,3,10,im_end,box,hybrid
1787058118.6552508,79.38100123405457,18.115,77.561,175.711,0.017,349.573,1,0,10,3,10,im_end,box,hybrid
1787058118.655343,79.38109350204468,18.153,27.926,175.711,0.003,253.87,1,0,10,3,10,im_end,box,hybrid
1787058118.830523,79.55627346038818,18.292,77.694,175.049,0.016,351.014,1,0,10,3,10,im_end,box,hybrid
1787058118.8306239,79.55637431144714,18.176,29.092,175.049,0.002,254.995,1,0,10,3,10,im_end,box,hybrid
1787058119.0052187,79.73096919059753,18.452,78.111,174.393,0.016,349.741,1,0,10,3,10,im_end,box,hybrid
1787058119.0053062,79.73105669021606,18.214,28.642,174.393,0.003,253.145,1,0,10,3,10,im_end,box,hybrid
1787058119.179396,79.90514636039734,18.632,77.083,173.949,0.016,348.577,1,0,10,3,10,im_end,box,hybrid
1787058119.1794896,79.90524005889893,18.016,28.432,173.949,0.003,252.817,1,0,10,3,10,im_end,box,hybrid
1787058119.3536892,80.07943964004517,18.131,77.527,174.058,0.017,348.252,1,0,10,3,10,im_end,box,hybrid
1787058119.3538277,80.07957816123962,18.082,28.093,174.058,0.002,252.561,1,0,10,3,10,im_end,box,hybrid
1787058119.5276577,80.25340819358826,18.876,76.784,173.69,0.016,348.04,1,0,10,3,10,im_end,box,hybrid
1787058119.527751,80.25350141525269,18.085,28.379,173.69,0.003,252.329,1,0,10,3,10,im_end,box,hybrid
1787058119.701802,80.42755246162415,18.414,77.453,173.905,0.02,347.835,1,0,10,3,10,im_end,box,hybrid
1787058119.7018952,80.42764568328857,17.995,28.394,173.905,0.003,251.932,1,0,10,3,10,im_end,box,hybrid
1787058119.8771694,80.60291981697083,17.885,77.65,175.122,0.023,349.279,1,0,10,3,10,im_end,box,hybrid
1787058119.8772671,80.60301756858826,18.166,28.152,175.122,0.003,253.706,1,0,10,3,10,im_end,box,hybrid
1787058120.0541096,80.77986001968384,18.093,77.89,176.698,0.016,352.076,1,0,10,3,10,im_end,box,hybrid
1787058120.0542097,80.77996015548706,18.062,28.79,176.698,0.002,256.064,1,0,10,3,10,im_end,box,hybrid
1787058120.2300408,80.95579123497009,18.202,78.248,175.688,0.019,352.641,1,0,10,3,10,im_end,box,hybrid
1787058120.2301512,80.95590162277222,18.168,28.888,175.688,0.003,256.156,1,0,10,3,10,im_end,box,hybrid
1787058120.4040287,81.12977910041809,18.584,77.259,173.69,0.017,349.686,1,0,10,3,10,im_end,box,hybrid
1787058120.4041271,81.12987756729126,18.162,28.215,173.69,0.003,253.797,1,0,10,3,10,im_end,box,hybrid
1787058120.5795653,81.30531573295593,17.971,77.736,175.288,0.017,349.227,1,0,10,3,10,im_end,box,hybrid
1787058120.5796528,81.30540323257446,17.882,28.315,175.288,0.01,253.481,1,0,10,3,10,im_end,box,hybrid
1787058120.7538667,81.47961711883545,17.888,77.732,174.076,0.016,349.605,1,0,10,3,10,im_end,box,hybrid
1787058120.753958,81.47970843315125,17.838,28.278,174.076,0.003,253.948,1,0,10,3,10,im_end,box,hybrid
1787058120.9290407,81.65479111671448,18.624,76.982,174.946,0.016,349.263,1,0,10,3,10,im_end,box,hybrid
1787058120.9291317,81.6548821926117,18.118,28.263,174.946,0.003,253.624,1,0,10,3,10,im_end,box,hybrid
1787058121.1052997,81.831050157547,18.127,77.931,176.031,0.016,351.209,1,0,10,3,10,im_end,box,hybrid
1787058121.1053877,81.83113813400269,18.127,28.253,176.031,0.003,255.118,1,0,10,3,10,im_end,box,hybrid
1787058121.2816064,82.00735688209534,18.184,77.414,176.036,0.017,352.339,1,0,10,3,10,im_end,box,hybrid
1787058121.2816992,82.00744962692261,18.343,27.904,176.036,0.003,256.701,1,0,10,3,10,im_end,box,hybrid
1787058121.4563012,82.18205165863037,17.938,78.511,174.46,0.016,350.739,1,0,10,3,10,im_end,box,hybrid
1787058121.4563956,82.1821460723877,18.377,28.567,174.46,0.003,254.256,1,0,10,3,10,im_end,box,hybrid
1787058121.630068,82.35581851005554,17.952,78.486,173.539,0.017,348.249,1,0,10,3,10,im_end,box,hybrid
1787058121.6301548,82.35590529441833,17.813,28.46,173.539,0.003,251.778,1,0,10,3,10,im_end,box,hybrid
1787058121.8038275,82.52957797050476,18.271,77.408,173.526,0.017,347.295,1,0,10,3,10,im_end,box,hybrid
1787058121.803922,82.52967238426208,18.29,27.979,173.526,0.003,251.57,1,0,10,3,10,im_end,box,hybrid
1787058121.9779158,82.70366621017456,18.076,77.215,173.849,0.017,347.397,1,0,10,3,10,im_end,box,hybrid
1787058121.9780161,82.70376658439636,18.008,28.36,173.849,0.003,252.061,1,0,10,3,10,im_end,box,hybrid
1787058122.1513417,82.87709212303162,18.044,78.091,173.172,0.018,347.278,1,0,10,3,10,im_end,box,hybrid
1787058122.151478,82.87722849845886,17.883,28.301,173.172,0.003,251.104,1,0,10,3,10,im_end,box,hybrid
1787058122.325317,83.05106735229492,18.135,77.208,173.669,0.016,347.141,1,0,10,3,10,im_end,box,hybrid
1787058122.325416,83.05116653442383,18.048,28.314,173.669,0.003,251.773,1,0,10,3,10,im_end,box,hybrid
1787058122.5025885,83.22833895683289,18.074,77.362,177.027,0.018,350.969,1,0,10,3,10,im_end,box,hybrid
1787058122.5026872,83.22843766212463,18.182,28.218,177.027,0.002,255.499,1,0,10,3,10,im_end,box,hybrid
1787058122.6786952,83.40444564819336,17.874,79.145,175.862,0.016,353.141,1,0,10,3,10,im_end,box,hybrid
1787058122.6787872,83.40453767776489,18.099,28.765,175.862,0.002,256.083,1,0,10,3,10,im_end,box,hybrid
1787058122.8525205,83.57827091217041,18.796,77.669,173.588,0.016,349.69,1,0,10,3,10,im_end,box,hybrid
1787058122.8526723,83.5784227848053,18.241,28.546,173.588,0.003,253.187,1,0,10,3,10,im_end,box,hybrid
1787058123.026605,83.75235533714294,18.712,77.001,173.762,0.036,347.678,1,0,10,3,10,im_end,box,hybrid
1787058123.0267007,83.75245118141174,18.182,28.087,173.762,0.003,251.936,1,0,10,3,10,im_end,box,hybrid
1787058123.2022307,83.92798113822937,18.179,77.677,175.387,0.017,349.414,1,0,10,3,10,im_end,box,hybrid
1787058123.2023253,83.92807579040527,18.394,27.967,175.387,0.003,253.524,1,0,10,3,10,im_end,box,hybrid
1787058123.3768249,84.10257530212402,18.206,77.627,174.36,0.017,349.995,1,0,10,3,10,im_end,box,hybrid
1787058123.376959,84.10270953178406,18.169,28.158,174.36,0.002,254.119,1,0,10,3,10,im_end,box,hybrid
1787058123.5512323,84.27698278427124,18.111,77.45,174.119,0.016,348.766,1,0,10,3,10,im_end,box,hybrid
1787058123.551332,84.2770824432373,18.325,27.93,174.119,0.003,253.171,1,0,10,3,10,im_end,box,hybrid
1787058123.7266884,84.45243883132935,18.254,77.586,175.215,0.016,349.586,1,0,10,3,10,im_end,box,hybrid
1787058123.7267866,84.45253705978394,18.131,28.479,175.215,0.003,253.709,1,0,10,3,10,im_end,box,hybrid
1787058123.904704,84.63045454025269,18.556,77.152,177.774,0.016,353.239,1,0,10,3,10,im_end,box,hybrid
1787058123.9047935,84.63054394721985,18.47,28.43,177.774,0.003,257.495,1,0,10,3,10,im_end,box,hybrid
1787058124.0787134,84.8044638633728,18.184,78.375,173.771,0.018,351.783,1,0,10,3,10,im_end,box,hybrid
1787058124.0788155,84.80456590652466,18.656,28.353,173.771,0.003,255.192,1,0,10,3,10,im_end,box,hybrid
1787058124.2543314,84.98008179664612,18.04,77.513,175.373,0.016,349.4,1,0,10,3,10,im_end,box,hybrid
1787058124.2544546,84.98020505905151,17.924,28.684,175.373,0.003,253.822,1,0,10,3,10,im_end,box,hybrid
1787058124.4282513,85.15400171279907,18.171,77.457,173.649,0.019,349.294,1,0,10,3,10,im_end,box,hybrid
1787058124.4283574,85.15410780906677,18.441,27.852,173.649,0.003,253.635,1,0,10,3,10,im_end,box,hybrid
1787058124.6024814,85.32823181152344,18.141,77.607,173.975,0.017,347.89,1,0,10,3,10,im_end,box,hybrid
1787058124.6025841,85.32833456993103,18.092,28.297,173.975,0.003,252.106,1,0,10,3,10,im_end,box,hybrid
1787058124.775902,85.50165247917175,18.275,77.243,173.177,0.016,347.407,1,0,10,3,10,im_end,box,hybrid
1787058124.7759972,85.50174760818481,18.1,28.675,173.177,0.002,251.852,1,0,10,3,10,im_end,box,hybrid
1787058124.9504151,85.67616558074951,18.103,77.527,174.271,0.017,347.693,1,0,10,3,10,im_end,box,hybrid
1787058124.9505174,85.67626786231995,18.428,27.624,174.271,0.003,252.046,1,0,10,3,10,im_end,box,hybrid
1787058125.128228,85.85397839546204,18.392,77.124,177.569,0.018,352.082,1,0,10,3,10,im_end,box,hybrid
1787058125.128314,85.85406446456909,18.085,28.299,177.569,0.003,256.535,1,0,10,3,10,im_end,box,hybrid
1787058125.302537,86.02828741073608,18.188,78.32,174.017,0.017,351.881,1,0,10,3,10,im_end,box,hybrid
1787058125.3026276,86.02837800979614,18.072,28.949,174.017,0.002,255.332,1,0,10,3,10,im_end,box,hybrid
1787058125.4760582,86.20180869102478,18.19,78.044,173.292,0.016,347.552,1,0,10,3,10,im_end,box,hybrid
1787058125.4761515,86.20190191268921,18.073,28.067,173.292,0.003,251.299,1,0,10,3,10,im_end,box,hybrid
1787058125.6504047,86.37615513801575,18.37,77.294,174.107,0.016,347.636,1,0,10,3,10,im_end,box,hybrid
1787058125.650504,86.37625455856323,18.286,27.928,174.107,0.003,251.913,1,0,10,3,10,im_end,box,hybrid
1787058125.8246083,86.55035877227783,17.977,77.433,173.937,0.017,348.292,1,0,10,3,10,im_end,box,hybrid
1787058125.8247075,86.55045795440674,18.006,28.407,173.937,0.003,252.848,1,0,10,3,10,im_end,box,hybrid
1787058125.9995522,86.72530269622803,18.38,77.246,174.706,0.016,348.917,1,0,10,3,10,im_end,box,hybrid
1787058125.9996486,86.72539901733398,18.018,28.4,174.706,0.003,253.253,1,0,10,3,10,im_end,box,hybrid
1787058126.1743653,86.9001157283783,18.072,77.499,174.527,0.017,349.516,1,0,10,3,10,im_end,box,hybrid
1787058126.1744573,86.90020775794983,18.203,28.217,174.527,0.002,253.906,1,0,10,3,10,im_end,box,hybrid
1787058126.352519,87.07826948165894,18.292,77.558,177.921,0.016,352.692,1,0,10,3,10,im_end,box,hybrid
1787058126.3526413,87.07839179039001,17.994,28.142,177.921,0.003,256.817,1,0,10,3,10,im_end,box,hybrid
1787058126.5273986,87.25314903259277,18.629,77.917,174.583,0.019,352.816,1,0,10,3,10,im_end,box,hybrid
1787058126.5274992,87.25324964523315,18.112,29.12,174.583,0.003,256.233,1,0,10,3,10,im_end,box,hybrid
1787058126.7013123,87.42706274986267,18.619,78.075,173.669,0.017,348.501,1,0,10,3,10,im_end,box,hybrid
1787058126.7014065,87.42715692520142,18.522,27.942,173.669,0.003,251.764,1,0,10,3,10,im_end,box,hybrid
1787058126.8754282,87.60117864608765,18.579,76.859,173.88,0.016,347.791,1,0,10,3,10,im_end,box,hybrid
1787058126.8755157,87.60126614570618,18.437,27.998,173.88,0.003,252.311,1,0,10,3,10,im_end,box,hybrid
1787058127.0496132,87.77536368370056,17.982,78.036,173.947,0.018,348.065,1,0,10,3,10,im_end,box,hybrid
1787058127.0497465,87.77549695968628,18.192,28.039,173.947,0.003,252.025,1,0,10,3,10,im_end,box,hybrid
1787058127.2235837,87.94933414459229,18.298,77.351,173.692,0.016,347.931,1,0,10,3,10,im_end,box,hybrid
1787058127.2236784,87.94942879676819,18.281,28.047,173.692,0.003,252.255,1,0,10,3,10,im_end,box,hybrid
1787058127.3984196,88.12417006492615,17.917,77.678,174.593,0.018,348.533,1,0,10,3,10,im_end,box,hybrid
1787058127.3985183,88.1242687702179,18.208,28.066,174.593,0.002,252.902,1,0,10,3,10,im_end,box,hybrid
1787058127.574336,88.3000864982605,17.974,78.391,175.673,0.017,350.514,1,0,10,3,10,im_end,box,hybrid
1787058127.574442,88.30019235610962,17.903,28.367,175.673,0.002,254.124,1,0,10,3,10,im_end,box,hybrid
1787058127.750672,88.47642254829407,18.469,77.432,176.05,0.017,352.021,1,0,10,3,10,im_end,box,hybrid
1787058127.750773,88.47652339935303,18.013,28.756,176.05,0.002,256.083,1,0,10,3,10,im_end,box,hybrid
1787058127.925205,88.65095543861389,18.096,78.316,174.283,0.017,350.58,1,0,10,3,10,im_end,box,hybrid
1787058127.9253035,88.65105390548706,18.118,28.78,174.283,0.003,254.139,1,0,10,3,10,im_end,box,hybrid
1787058128.0988286,88.82457900047302,18.505,77.757,173.377,0.016,347.92,1,0,10,3,10,im_end,box,hybrid
1787058128.0989256,88.82467603683472,18.12,28.127,173.377,0.003,251.641,1,0,10,3,10,im_end,box,hybrid
1787058128.2724223,88.99817276000977,17.838,77.831,173.352,0.017,346.98,1,0,10,3,10,im_end,box,hybrid
1787058128.2725255,88.99827599525452,17.894,28.308,173.352,0.002,251.277,1,0,10,3,10,im_end,box,hybrid
1787058128.446586,89.17233633995056,18.285,77.232,173.833,0.016,347.522,1,0,10,3,10,im_end,box,hybrid
1787058128.4467015,89.17245197296143,18.117,28.161,173.833,0.002,251.977,1,0,10,3,10,im_end,box,hybrid
1787058128.620751,89.34650135040283,17.957,78.121,173.902,0.017,348.023,1,0,10,3,10,im_end,box,hybrid
1787058128.6208498,89.34660029411316,17.929,28.193,173.902,0.003,251.916,1,0,10,3,10,im_end,box,hybrid
1787058128.7974148,89.52316522598267,18.052,77.705,176.421,0.017,350.573,1,0,10,3,10,im_end,box,hybrid
1787058128.79752,89.52327036857605,17.923,28.557,176.421,0.003,254.779,1,0,10,3,10,im_end,box,hybrid
1787058128.9756114,89.70136189460754,17.896,77.717,177.941,0.017,354.623,1,0,10,3,10,im_end,box,hybrid
1787058128.9757154,89.70146584510803,17.86,28.59,177.941,0.003,258.847,1,0,10,3,10,im_end,box,hybrid
1787058129.1505532,89.87630367279053,18.071,78.767,174.687,0.017,352.892,1,0,10,3,10,im_end,box,hybrid
1787058129.1506488,89.87639927864075,18.135,28.858,174.687,0.003,256.022,1,0,10,3,10,im_end,box,hybrid
1787058129.3246992,90.05044960975647,18.132,77.787,173.916,0.017,348.848,1,0,10,3,10,im_end,box,hybrid
1787058129.3248477,90.05059814453125,18.072,28.269,173.916,0.003,252.886,1,0,10,3,10,im_end,box,hybrid
1787058129.5007372,90.22648763656616,17.955,77.762,175.743,0.016,349.955,1,0,10,3,10,im_end,box,hybrid
1787058129.5008323,90.22658276557922,18.374,28.049,175.743,0.002,254.192,1,0,10,3,10,im_end,box,hybrid
1787058129.6753767,90.40112709999084,17.917,78.325,174.405,0.016,350.391,1,0,10,3,10,im_end,box,hybrid
1787058129.6755066,90.40125703811646,18.278,27.931,174.405,0.003,254.119,1,0,10,3,10,im_end,box,hybrid
1787058129.8502104,90.5759608745575,18.066,77.527,174.554,0.016,349.248,1,0,10,3,10,im_end,box,hybrid
1787058129.8502994,90.5760498046875,18.261,27.931,174.554,0.002,253.619,1,0,10,3,10,im_end,box,hybrid
1787058130.0262964,90.75204682350159,18.233,77.397,175.865,0.017,350.652,1,0,10,3,10,im_end,box,hybrid
1787058130.0263934,90.75214385986328,17.942,28.36,175.865,0.003,254.993,1,0,10,3,10,im_end,box,hybrid
1787058130.2020805,90.92783093452454,17.932,77.632,175.539,0.017,351.647,1,0,10,3,10,im_end,box,hybrid
1787058130.202176,90.92792654037476,17.994,28.485,175.539,0.003,256.048,1,0,10,3,10,im_end,box,hybrid
1787058130.3778188,91.1035692691803,18.334,77.949,175.464,0.016,351.284,1,0,10,3,10,im_end,box,hybrid
1787058130.377913,91.10366344451904,18.198,28.731,175.464,0.002,254.968,1,0,10,3,10,im_end,box,hybrid
1787058130.5530536,91.278804063797,18.988,77.309,175.004,0.016,350.703,1,0,10,3,10,im_end,box,hybrid
1787058130.5531445,91.27889490127563,18.103,28.384,175.004,0.002,254.369,1,0,10,3,10,im_end,box,hybrid
1787058130.727524,91.4532744884491,18.238,77.428,174.24,0.016,349.48,1,0,10,3,10,im_end,box,hybrid
1787058130.727619,91.45336937904358,18.223,28.473,174.24,0.003,253.784,1,0,10,3,10,im_end,box,hybrid
1787058130.9013855,91.62713599205017,18.22,77.82,173.628,0.017,348.108,1,0,10,3,10,im_end,box,hybrid
1787058130.9014778,91.62722826004028,18.232,27.779,173.628,0.002,252.038,1,0,10,3,10,im_end,box,hybrid
1787058131.0765817,91.80233216285706,18.48,77.302,174.935,0.018,348.806,1,0,10,3,10,im_end,box,hybrid
1787058131.0767033,91.8024537563324,18.079,28.242,174.935,0.003,252.988,1,0,10,3,10,im_end,box,hybrid
1787058131.2504308,91.97618126869202,18.229,77.443,173.53,0.016,348.815,1,0,10,3,10,im_end,box,hybrid
1787058131.2505205,91.97627091407776,18.22,28.216,173.53,0.003,253.109,1,0,10,3,10,im_end,box,hybrid
1787058131.4279723,92.15372276306152,18.437,77.253,177.315,0.016,351.081,1,0,10,3,10,im_end,box,hybrid
1787058131.4280648,92.15381526947021,18.229,27.947,177.315,0.003,255.355,1,0,10,3,10,im_end,box,hybrid
1787058131.6055212,92.33127164840698,17.825,78.397,177.315,0.017,354.866,1,0,10,3,10,im_end,box,hybrid
1787058131.6056194,92.33136987686157,18.515,28.392,177.315,0.003,258.607,1,0,10,3,10,im_end,box,hybrid
1787058131.7804518,92.50620222091675,18.12,78.519,174.694,0.016,352.258,1,0,10,3,10,im_end,box,hybrid
1787058131.780545,92.50629544258118,18.019,28.769,174.694,0.002,255.582,1,0,10,3,10,im_end,box,hybrid
1787058131.9540362,92.6797866821289,18.237,77.151,173.297,0.017,348.283,1,0,10,3,10,im_end,box,hybrid
1787058131.9541273,92.67987775802612,18.152,27.973,173.297,0.003,252.868,1,0,10,3,10,im_end,box,hybrid
1787058132.1281834,92.85393381118774,18.175,77.216,173.915,0.017,347.45,1,0,10,3,10,im_end,box,hybrid
1787058132.1283588,92.85410928726196,17.866,28.375,173.915,0.002,252.007,1,0,10,3,10,im_end,box,hybrid
1787058132.302538,93.0282883644104,17.911,77.908,174.031,0.017,348.279,1,0,10,3,10,im_end,box,hybrid
1787058132.3026352,93.02838563919067,18.084,27.979,174.031,0.003,252.408,1,0,10,3,10,im_end,box,hybrid
1787058132.4758153,93.20156574249268,17.967,78.02,173.043,0.016,347.323,1,0,10,3,10,im_end,box,hybrid
1787058132.475911,93.2016613483429,18.022,28.278,173.043,0.003,251.307,1,0,10,3,10,im_end,box,hybrid
1787058132.6513813,93.37713170051575,18.064,77.471,175.32,0.017,348.614,1,0,10,3,10,im_end,box,hybrid
1787058132.6514733,93.37722373008728,17.895,28.141,175.32,0.003,253.043,1,0,10,3,10,im_end,box,hybrid
1787058132.8275528,93.55330324172974,18.002,77.534,175.939,0.017,351.505,1,0,10,3,10,im_end,box,hybrid
1787058132.8276405,93.55339097976685,17.954,29.054,175.939,0.002,255.924,1,0,10,3,10,im_end,box,hybrid
1787058133.0014997,93.72725009918213,18.58,77.738,173.716,0.017,349.891,1,0,10,3,10,im_end,box,hybrid
1787058133.001592,93.72734236717224,17.959,29.085,173.716,0.003,253.544,1,0,10,3,10,im_end,box,hybrid
1787058133.1753552,93.90110564231873,18.303,77.361,173.617,0.017,347.582,1,0,10,3,10,im_end,box,hybrid
1787058133.1754544,93.90120482444763,18.264,27.981,173.617,0.002,251.891,1,0,10,3,10,im_end,box,hybrid
1787058133.3511405,94.07689094543457,18.034,77.545,175.545,0.016,349.41,1,0,10,3,10,im_end,box,hybrid
1787058133.3513057,94.07705616950989,18.189,28.017,175.545,0.003,253.796,1,0,10,3,10,im_end,box,hybrid
1787058133.5259306,94.25168108940125,18.382,77.381,174.489,0.017,350.345,1,0,10,3,10,im_end,box,hybrid
1787058133.5260262,94.25177669525146,18.121,28.113,174.489,0.003,254.553,1,0,10,3,10,im_end,box,hybrid
1787058133.6997867,94.425537109375,18.558,77.232,173.619,0.018,348.339,1,0,10,3,10,im_end,box,hybrid
1787058133.6998892,94.42563962936401,18.179,28.138,173.619,0.003,252.512,1,0,10,3,10,im_end,box,hybrid
1787058133.8748355,94.6005859375,18.281,77.244,174.799,0.018,348.678,1,0,10,3,10,im_end,box,hybrid
1787058133.8749325,94.6006829738617,18.455,27.9,174.799,0.003,253.139,1,0,10,3,10,im_end,box,hybrid
1787058134.0524833,94.77823376655579,18.379,77.722,177.413,0.017,352.462,1,0,10,3,10,im_end,box,hybrid
1787058134.052618,94.77836847305298,18.416,27.907,177.413,0.002,256.334,1,0,10,3,10,im_end,box,hybrid
1787058134.2281725,94.95392298698425,17.969,78.572,175.412,0.016,353.106,1,0,10,3,10,im_end,box,hybrid
1787058134.2282982,94.95404863357544,18.049,28.888,175.412,0.003,256.536,1,0,10,3,10,im_end,box,hybrid
1787058134.402251,95.12800145149231,18.179,78.401,173.814,0.016,349.493,1,0,10,3,10,im_end,box,hybrid
1787058134.4023454,95.12809586524963,17.858,28.367,173.814,0.002,252.874,1,0,10,3,10,im_end,box,hybrid
1787058134.575756,95.30150651931763,17.894,77.863,173.258,0.017,347.318,1,0,10,3,10,im_end,box,hybrid
1787058134.5758483,95.30159878730774,18.469,27.898,173.258,0.003,251.525,1,0,10,3,10,im_end,box,hybrid
1787058134.7495646,95.47531509399414,18.103,77.563,173.577,0.016,347.087,1,0,10,3,10,im_end,box,hybrid
1787058134.7496524,95.47540283203125,18.143,28.009,173.577,0.002,251.39,1,0,10,3,10,im_end,box,hybrid
1787058134.923565,95.64931535720825,18.086,77.656,173.771,0.017,347.581,1,0,10,3,10,im_end,box,hybrid
1787058134.9236774,95.64942789077759,18.057,28.218,173.771,0.003,251.812,1,0,10,3,10,im_end,box,hybrid
1787058135.097317,95.82306742668152,18.551,77.195,173.491,0.018,347.534,1,0,10,3,10,im_end,box,hybrid
1787058135.09741,95.82316040992737,18.257,28.114,173.491,0.003,251.759,1,0,10,3,10,im_end,box,hybrid
1787058135.2731218,95.99887228012085,18.074,77.591,175.531,0.016,349.302,1,0,10,3,10,im_end,box,hybrid
1787058135.273219,95.99896955490112,18.18,28.048,175.531,0.003,253.589,1,0,10,3,10,im_end,box,hybrid
1787058135.4487343,96.17448472976685,18.204,78.229,175.367,0.016,351.152,1,0,10,3,10,im_end,box,hybrid
1787058135.4488318,96.1745822429657,18.059,28.626,175.367,0.003,254.702,1,0,10,3,10,im_end,box,hybrid
1787058135.6229014,96.34865188598633,18.053,78.731,173.931,0.017,349.549,1,0,10,3,10,im_end,box,hybrid
1787058135.6229968,96.34874725341797,18.061,28.841,173.931,0.003,252.744,1,0,10,3,10,im_end,box,hybrid
1787058135.7992046,96.52495503425598,18.179,77.275,176.064,0.017,350.237,1,0,10,3,10,im_end,box,hybrid
1787058135.7992983,96.52504873275757,17.959,28.298,176.064,0.003,254.749,1,0,10,3,10,im_end,box,hybrid
1787058135.9744096,96.7001600265503,18.109,80.055,174.971,0.016,351.27,1,0,10,3,10,im_end,box,hybrid
1787058135.9744995,96.70024991035461,18.291,27.964,174.971,0.003,253.075,1,0,10,3,10,im_end,box,hybrid
1787058136.149003,96.87475347518921,18.032,77.617,174.32,0.017,349.57,1,0,10,3,10,im_end,box,hybrid
1787058136.1490934,96.87484383583069,17.962,28.517,174.32,0.003,253.884,1,0,10,3,10,im_end,box,hybrid
1787058136.3226824,97.04843282699585,17.865,77.803,173.447,0.016,348.006,1,0,10,3,10,im_end,box,hybrid
1787058136.3227856,97.0485360622406,18.098,28.086,173.447,0.003,252.301,1,0,10,3,10,im_end,box,hybrid
1787058136.5001097,97.22586011886597,18.227,77.283,177.179,0.016,350.88,1,0,10,3,10,im_end,box,hybrid
1787058136.5002053,97.22595572471619,18.122,27.957,177.179,0.003,255.337,1,0,10,3,10,im_end,box,hybrid
1787058136.6768477,97.4025981426239,18.012,78.072,176.499,0.016,353.923,1,0,10,3,10,im_end,box,hybrid
1787058136.6769476,97.40269804000854,18.171,29.024,176.499,0.003,257.802,1,0,10,3,10,im_end,box,hybrid
1787058136.85092,97.5766704082489,18.125,78.467,173.824,0.016,350.575,1,0,10,3,10,im_end,box,hybrid
1787058136.851024,97.57677435874939,17.839,28.779,173.824,0.003,253.971,1,0,10,3,10,im_end,box,hybrid
1787058137.0267022,97.75245261192322,18.304,77.526,175.551,0.017,349.633,1,0,10,3,10,im_end,box,hybrid
1787058137.034953,97.76070356369019,18.174,27.913,175.551,0.003,253.761,1,0,10,3,10,im_end,box,hybrid
1787058137.2101438,97.93589425086975,18.605,77.215,175.011,0.016,358.983,1,0,10,3,10,im_end,box,hybrid
1787058137.210231,97.9359815120697,18.637,28.107,175.011,0.002,263.129,1,0,10,3,10,im_end,box,hybrid
1787058137.3857422,98.11149263381958,18.187,77.393,175.372,0.016,350.614,1,0,10,3,10,im_end,box,hybrid
1787058137.385833,98.11158347129822,18.345,27.866,175.372,0.002,254.996,1,0,10,3,10,im_end,box,hybrid
1787058137.5603147,98.28606510162354,18.238,77.273,174.342,0.016,349.954,1,0,10,3,10,im_end,box,hybrid
1787058137.5604029,98.2861533164978,18.251,28.137,174.342,0.002,254.396,1,0,10,3,10,im_end,box,hybrid
1787058137.7351022,98.46085262298584,17.827,77.705,174.556,0.017,349.128,1,0,10,3,10,im_end,box,hybrid
1787058137.7352016,98.46095204353333,17.865,29.033,174.556,0.003,253.561,1,0,10,3,10,im_end,box,hybrid
1787058137.9111948,98.63694524765015,18.121,77.511,175.845,0.018,350.653,1,0,10,3,10,im_end,box,hybrid
1787058137.9112954,98.63704586029053,18.247,28.187,175.845,0.002,254.992,1,0,10,3,10,im_end,box,hybrid
1787058138.085892,98.81164240837097,17.949,78.481,174.424,0.018,350.526,1,0,10,3,10,im_end,box,hybrid
1787058138.0859833,98.81173372268677,18.156,28.624,174.424,0.003,254.057,1,0,10,3,10,im_end,box,hybrid
1787058138.2603827,98.9861330986023,18.694,77.385,174.258,0.017,348.949,1,0,10,3,10,im_end,box,hybrid
1787058138.2604723,98.98622274398804,17.907,28.551,174.258,0.003,252.832,1,0,10,3,10,im_end,box,hybrid
1787058138.4363835,99.16213393211365,18.381,77.412,175.61,0.017,350.253,1,0,10,3,10,im_end,box,hybrid
1787058138.4365172,99.16226768493652,18.002,28.205,175.61,0.003,254.423,1,0,10,3,10,im_end,box,hybrid
1787058138.6109288,99.33667922019958,18.12,77.672,174.26,0.016,350.177,1,0,10,3,10,im_end,box,hybrid
1787058138.6110306,99.33678102493286,18.229,28.169,174.26,0.002,254.336,1,0,10,3,10,im_end,box,hybrid
1787058138.7849715,99.51072192192078,18.193,77.758,173.794,0.017,348.304,1,0,10,3,10,im_end,box,hybrid
1787058138.7850668,99.51081728935242,18.004,28.162,173.794,0.002,252.199,1,0,10,3,10,im_end,box,hybrid
1787058138.9595082,99.68525862693787,18.339,77.303,174.307,0.017,348.349,1,0,10,3,10,im_end,box,hybrid
1787058138.9595962,99.68534660339355,18.171,28.162,174.307,0.003,252.668,1,0,10,3,10,im_end,box,hybrid
1787058139.135868,99.86161851882935,18.328,77.34,176.015,0.017,350.662,1,0,10,3,10,im_end,box,hybrid
1787058139.1359682,99.86171865463257,18.367,27.937,176.015,0.003,254.957,1,0,10,3,10,im_end,box,hybrid
1787058139.3108623,100.03661274909973,18.329,77.909,174.746,0.016,351.002,1,0,10,3,10,im_end,box,hybrid
1787058139.3110137,100.03676414489746,18.471,28.446,174.746,0.003,254.747,1,0,10,3,10,im_end,box,hybrid
1787058139.4860759,100.21182632446289,18.242,78.713,174.919,0.017,349.97,1,0,10,3,10,im_end,box,hybrid
1787058139.48617,100.21192049980164,18.102,27.916,174.919,0.002,252.985,1,0,10,3,10,im_end,box,hybrid
1787058139.6603076,100.38605809211731,18.255,77.673,173.993,0.017,349.158,1,0,10,3,10,im_end,box,hybrid
1787058139.6604166,100.38616704940796,18.189,28.138,173.993,0.003,253.204,1,0,10,3,10,im_end,box,hybrid
1787058139.834656,100.56040644645691,18.099,77.423,173.926,0.017,348.35,1,0,10,3,10,im_end,box,hybrid
1787058139.8347533,100.56050372123718,18.143,28.087,173.926,0.003,252.795,1,0,10,3,10,im_end,box,hybrid
1787058140.0083232,100.73407363891602,18.394,77.49,173.423,0.017,347.599,1,0,10,3,10,im_end,box,hybrid
1787058140.0084133,100.73416376113892,18.173,28.225,173.423,0.003,251.668,1,0,10,3,10,im_end,box,hybrid
1787058140.1823971,100.90814757347107,17.918,77.685,173.844,0.017,347.508,1,0,10,3,10,im_end,box,hybrid
1787058140.1824894,100.90823984146118,18.085,28.309,173.844,0.002,251.859,1,0,10,3,10,im_end,box,hybrid
1787058140.358296,101.08404636383057,18.231,77.412,175.603,0.016,349.727,1,0,10,3,10,im_end,box,hybrid
1787058140.35839,101.08414053916931,18.297,27.926,175.603,0.003,254.051,1,0,10,3,10,im_end,box,hybrid
1787058140.5351725,101.26092290878296,17.888,78.419,176.519,0.019,352.509,1,0,10,3,10,im_end,box,hybrid
1787058140.535267,101.26101756095886,18.153,28.751,176.519,0.002,256.168,1,0,10,3,10,im_end,box,hybrid
1787058140.710579,101.43632936477661,18.575,78.918,175.176,0.016,351.939,1,0,10,3,10,im_end,box,hybrid
1787058140.710667,101.4364173412323,18.677,28.267,175.176,0.002,254.408,1,0,10,3,10,im_end,box,hybrid
1787058140.8846495,101.61039996147156,18.151,77.721,173.82,0.016,349.226,1,0,10,3,10,im_end,box,hybrid
1787058140.8847396,101.61049008369446,18.068,27.922,173.82,0.002,253.321,1,0,10,3,10,im_end,box,hybrid
1787058141.0601501,101.78590059280396,18.157,77.753,175.274,0.017,349.358,1,0,10,3,10,im_end,box,hybrid
1787058141.0602505,101.78600096702576,18.18,28.191,175.274,0.003,253.414,1,0,10,3,10,im_end,box,hybrid
1787058141.2342927,101.96004319190979,18.222,77.465,173.745,0.018,349.418,1,0,10,3,10,im_end,box,hybrid
1787058141.2343817,101.9601321220398,18.205,28.151,173.745,0.003,253.689,1,0,10,3,10,im_end,box,hybrid
1787058141.408274,102.13402438163757,18.03,77.57,173.749,0.017,347.739,1,0,10,3,10,im_end,box,hybrid
1787058141.4083679,102.13411831855774,18.092,28.215,173.749,0.003,252.107,1,0,10,3,10,im_end,box,hybrid
1787058141.583306,102.30905652046204,18.094,77.821,174.786,0.019,348.782,1,0,10,3,10,im_end,box,hybrid
1787058141.5834036,102.30915403366089,18.075,28.025,174.786,0.003,252.83,1,0,10,3,10,im_end,box,hybrid
1787058141.7594318,102.48518228530884,18.178,77.562,175.85,0.018,350.896,1,0,10,3,10,im_end,box,hybrid
1787058141.759524,102.48527455329895,18.143,28.473,175.85,0.002,255.129,1,0,10,3,10,im_end,box,hybrid
1787058141.9342728,102.66002321243286,18.52,78.151,174.49,0.017,350.725,1,0,10,3,10,im_end,box,hybrid
1787058141.9343672,102.66011762619019,18.181,28.781,174.49,0.002,254.016,1,0,10,3,10,im_end,box,hybrid
1787058142.1080215,102.83377194404602,18.27,78.181,173.508,0.017,348.243,1,0,10,3,10,im_end,box,hybrid
1787058142.10816,102.83391046524048,18.193,28.151,173.508,0.003,251.758,1,0,10,3,10,im_end,box,hybrid
1787058142.2821667,103.00791716575623,18.344,77.39,173.856,0.019,347.663,1,0,10,3,10,im_end,box,hybrid
1787058142.2822652,103.0080156326294,18.389,27.643,173.856,0.003,251.912,1,0,10,3,10,im_end,box,hybrid
1787058142.457468,103.1832184791565,18.544,77.26,175.058,0.017,349.168,1,0,10,3,10,im_end,box,hybrid
1787058142.4575565,103.18330693244934,18.527,27.763,175.058,0.002,253.332,1,0,10,3,10,im_end,box,hybrid
1787058142.6318564,103.35760688781738,18.041,77.926,174.047,0.016,349.447,1,0,10,3,10,im_end,box,hybrid
1787058142.6319563,103.35770678520203,18.453,27.924,174.047,0.002,253.443,1,0,10,3,10,im_end,box,hybrid
1787058142.806457,103.53220748901367,18.226,77.646,174.358,0.017,348.651,1,0,10,3,10,im_end,box,hybrid
1787058142.8065472,103.53229761123657,18.415,28.099,174.358,0.003,252.739,1,0,10,3,10,im_end,box,hybrid
1787058142.9845247,103.71027517318726,18.139,77.432,177.837,0.016,352.431,1,0,10,3,10,im_end,box,hybrid
1787058142.9846451,103.7103955745697,18.171,28.121,177.837,0.002,256.82,1,0,10,3,10,im_end,box,hybrid
1787058143.1607754,103.8865258693695,18.416,78.152,175.993,0.017,354.105,1,0,10,3,10,im_end,box,hybrid
1787058143.161471,103.88722133636475,18.182,28.934,175.993,0.002,257.506,1,0,10,3,10,im_end,box,hybrid
1787058143.3371696,104.06292009353638,17.93,78.423,175.541,0.018,352.384,1,0,10,3,10,im_end,box,hybrid
1787058143.337265,104.06301546096802,18.349,27.992,175.541,0.003,255.991,1,0,10,3,10,im_end,box,hybrid
1787058143.5135548,104.23930525779724,17.868,77.811,176.149,0.016,351.938,1,0,10,3,10,im_end,box,hybrid
1787058143.5136867,104.23943710327148,18.141,28.08,176.149,0.003,256.225,1,0,10,3,10,im_end,box,hybrid
1787058143.6872182,104.41296863555908,18.254,77.635,173.39,0.017,349.816,1,0,10,3,10,im_end,box,hybrid
1787058143.6873112,104.41306161880493,17.931,28.805,173.39,0.002,253.891,1,0,10,3,10,im_end,box,hybrid
1787058143.861164,104.58691453933716,18.366,77.475,173.72,0.017,347.354,1,0,10,3,10,im_end,box,hybrid
1787058143.8612545,104.58700489997864,18.542,27.601,173.72,0.003,251.491,1,0,10,3,10,im_end,box,hybrid
1787058144.0369391,104.7626895904541,18.759,76.905,175.549,0.016,349.492,1,0,10,3,10,im_end,box,hybrid
1787058144.037035,104.7627854347229,18.264,28.106,175.549,0.002,253.776,1,0,10,3,10,im_end,box,hybrid
1787058144.2119524,104.93770289421082,18.174,77.392,174.763,0.017,350.563,1,0,10,3,10,im_end,box,hybrid
1787058144.2120507,104.9378011226654,18.28,28.265,174.763,0.003,254.961,1,0,10,3,10,im_end,box,hybrid
1787058144.3890777,105.11482810974121,18.11,78.193,176.885,0.016,351.909,1,0,10,3,10,im_end,box,hybrid
1787058144.3892121,105.11496257781982,17.867,28.578,176.885,0.002,255.586,1,0,10,3,10,im_end,box,hybrid
1787058144.563598,105.28934836387634,18.896,77.575,174.24,0.018,351.413,1,0,10,3,10,im_end,box,hybrid
1787058144.563699,105.28944945335388,18.313,28.534,174.24,0.003,254.912,1,0,10,3,10,im_end,box,hybrid
1787058144.7383883,105.4641387462616,18.302,77.541,174.52,0.017,349.009,1,0,10,3,10,im_end,box,hybrid
1787058144.7384875,105.4642379283905,18.673,27.835,174.52,0.003,253.132,1,0,10,3,10,im_end,box,hybrid
1787058144.91219,105.63794040679932,18.643,76.967,173.557,0.017,348.351,1,0,10,3,10,im_end,box,hybrid
1787058144.9122899,105.63804030418396,18.39,27.893,173.557,0.002,252.711,1,0,10,3,10,im_end,box,hybrid
1787058145.0875964,105.81334686279297,18.859,76.783,175.16,0.017,348.974,1,0,10,3,10,im_end,box,hybrid
1787058145.087695,105.81344532966614,18.069,28.165,175.16,0.003,253.319,1,0,10,3,10,im_end,box,hybrid
1787058145.2622616,105.9880120754242,18.059,77.403,174.427,0.017,349.839,1,0,10,3,10,im_end,box,hybrid
1787058145.2623513,105.98810172080994,18.268,28.134,174.427,0.002,254.328,1,0,10,3,10,im_end,box,hybrid
1787058145.4374697,106.16322016716003,18.015,77.807,174.932,0.018,349.631,1,0,10,3,10,im_end,box,hybrid
1787058145.43757,106.16332054138184,18.06,28.226,174.932,0.003,253.766,1,0,10,3,10,im_end,box,hybrid
1787058145.6141362,106.33988666534424,17.886,77.852,176.311,0.017,351.619,1,0,10,3,10,im_end,box,hybrid
1787058145.614224,106.33997440338135,17.941,28.934,176.311,0.003,255.845,1,0,10,3,10,im_end,box,hybrid
1787058145.790498,106.51624846458435,17.858,78.663,176.126,0.016,352.68,1,0,10,3,10,im_end,box,hybrid
1787058145.7905982,106.51634860038757,18.58,28.115,176.126,0.002,256.123,1,0,10,3,10,im_end,box,hybrid
1787058145.9664333,106.69218373298645,18.189,77.96,175.678,0.017,352.068,1,0,10,3,10,im_end,box,hybrid
1787058145.9665802,106.69233059883118,18.128,28.245,175.678,0.003,255.861,1,0,10,3,10,im_end,box,hybrid
1787058146.142254,106.86800456047058,18.425,77.519,175.534,0.016,351.426,1,0,10,3,10,im_end,box,hybrid
1787058146.1423497,106.8681001663208,18.3,28.059,175.534,0.002,255.448,1,0,10,3,10,im_end,box,hybrid
1787058146.3178613,107.04361176490784,18.319,77.268,175.339,0.017,351.14,1,0,10,3,10,im_end,box,hybrid
1787058146.317958,107.04370856285095,18.58,27.556,175.339,0.003,255.521,1,0,10,3,10,im_end,box,hybrid
1787058146.4939978,107.2197482585907,18.084,77.646,175.918,0.016,351.501,1,0,10,3,10,im_end,box,hybrid
1787058146.4940858,107.21983623504639,18.066,28.312,175.918,0.002,255.734,1,0,10,3,10,im_end,box,hybrid
1787058146.6704788,107.39622926712036,18.076,77.716,176.256,0.017,352.388,1,0,10,3,10,im_end,box,hybrid
1787058146.6705809,107.39633131027222,18.166,28.051,176.256,0.003,256.564,1,0,10,3,10,im_end,box,hybrid
1787058146.8465793,107.57232975959778,18.251,77.511,175.852,0.017,352.363,1,0,10,3,10,im_end,box,hybrid
1787058146.8466802,107.57243061065674,18.084,28.185,175.852,0.002,256.571,1,0,10,3,10,im_end,box,hybrid
1787058147.0222085,107.74795889854431,18.265,78.221,175.363,0.017,351.472,1,0,10,3,10,im_end,box,hybrid
1787058147.0223038,107.74805426597595,18.117,28.722,175.363,0.003,254.941,1,0,10,3,10,im_end,box,hybrid
1787058147.1969233,107.92267370223999,18.471,77.885,174.469,0.018,350.105,1,0,10,3,10,im_end,box,hybrid
1787058147.1970584,107.92280888557434,18.215,28.108,174.469,0.003,253.718,1,0,10,3,10,im_end,box,hybrid
1787058147.3712704,108.0970208644867,18.484,77.144,174.063,0.016,348.825,1,0,10,3,10,im_end,box,hybrid
1787058147.3713589,108.09710931777954,18.161,28.298,174.063,0.003,253.168,1,0,10,3,10,im_end,box,hybrid
1787058147.545198,108.27094841003418,18.416,77.77,173.692,0.017,347.99,1,0,10,3,10,im_end,box,hybrid
1787058147.5453002,108.27105069160461,17.941,28.075,173.692,0.003,251.78,1,0,10,3,10,im_end,box,hybrid
1787058147.7201314,108.4458818435669,18.377,77.289,174.692,0.016,348.638,1,0,10,3,10,im_end,box,hybrid
1787058147.7202241,108.44597458839417,18.116,28.285,174.692,0.002,252.94,1,0,10,3,10,im_end,box,hybrid
1787058147.895259,108.621009349823,18.395,77.097,174.877,0.016,349.8,1,0,10,3,10,im_end,box,hybrid
1787058147.8953507,108.62110114097595,18.085,28.218,174.877,0.003,254.279,1,0,10,3,10,im_end,box,hybrid
1787058148.072272,108.79802250862122,18.112,77.944,176.779,0.017,351.914,1,0,10,3,10,im_end,box,hybrid
1787058148.0723708,108.79812121391296,18.204,28.022,176.779,0.002,255.82,1,0,10,3,10,im_end,box,hybrid
1787058148.247134,108.9728844165802,18.248,78.292,174.622,0.016,351.646,1,0,10,3,10,im_end,box,hybrid
1787058148.2472327,108.97298312187195,18.225,28.66,174.622,0.003,255.074,1,0,10,3,10,im_end,box,hybrid
1787058148.420956,109.14670634269714,18.01,78.48,173.579,0.016,348.45,1,0,10,3,10,im_end,box,hybrid
1787058148.4210973,109.14684772491455,18.064,28.175,173.579,0.003,251.917,1,0,10,3,10,im_end,box,hybrid
1787058148.595116,109.32086634635925,18.224,77.682,173.877,0.016,347.747,1,0,10,3,10,im_end,box,hybrid
1787058148.5952094,109.32095980644226,18.202,28.041,173.877,0.003,251.803,1,0,10,3,10,im_end,box,hybrid
1787058148.7689884,109.49473881721497,18.074,77.674,173.634,0.018,347.75,1,0,10,3,10,im_end,box,hybrid
1787058148.7690837,109.4948341846466,18.13,28.047,173.634,0.003,251.97,1,0,10,3,10,im_end,box,hybrid
1787058148.9433453,109.66909575462341,18.129,77.403,174.121,0.016,348.002,1,0,10,3,10,im_end,box,hybrid
1787058148.9434378,109.6691882610321,18.369,28.057,174.121,0.002,252.439,1,0,10,3,10,im_end,box,hybrid
1787058149.1176338,109.84338426589966,18.152,77.676,174.025,0.017,348.412,1,0,10,3,10,im_end,box,hybrid
1787058149.1177316,109.84348201751709,18.139,28.005,174.025,0.003,252.56,1,0,10,3,10,im_end,box,hybrid
1787058149.2947712,110.02052164077759,18.045,77.749,176.901,0.016,351.177,1,0,10,3,10,im_end,box,hybrid
1787058149.294905,110.02065539360046,17.991,28.337,176.901,0.003,255.343,1,0,10,3,10,im_end,box,hybrid
1787058149.4707093,110.19645977020264,18.709,77.238,175.662,0.017,352.844,1,0,10,3,10,im_end,box,hybrid
1787058149.4708118,110.19656229019165,18.166,28.837,175.662,0.002,256.862,1,0,10,3,10,im_end,box,hybrid
1787058149.6446297,110.37038016319275,18.089,78.38,173.633,0.017,349.547,1,0,10,3,10,im_end,box,hybrid
1787058149.6447284,110.3704788684845,18.337,28.655,173.633,0.003,253.038,1,0,10,3,10,im_end,box,hybrid
1787058149.8191817,110.5449321269989,17.886,78.047,174.315,0.016,348.237,1,0,10,3,10,im_end,box,hybrid
1787058149.8192742,110.54502463340759,17.867,28.286,174.315,0.003,252.273,1,0,10,3,10,im_end,box,hybrid
1787058149.9936662,110.71941661834717,18.062,77.448,174.256,0.016,348.806,1,0,10,3,10,im_end,box,hybrid
1787058149.993764,110.7195143699646,17.998,28.203,174.256,0.002,253.244,1,0,10,3,10,im_end,box,hybrid
1787058150.169154,110.8949043750763,17.912,77.703,175.224,0.016,349.718,1,0,10,3,10,im_end,box,hybrid
1787058150.1692405,110.89499092102051,18.374,28.32,175.224,0.002,254.055,1,0,10,3,10,im_end,box,hybrid
1787058150.3443885,111.07013893127441,18.021,77.43,174.976,0.016,350.498,1,0,10,3,10,im_end,box,hybrid
1787058150.3444955,111.07024598121643,17.984,28.296,174.976,0.003,255.009,1,0,10,3,10,im_end,box,hybrid
1787058150.5215173,111.2472677230835,18.077,77.569,176.831,0.016,352.103,1,0,10,3,10,im_end,box,hybrid
1787058150.521665,111.24741554260254,18.076,27.946,176.831,0.003,256.442,1,0,10,3,10,im_end,box,hybrid
1787058150.6992443,111.42499470710754,18.175,77.618,177.431,0.016,354.566,1,0,10,3,10,im_end,box,hybrid
1787058150.6993852,111.4251356124878,18.528,28.513,177.431,0.002,258.74,1,0,10,3,10,im_end,box,hybrid
1787058150.8738048,111.59955525398254,18.05,78.424,174.273,0.016,351.994,1,0,10,3,10,im_end,box,hybrid
1787058150.8738935,111.59964394569397,18.604,28.423,174.273,0.003,255.49,1,0,10,3,10,im_end,box,hybrid
1787058151.048113,111.77386355400085,18.3,77.754,174.071,0.018,348.583,1,0,10,3,10,im_end,box,hybrid
1787058151.0482101,111.77396059036255,18.479,27.753,174.071,0.003,252.495,1,0,10,3,10,im_end,box,hybrid
1787058151.2224882,111.94823861122131,18.308,77.494,174.098,0.018,348.467,1,0,10,3,10,im_end,box,hybrid
1787058151.2227395,111.94848990440369,18.047,28.615,174.098,0.003,252.649,1,0,10,3,10,im_end,box,hybrid
1787058151.3968482,112.12259864807129,18.199,77.714,173.954,0.016,348.462,1,0,10,3,10,im_end,box,hybrid
1787058151.3969529,112.12270331382751,17.918,28.512,173.954,0.002,252.512,1,0,10,3,10,im_end,box,hybrid
1787058151.571347,112.2970974445343,18.621,77.188,174.253,0.016,348.458,1,0,10,3,10,im_end,box,hybrid
1787058151.571471,112.29722142219543,18.199,28.196,174.253,0.003,252.633,1,0,10,3,10,im_end,box,hybrid
1787058151.7453468,112.47109723091125,18.538,77.418,173.684,0.017,348.211,1,0,10,3,10,im_end,box,hybrid
1787058151.745442,112.47119235992432,18.218,28.031,173.684,0.003,252.254,1,0,10,3,10,im_end,box,hybrid
1787058151.9217644,112.64751482009888,18.387,77.409,176.179,0.016,350.156,1,0,10,3,10,im_end,box,hybrid
1787058151.9218645,112.6476149559021,18.221,27.774,176.179,0.002,254.327,1,0,10,3,10,im_end,box,hybrid
1787058152.0985677,112.82431817054749,18.321,78.424,176.56,0.016,352.99,1,0,10,3,10,im_end,box,hybrid
1787058152.0987017,112.82445216178894,18.554,28.359,176.56,0.002,256.211,1,0,10,3,10,im_end,box,hybrid
1787058152.2741857,112.9999361038208,18.424,78.084,175.344,0.016,352.178,1,0,10,3,10,im_end,box,hybrid
1787058152.274278,113.00002837181091,18.361,28.084,175.344,0.003,255.636,1,0,10,3,10,im_end,box,hybrid
1787058152.4479864,113.1737368106842,18.355,77.472,173.566,0.017,349.147,1,0,10,3,10,im_end,box,hybrid
1787058152.4480917,113.17384219169617,18.287,27.772,173.566,0.003,253.301,1,0,10,3,10,im_end,box,hybrid
1787058152.622931,113.34868144989014,18.438,77.346,174.702,0.017,348.502,1,0,10,3,10,im_end,box,hybrid
1787058152.623017,113.34876751899719,18.261,27.977,174.702,0.003,252.687,1,0,10,3,10,im_end,box,hybrid
1787058152.7966783,113.52242875099182,18.416,77.531,173.522,0.017,348.447,1,0,10,3,10,im_end,box,hybrid
1787058152.796765,113.52251553535461,18.213,28.058,173.522,0.002,252.465,1,0,10,3,10,im_end,box,hybrid
1787058152.9706812,113.6964316368103,18.533,77.254,173.776,0.017,347.534,1,0,10,3,10,im_end,box,hybrid
1787058152.9708118,113.69656229019165,18.417,27.966,173.776,0.003,251.71,1,0,10,3,10,im_end,box,hybrid
1787058153.146704,113.87245440483093,18.269,77.557,175.739,0.017,349.803,1,0,10,3,10,im_end,box,hybrid
1787058153.1467905,113.87254095077515,18.288,27.918,175.739,0.003,253.95,1,0,10,3,10,im_end,box,hybrid
1787058153.328074,114.05382442474365,18.109,78.182,181.145,0.016,357.124,1,0,10,3,10,im_end,box,hybrid
1787058153.3281724,114.05392289161682,18.135,28.683,181.145,0.003,260.815,1,0,10,3,10,im_end,box,hybrid
1787058153.501957,114.22770738601685,18.391,78.142,173.636,0.018,355.03,1,0,10,3,10,im_end,box,hybrid
1787058153.5020933,114.22784376144409,26.695,26.196,173.636,0.003,258.458,1,0,10,3,10,im_end,box,hybrid
1787058153.677639,114.40338945388794,18.1,77.662,175.4,0.016,349.328,1,0,10,3,10,im_end,box,hybrid
1787058153.6777322,114.40348267555237,18.394,27.783,175.4,0.002,253.552,1,0,10,3,10,im_end,box,hybrid
1787058153.852259,114.57800936698914,18.218,77.53,174.383,0.017,350.022,1,0,10,3,10,im_end,box,hybrid
1787058153.852352,114.57810235023499,18.566,27.617,174.383,0.003,254.242,1,0,10,3,10,im_end,box,hybrid
1787058154.02781,114.7535605430603,18.349,77.565,175.33,0.016,349.936,1,0,10,3,10,im_end,box,hybrid
1787058154.0279124,114.75366282463074,18.173,28.038,175.33,0.002,253.988,1,0,10,3,10,im_end,box,hybrid
1787058154.2016094,114.92735981941223,18.335,77.244,173.531,0.016,349.116,1,0,10,3,10,im_end,box,hybrid
1787058154.2017136,114.9274640083313,18.383,27.861,173.531,0.002,253.502,1,0,10,3,10,im_end,box,hybrid
1787058154.3780165,115.10376691818237,18.416,77.233,176.158,0.016,349.947,1,0,10,3,10,im_end,box,hybrid
1787058154.378192,115.10394239425659,18.724,27.466,176.158,0.003,254.271,1,0,10,3,10,im_end,box,hybrid
1787058154.5548902,115.28064060211182,18.822,77.1,176.548,0.016,353.035,1,0,10,3,10,im_end,box,hybrid
1787058154.5549865,115.28073692321777,18.305,28.731,176.548,0.002,257.065,1,0,10,3,10,im_end,box,hybrid
1787058154.7309816,115.45673203468323,18.445,77.981,175.858,0.016,352.652,1,0,10,3,10,im_end,box,hybrid
1787058154.7310743,115.4568247795105,18.059,28.816,175.858,0.002,256.187,1,0,10,3,10,im_end,box,hybrid
1787058154.9050736,115.6308240890503,17.991,78.177,173.847,0.017,349.953,1,0,10,3,10,im_end,box,hybrid
1787058154.9051647,115.63091516494751,17.912,28.573,173.847,0.002,253.753,1,0,10,3,10,im_end,box,hybrid
1787058155.078513,115.80426335334778,17.843,77.913,173.211,0.017,347.295,1,0,10,3,10,im_end,box,hybrid
1787058155.0786145,115.80436491966248,17.82,28.566,173.211,0.002,251.501,1,0,10,3,10,im_end,box,hybrid
1787058155.2521832,115.97793364524841,18.047,77.392,173.425,0.016,346.888,1,0,10,3,10,im_end,box,hybrid
1787058155.2522788,115.97802925109863,17.768,28.393,173.425,0.002,251.424,1,0,10,3,10,im_end,box,hybrid
1787058155.4284012,116.15415167808533,18.261,77.336,175.953,0.016,349.658,1,0,10,3,10,im_end,box,hybrid
1787058155.428493,116.15424346923828,18.096,28.255,175.953,0.003,254.019,1,0,10,3,10,im_end,box,hybrid
1787058155.602933,116.32868337631226,18.154,77.683,174.223,0.017,350.474,1,0,10,3,10,im_end,box,hybrid
1787058155.603031,116.32878136634827,17.892,28.436,174.223,0.002,254.606,1,0,10,3,10,im_end,box,hybrid
1787058155.781103,116.50685334205627,18.078,77.477,177.929,0.017,352.405,1,0,10,3,10,im_end,box,hybrid
1787058155.7812054,116.50695586204529,18.244,28.22,177.929,0.003,256.825,1,0,10,3,10,im_end,box,hybrid
1787058155.9572499,116.68300032615662,18.41,78.774,175.879,0.016,354.083,1,0,10,3,10,im_end,box,hybrid
1787058155.9573426,116.68309307098389,18.266,28.539,175.879,0.002,256.876,1,0,10,3,10,im_end,box,hybrid
1787058156.130996,116.8567464351654,18.29,78.328,173.497,0.016,349.631,1,0,10,3,10,im_end,box,hybrid
1787058156.1311061,116.85685658454895,18.397,28.471,173.497,0.018,252.995,1,0,10,3,10,im_end,box,hybrid
1787058156.305178,117.03092837333679,18.413,77.309,173.88,0.017,347.698,1,0,10,3,10,im_end,box,hybrid
1787058156.3052723,117.03102278709412,18.419,27.881,173.88,0.002,251.956,1,0,10,3,10,im_end,box,hybrid
1787058156.4791448,117.20489525794983,18.124,77.566,173.733,0.016,347.856,1,0,10,3,10,im_end,box,hybrid
1787058156.4792318,117.2049822807312,18.284,27.902,173.733,0.002,252.124,1,0,10,3,10,im_end,box,hybrid
1787058156.653424,117.37917447090149,18.342,77.42,174.026,0.017,348.013,1,0,10,3,10,im_end,box,hybrid
1787058156.653527,117.37927746772766,18.078,28.192,174.026,0.003,252.219,1,0,10,3,10,im_end,box,hybrid
1787058156.8273149,117.5530652999878,18.492,77.207,173.646,0.015,347.925,1,0,10,3,10,im_end,box,hybrid
1787058156.8274174,117.5531678199768,18.259,28.102,173.646,0.003,252.196,1,0,10,3,10,im_end,box,hybrid
1787058157.0040445,117.72979497909546,20.215,75.573,176.48,0.017,350.373,1,0,10,3,10,im_end,box,hybrid
1787058157.004146,117.72989654541016,18.43,27.916,176.48,0.003,254.536,1,0,10,3,10,im_end,box,hybrid
1787058157.1792834,117.905033826828,18.434,77.938,174.997,0.016,351.728,1,0,10,3,10,im_end,box,hybrid
1787058157.179415,117.90516543388367,18.71,28.557,174.997,0.003,255.333,1,0,10,3,10,im_end,box,hybrid
1787058157.3550026,118.08075308799744,18.211,78.324,175.441,0.017,350.718,1,0,10,3,10,im_end,box,hybrid
1787058157.3550978,118.0808482170105,18.234,28.574,175.441,0.003,254.146,1,0,10,3,10,im_end,box,hybrid
1787058157.5308802,118.2566306591034,17.997,77.662,175.647,0.016,351.333,1,0,10,3,10,im_end,box,hybrid
1787058157.5310342,118.2567846775055,18.22,28.042,175.647,0.002,255.638,1,0,10,3,10,im_end,box,hybrid
1787058157.704999,118.43074941635132,18.194,77.417,173.823,0.018,349.768,1,0,10,3,10,im_end,box,hybrid
1787058157.705094,118.43084454536438,18.298,28.449,173.823,0.002,254.126,1,0,10,3,10,im_end,box,hybrid
1787058157.8806963,118.60644674301147,18.365,77.162,175.413,0.019,349.511,1,0,10,3,10,im_end,box,hybrid
1787058157.8807857,118.60653614997864,18.163,28.056,175.413,0.003,253.954,1,0,10,3,10,im_end,box,hybrid
1787058158.056626,118.78237652778625,18.217,77.614,175.658,0.018,351.354,1,0,10,3,10,im_end,box,hybrid
1787058158.0567093,118.78245973587036,17.963,28.142,175.658,0.003,255.493,1,0,10,3,10,im_end,box,hybrid
1787058158.2337952,118.9595456123352,18.409,77.2,176.941,0.017,352.868,1,0,10,3,10,im_end,box,hybrid
1787058158.2338831,118.9596335887909,18.51,28.045,176.941,0.003,257.218,1,0,10,3,10,im_end,box,hybrid
1787058158.4105566,119.13630700111389,18.225,77.672,176.536,0.016,353.714,1,0,10,3,10,im_end,box,hybrid
1787058158.4106805,119.13643097877502,18.06,28.757,176.536,0.003,257.783,1,0,10,3,10,im_end,box,hybrid
1787058158.5850022,119.31075263023376,18.046,78.55,174.178,0.016,350.985,1,0,10,3,10,im_end,box,hybrid
1787058158.5850918,119.3108422756195,18.125,28.607,174.178,0.002,254.361,1,0,10,3,10,im_end,box,hybrid
1787058158.7586837,119.48443412780762,18.09,77.56,173.455,0.017,347.869,1,0,10,3,10,im_end,box,hybrid
1787058158.7587776,119.48452806472778,17.936,28.439,173.455,0.002,252.178,1,0,10,3,10,im_end,box,hybrid
1787058158.9325461,119.65829658508301,18.701,76.973,173.628,0.016,347.319,1,0,10,3,10,im_end,box,hybrid
1787058158.9326735,119.65842390060425,18.008,28.358,173.628,0.002,251.594,1,0,10,3,10,im_end,box,hybrid
1787058159.1086597,119.83441019058228,18.194,77.709,175.816,0.016,349.715,1,0,10,3,10,im_end,box,hybrid
1787058159.1087513,119.83450174331665,18.75,27.533,175.816,0.004,253.807,1,0,10,3,10,im_end,box,hybrid
