elapsed_ms,read_gib_s,write_gib_s,total_gib_s,time_s
53.353,93.470703125,2.7109375,96.181640625,0.0
104.649,51.796875,18.087890625,69.884765625,0.051296
155.643,57.1884765625,15.4267578125,72.615234375,0.10228999999999999
206.915,84.9326171875,2.7353515625,87.66796875,0.15356199999999998
259.325,78.73046875,8.7509765625,87.4814453125,0.205972
309.588,67.3779296875,21.8623046875,89.240234375,0.256235
360.898,85.2763671875,1.6435546875,86.919921875,0.307545
411.0,74.6328125,1.615234375,76.248046875,0.357647
460.565,53.3330078125,18.708984375,72.0419921875,0.40721199999999996
510.822,55.0205078125,11.1328125,66.1533203125,0.457469
563.456,91.1591796875,1.693359375,92.8525390625,0.510103
613.465,66.884765625,9.451171875,76.3359375,0.560112
663.162,66.7978515625,19.02734375,85.8251953125,0.609809
713.138,77.6171875,1.314453125,78.931640625,0.6597850000000001
766.325,75.291015625,1.48828125,76.779296875,0.712972
816.451,66.6015625,22.0478515625,88.6494140625,0.763098
866.259,64.9541015625,8.0654296875,73.01953125,0.812906
916.495,86.76171875,1.634765625,88.396484375,0.8631420000000001
968.031,64.2265625,12.2578125,76.484375,0.914678
1018.18,61.7744140625,17.00390625,78.7783203125,0.964827
1068.122,79.2080078125,1.337890625,80.5458984375,1.014769
1119.049,79.208984375,4.6123046875,83.8212890625,1.065696
1168.843,64.99609375,21.1533203125,86.1494140625,1.11549
1218.924,72.0390625,6.421875,78.4609375,1.165571
1268.736,87.490234375,1.326171875,88.81640625,1.215383
1319.689,56.4404296875,15.189453125,71.6298828125,1.266336
1370.809,60.5478515625,17.484375,78.0322265625,1.317456
1421.508,84.294921875,2.724609375,87.01953125,1.368155
1472.525,73.416015625,4.52734375,77.943359375,1.419172
1523.749,66.923828125,23.0859375,90.009765625,1.470396
1574.522,75.4248046875,6.6455078125,82.0703125,1.5211689999999998
1624.694,86.1591796875,2.154296875,88.3134765625,1.5713409999999999
1674.52,54.40234375,14.267578125,68.669921875,1.621167
1724.728,59.5625,16.58984375,76.15234375,1.671375
1774.776,82.0458984375,1.162109375,83.2080078125,1.721423
1824.378,72.5986328125,3.0966796875,75.6953125,1.7710249999999998
1874.382,65.544921875,22.6376953125,88.1826171875,1.821029
1924.454,74.814453125,5.1943359375,80.0087890625,1.871101
1974.972,83.5771484375,1.2783203125,84.85546875,1.921619
2025.701,52.0029296875,14.416015625,66.4189453125,1.972348
2075.585,61.962890625,15.1884765625,77.1513671875,2.022232
2126.192,76.92578125,2.029296875,78.955078125,2.072839
2176.713,76.4775390625,6.796875,83.2744140625,2.12336
2226.954,66.232421875,20.734375,86.966796875,2.173601
2276.889,76.1533203125,4.5263671875,80.6796875,2.223536
2328.883,91.2470703125,1.45703125,92.7041015625,2.27553
2379.707,47.0732421875,15.80078125,62.8740234375,2.326354
2429.584,59.8271484375,13.197265625,73.0244140625,2.3762309999999998
2479.577,76.380859375,1.5576171875,77.9384765625,2.4262240000000004
2529.081,80.095703125,6.138671875,86.234375,2.475728
2579.507,66.5986328125,22.447265625,89.0458984375,2.526154
2630.817,79.3486328125,4.9189453125,84.267578125,2.577464
2683.793,85.919921875,2.5029296875,88.4228515625,2.63044
2735.621,52.841796875,18.390625,71.232421875,2.682268
2786.305,55.115234375,14.369140625,69.484375,2.7329519999999996
2837.542,86.3515625,2.75390625,89.10546875,2.784189
2888.087,72.6416015625,8.265625,80.9072265625,2.834734
2937.758,62.326171875,21.47265625,83.798828125,2.8844049999999997
2987.975,85.884765625,2.5224609375,88.4072265625,2.934622
3038.535,76.7939453125,1.4404296875,78.234375,2.985182
3089.877,55.0751953125,18.8681640625,73.943359375,3.036524
3139.71,54.453125,11.498046875,65.951171875,3.086357
3190.737,90.2021484375,1.4013671875,91.603515625,3.137384
3241.551,74.482421875,9.6025390625,84.0849609375,3.188198
3291.7,66.568359375,20.65625,87.224609375,3.2383469999999996
3341.155,80.291015625,1.240234375,81.53125,3.287802
3390.927,70.9912109375,1.9169921875,72.908203125,3.337574
3440.938,58.744140625,19.3388671875,78.0830078125,3.387585
3491.139,59.734375,9.8623046875,69.5966796875,3.437786
3541.13,86.1171875,1.525390625,87.642578125,3.487777
3590.904,68.8544921875,10.4638671875,79.318359375,3.537551
3640.503,66.921875,19.0009765625,85.9228515625,3.5871500000000003
3690.549,81.0654296875,1.541015625,82.6064453125,3.637196
3740.727,70.8271484375,1.4580078125,72.28515625,3.6873739999999997
3790.813,61.9755859375,21.1923828125,83.16796875,3.73746
3840.882,62.98828125,8.6220703125,71.6103515625,3.787529
3892.761,91.6298828125,2.4619140625,94.091796875,3.8394079999999997
3944.402,66.0283203125,12.5712890625,78.599609375,3.8910489999999998
3995.044,65.0146484375,19.3212890625,84.3359375,3.9416909999999996
4046.178,80.220703125,3.4404296875,83.6611328125,3.992825
4097.891,74.8271484375,3.72265625,78.5498046875,4.044537999999999
4148.643,66.7822265625,22.0068359375,88.7890625,4.09529
4198.978,70.95703125,6.314453125,77.271484375,4.145625
4249.102,87.0009765625,1.326171875,88.3271484375,4.195749
4299.83,60.4716796875,14.171875,74.6435546875,4.246477
4350.27,60.4833984375,18.4267578125,78.91015625,4.2969170000000005
4402.82,83.029296875,1.0703125,84.099609375,4.349467
4452.835,73.16015625,5.2060546875,78.3662109375,4.399482
4502.839,65.375,21.0205078125,86.3955078125,4.449486
4553.192,73.607421875,5.763671875,79.37109375,4.499839
4603.939,90.2275390625,1.5771484375,91.8046875,4.550586
4654.524,54.5263671875,15.4462890625,69.97265625,4.601171
4704.35,57.6650390625,14.2666015625,71.931640625,4.650997
4755.779,83.6142578125,1.1708984375,84.78515625,4.702426
4805.446,83.3115234375,7.134765625,90.4462890625,4.7520929999999995
4856.018,66.76953125,22.1142578125,88.8837890625,4.802665
4906.225,84.943359375,2.6884765625,87.6318359375,4.8528720000000005
4956.089,83.8681640625,1.93359375,85.8017578125,4.902736
5005.768,50.021484375,18.0146484375,68.0361328125,4.952415
5055.279,52.662109375,14.5908203125,67.2529296875,5.001926
5106.001,86.3515625,1.3798828125,87.7314453125,5.0526480000000005
5157.892,80.7216796875,9.1044921875,89.826171875,5.104539
5208.657,64.6923828125,22.515625,87.2080078125,5.155304
5259.064,86.5517578125,2.7783203125,89.330078125,5.205711
5310.702,77.4111328125,2.7646484375,80.17578125,5.2573490000000005
5362.388,54.5576171875,19.8740234375,74.431640625,5.309035
5413.096,60.015625,12.21875,72.234375,5.359743
5462.989,87.8740234375,1.6474609375,89.521484375,5.409636
5513.228,73.5234375,7.5390625,81.0625,5.459875
5562.94,72.6533203125,19.4794921875,92.1328125,5.509587
5613.42,79.2490234375,1.9443359375,81.193359375,5.560067
5663.383,76.9169921875,1.3828125,78.2998046875,5.61003
5713.611,58.9658203125,21.1640625,80.1298828125,5.660258
5762.94,56.53515625,10.8037109375,67.3388671875,5.709587
5812.561,87.1416015625,1.103515625,88.2451171875,5.759207999999999
5863.226,73.4375,9.67578125,83.11328125,5.809873
5913.493,69.5390625,20.4892578125,90.0283203125,5.86014
5963.359,79.8046875,1.853515625,81.658203125,5.910006
6015.858,75.826171875,1.595703125,77.421875,5.962505
6065.74,62.2548828125,20.0751953125,82.330078125,6.0123869999999995
6116.332,67.546875,8.23828125,75.78515625,6.062979
6166.664,85.6435546875,1.6845703125,87.328125,6.1133109999999995
6217.033,66.3115234375,11.263671875,77.5751953125,6.16368
6267.292,65.525390625,16.5654296875,82.0908203125,6.213939
6317.929,79.33984375,1.892578125,81.232421875,6.264576
6367.958,75.70703125,2.4248046875,78.1318359375,6.314604999999999
6418.773,65.373046875,21.103515625,86.4765625,6.36542
6469.437,72.056640625,7.4541015625,79.5107421875,6.416084
6521.264,91.390625,3.388671875,94.779296875,6.467911
6572.87,62.1708984375,14.8984375,77.0693359375,6.519517
6624.278,63.0947265625,17.048828125,80.1435546875,6.570925
6675.604,79.7578125,2.802734375,82.560546875,6.622251
6727.163,80.9814453125,6.1318359375,87.11328125,6.67381
6777.054,65.7802734375,23.0634765625,88.84375,6.723701
6827.146,77.15625,4.650390625,81.806640625,6.7737929999999995
6877.054,88.125,1.302734375,89.427734375,6.823701
6926.812,50.4111328125,17.4697265625,67.880859375,6.8734589999999995
6976.61,55.8134765625,15.119140625,70.9326171875,6.9232569999999996
7026.624,82.9638671875,2.296875,85.2607421875,6.9732709999999996
7077.017,76.728515625,5.0595703125,81.7880859375,7.023664
7126.892,64.7998046875,22.2275390625,87.02734375,7.073538999999999
7176.829,77.861328125,4.2763671875,82.1376953125,7.123475999999999
7227.047,88.34765625,1.494140625,89.841796875,7.173693999999999
7278.28,51.9267578125,16.0986328125,68.025390625,7.224927
7328.66,56.326171875,12.66796875,68.994140625,7.275307
7378.858,81.1123046875,1.7900390625,82.90234375,7.325505
7429.344,79.5361328125,7.166015625,86.7021484375,7.375991
7479.505,65.0771484375,22.732421875,87.8095703125,7.426152
7529.635,87.978515625,1.26953125,89.248046875,7.476282
7582.622,73.1640625,2.4912109375,75.6552734375,7.529269
7632.547,61.3271484375,19.6376953125,80.96484375,7.579193999999999
7682.988,59.509765625,10.9833984375,70.4931640625,7.629635
7734.292,90.9013671875,2.7080078125,93.609375,7.680939
7786.666,69.36328125,11.96484375,81.328125,7.733313
7837.433,70.0009765625,19.6416015625,89.642578125,7.78408
7889.91,78.3916015625,3.0927734375,81.484375,7.836557
7940.33,72.017578125,2.9365234375,74.9541015625,7.886977
7990.579,66.419921875,21.4794921875,87.8994140625,7.937226
8040.645,64.255859375,8.9736328125,73.2294921875,7.987292
8091.223,85.2626953125,1.7197265625,86.982421875,8.03787
8141.407,61.8935546875,12.5263671875,74.419921875,8.088054
8191.561,64.4609375,17.453125,81.9140625,8.138207999999999
8241.65,76.1796875,1.9990234375,78.1787109375,8.188297
8292.167,77.0185546875,2.568359375,79.5869140625,8.238814
8342.091,65.9345703125,21.876953125,87.8115234375,8.288738
8392.464,68.4404296875,6.916015625,75.3564453125,8.339111
8443.454,88.244140625,1.369140625,89.61328125,8.390101000000001
8494.157,58.6279296875,14.0458984375,72.673828125,8.440804
8544.243,62.8056640625,16.5341796875,79.33984375,8.490890000000002
8594.468,78.6708984375,1.5927734375,80.263671875,8.541115000000001
8644.711,74.9951171875,3.423828125,78.4189453125,8.591358
8695.024,65.474609375,21.763671875,87.23828125,8.641671
8746.005,77.4599609375,5.185546875,82.6455078125,8.692652
8796.529,87.3017578125,1.47265625,88.7744140625,8.743176000000002
8848.293,56.546875,15.98828125,72.53515625,8.79494
8897.867,54.462890625,14.865234375,69.328125,8.844514
8947.957,80.2451171875,1.59375,81.8388671875,8.894604000000001
8998.711,78.4375,6.8388671875,85.2763671875,8.945358
9049.333,67.3017578125,23.38671875,90.6884765625,8.995980000000001
9099.855,82.8515625,4.6328125,87.484375,9.046502
9151.515,80.4345703125,2.9462890625,83.380859375,9.098162
9204.62,52.7373046875,19.3466796875,72.083984375,9.151267000000002
9255.024,55.1279296875,13.123046875,68.2509765625,9.201671000000001
9308.848,91.2666015625,1.365234375,92.6318359375,9.255495000000002
9359.745,68.9169921875,8.060546875,76.9775390625,9.306392000000002
9409.509,71.837890625,18.9443359375,90.7822265625,9.356156
9460.016,78.69140625,1.5634765625,80.2548828125,9.406663
9513.677,75.7822265625,1.3916015625,77.173828125,9.460324
9563.463,61.6181640625,21.4208984375,83.0390625,9.510110000000001
9614.397,65.587890625,9.1826171875,74.7705078125,9.561044000000003
9665.818,85.78125,1.1142578125,86.8955078125,9.612465
9715.962,65.21875,12.7861328125,78.0048828125,9.662609
9766.062,63.837890625,18.90625,82.744140625,9.712709
9816.098,82.111328125,2.0185546875,84.1298828125,9.762745
9865.696,66.427734375,1.4111328125,67.8388671875,9.812343
9915.411,66.6572265625,22.505859375,89.1630859375,9.862058000000001
9965.451,67.625,7.734375,75.359375,9.912098
10016.143,87.85546875,1.533203125,89.388671875,9.96279
10065.994,66.251953125,12.447265625,78.69921875,10.012641000000002
10115.712,62.7265625,18.6220703125,81.3486328125,10.062359
10169.16,81.951171875,1.2119140625,83.1630859375,10.115807
10219.982,77.4130859375,5.2041015625,82.6171875,10.166629
10271.622,66.498046875,22.6875,89.185546875,10.218269
10322.582,76.7919921875,5.701171875,82.4931640625,10.269229000000001
10373.034,84.3994140625,2.7744140625,87.173828125,10.319681000000001
10423.916,52.982421875,16.173828125,69.15625,10.370563
10475.058,62.8095703125,16.158203125,78.9677734375,10.421705000000001
10525.551,75.37109375,2.55859375,77.9296875,10.472198
10575.055,80.5810546875,6.05859375,86.6396484375,10.521702000000001
10624.997,65.400390625,21.5859375,86.986328125,10.571644000000001
10674.699,77.4267578125,4.5380859375,81.96484375,10.621346
10724.736,86.6650390625,1.19140625,87.8564453125,10.671383000000002
10774.802,56.0546875,15.8369140625,71.8916015625,10.721449
10825.015,57.654296875,15.8798828125,73.5341796875,10.771662000000001
10876.756,82.3994140625,1.21875,83.6181640625,10.823403
10927.61,83.1455078125,6.91796875,90.0634765625,10.874257000000002
10977.679,67.24609375,20.47265625,87.71875,10.924326
11027.188,79.3701171875,3.3447265625,82.71484375,10.973835000000001
11076.665,89.0986328125,1.3798828125,90.478515625,11.023312000000002
11126.599,46.78125,15.6240234375,62.4052734375,11.073246000000001
11176.145,55.4072265625,13.443359375,68.8505859375,11.122792
11227.627,80.236328125,1.939453125,82.17578125,11.174274
11277.766,80.5439453125,6.310546875,86.8544921875,11.224413
11327.674,66.8291015625,22.8125,89.6416015625,11.274321000000002
11378.959,83.20703125,3.23828125,86.4453125,11.325606000000002
11428.952,80.69140625,1.62109375,82.3125,11.375599
11479.732,51.4375,18.095703125,69.533203125,11.426379
11530.206,56.494140625,12.283203125,68.77734375,11.476853
11581.159,85.51953125,2.6533203125,88.1728515625,11.527806
11632.876,77.7275390625,9.939453125,87.6669921875,11.579523000000002
11684.033,71.318359375,21.60546875,92.923828125,11.63068
11734.36,80.5693359375,2.984375,83.5537109375,11.681007000000001
11786.417,77.0791015625,3.09765625,80.1767578125,11.733064
11836.418,59.4345703125,18.9453125,78.3798828125,11.783065
11886.65,61.505859375,10.0048828125,71.5107421875,11.833297
11936.79,87.677734375,1.37890625,89.056640625,11.883437000000002
11986.888,70.73828125,10.787109375,81.525390625,11.933535000000001
12036.736,68.6708984375,18.5029296875,87.173828125,11.983383000000002
12086.861,77.9560546875,1.5595703125,79.515625,12.033508000000001
12137.064,70.580078125,1.4892578125,72.0693359375,12.083711000000001
12187.013,62.18359375,20.7666015625,82.9501953125,12.133660000000003
12236.859,63.298828125,9.4833984375,72.7822265625,12.183506000000001
12286.718,86.130859375,1.3125,87.443359375,12.233365000000001
12336.545,71.673828125,11.5322265625,83.2060546875,12.283192000000001
12386.419,68.0400390625,19.0244140625,87.064453125,12.333066
12436.58,75.8017578125,2.40234375,78.2041015625,12.383227000000002
12487.738,75.0869140625,1.142578125,76.2294921875,12.434385
12537.758,61.1142578125,19.171875,80.2861328125,12.484405
12588.29,64.447265625,9.2890625,73.736328125,12.534937000000001
12641.027,91.6806640625,1.33984375,93.0205078125,12.587674000000002
12691.454,61.068359375,12.966796875,74.03515625,12.638101
12741.805,65.6337890625,16.6640625,82.2978515625,12.688452000000002
12792.199,79.212890625,1.7763671875,80.9892578125,12.738846
12843.379,78.2939453125,4.73828125,83.0322265625,12.790026000000001
12893.981,65.08984375,22.8564453125,87.9462890625,12.840628
12945.49,75.318359375,7.095703125,82.4140625,12.892137
12996.383,88.7685546875,2.9384765625,91.70703125,12.94303
13047.86,52.8056640625,15.3447265625,68.150390625,12.994507000000002
13098.164,59.4453125,15.873046875,75.318359375,13.044811000000001
13148.475,78.9462890625,1.830078125,80.7763671875,13.095122000000002
13198.198,75.751953125,4.15234375,79.904296875,13.144845000000002
13248.53,65.3564453125,22.2138671875,87.5703125,13.195177000000001
13298.406,78.08203125,4.0927734375,82.1748046875,13.245053000000002
13348.55,84.0009765625,1.4677734375,85.46875,13.295197
13399.16,55.5654296875,15.365234375,70.9306640625,13.345807
13449.943,59.4833984375,12.951171875,72.4345703125,13.39659
13501.482,83.0078125,1.8955078125,84.9033203125,13.448129000000002
13552.717,81.8408203125,8.1044921875,89.9453125,13.499364000000002
13602.667,65.796875,20.884765625,86.681640625,13.549314
13652.612,84.4267578125,2.44921875,86.8759765625,13.599259
13702.344,76.193359375,1.544921875,77.73828125,13.648991
13752.586,51.5712890625,18.509765625,70.0810546875,13.699233
13802.221,53.5869140625,11.0791015625,64.666015625,13.748868
13852.245,90.2041015625,1.583984375,91.7880859375,13.798892000000002
13903.695,78.1083984375,9.212890625,87.3212890625,13.850342000000001
13953.907,70.951171875,20.3037109375,91.2548828125,13.900554
14004.563,76.4248046875,1.6015625,78.0263671875,13.951210000000001
14055.945,77.384765625,2.1884765625,79.5732421875,14.002592
14106.319,57.826171875,20.2041015625,78.0302734375,14.052966
14157.594,64.4208984375,11.0400390625,75.4609375,14.104241
14209.949,89.541015625,2.453125,91.994140625,14.156596000000002
14260.801,65.88671875,12.6337890625,78.5205078125,14.207448000000001
14311.865,68.5712890625,20.2841796875,88.85546875,14.258512000000001
14363.192,77.00390625,2.5,79.50390625,14.309839
14413.179,70.06640625,0.9892578125,71.0556640625,14.359826000000002
14462.956,65.1484375,22.2685546875,87.4169921875,14.409603
14513.219,66.630859375,7.2919921875,73.9228515625,14.459866
14562.984,85.08984375,1.671875,86.76171875,14.509631
14614.945,64.4208984375,12.6416015625,77.0625,14.561592000000001
14664.767,64.248046875,17.205078125,81.453125,14.611414
14714.778,83.49609375,1.6484375,85.14453125,14.661425000000001
14765.284,76.9248046875,3.6513671875,80.576171875,14.711931
14815.548,64.9599609375,21.3564453125,86.31640625,14.762195000000002
14865.036,70.2919921875,6.95703125,77.2490234375,14.811683
14915.832,90.7841796875,1.40234375,92.1865234375,14.862479
14965.699,61.330078125,15.1083984375,76.4384765625,14.912346000000001
15015.783,62.1181640625,15.4453125,77.5634765625,14.96243
15065.772,81.0634765625,1.5849609375,82.6484375,15.012419000000001
15116.817,78.4990234375,4.3955078125,82.89453125,15.063464
15166.838,64.4150390625,21.8916015625,86.306640625,15.113485
15216.816,79.365234375,4.29296875,83.658203125,15.163463000000002
15267.022,86.4853515625,1.5087890625,87.994140625,15.213669000000001
15318.075,57.0205078125,16.716796875,73.7373046875,15.264722
15368.375,56.82421875,15.8779296875,72.7021484375,15.315022
15420.945,82.4873046875,2.7431640625,85.23046875,15.367592
15471.677,73.91796875,7.58203125,81.5,15.418324
15522.522,65.66796875,22.322265625,87.990234375,15.469169
15572.786,83.513671875,4.9296875,88.443359375,15.519433000000001
15623.619,85.6767578125,2.52734375,88.2041015625,15.570266000000002
15673.691,50.1162109375,17.5947265625,67.7109375,15.620338000000002
15723.434,52.380859375,14.1298828125,66.5107421875,15.670081
15773.977,83.4384765625,1.5205078125,84.958984375,15.720624
15823.914,77.7197265625,7.2998046875,85.01953125,15.770561
15873.36,61.8837890625,21.2919921875,83.17578125,15.820007000000002
15923.806,85.0107421875,3.0263671875,88.037109375,15.870453000000001
15973.408,81.0537109375,1.2880859375,82.341796875,15.920055
16023.501,48.46875,16.6728515625,65.1416015625,15.970148000000002
16073.042,57.0771484375,12.7705078125,69.84765625,16.019689
16123.162,83.025390625,1.5458984375,84.5712890625,16.069809
16173.266,81.17578125,7.1318359375,88.3076171875,16.119913
16223.806,67.2158203125,21.802734375,89.0185546875,16.170453000000002
16273.957,89.2626953125,2.6337890625,91.896484375,16.220604
16324.738,72.017578125,1.80859375,73.826171875,16.271385
16375.04,54.9501953125,18.466796875,73.4169921875,16.321687
16424.881,54.2802734375,12.15234375,66.4326171875,16.371528
16475.802,91.8916015625,1.2587890625,93.150390625,16.422449
16526.789,78.5947265625,8.0966796875,86.69140625,16.473436000000003
16576.58,66.7783203125,21.2294921875,88.0078125,16.523227000000002
16626.539,82.06640625,1.9482421875,84.0146484375,16.573186
16677.453,72.8876953125,3.16015625,76.0478515625,16.624100000000002
16728.846,56.6826171875,21.1572265625,77.83984375,16.675493000000003
16779.212,55.505859375,13.2412109375,68.7470703125,16.725859
16832.077,92.6484375,2.4140625,95.0625,16.778724
16884.291,67.1240234375,10.931640625,78.0556640625,16.830938000000003
16934.559,70.5537109375,20.017578125,90.5712890625,16.881206000000002
16985.818,77.240234375,1.3115234375,78.5517578125,16.932465
17036.696,70.9853515625,1.4755859375,72.4609375,16.983343
17087.206,62.9248046875,19.5146484375,82.439453125,17.033853
17137.983,67.474609375,8.140625,75.615234375,17.08463
17188.661,88.390625,1.61328125,90.00390625,17.135308000000002
17238.974,65.83984375,12.2509765625,78.0908203125,17.185620999999998
17289.344,68.361328125,18.28515625,86.646484375,17.235991000000002
17340.277,76.9990234375,1.9150390625,78.9140625,17.286924
17389.954,70.26171875,2.19921875,72.4609375,17.336601
17439.672,68.306640625,21.9873046875,90.2939453125,17.386319
17489.485,70.3388671875,6.7880859375,77.126953125,17.436132
17541.086,92.6728515625,1.1748046875,93.84765625,17.487733
17591.395,56.12890625,14.1103515625,70.2392578125,17.538042
17641.069,60.86328125,16.6025390625,77.4658203125,17.587716
17691.139,83.30859375,1.490234375,84.798828125,17.637786
17741.191,73.0048828125,3.0205078125,76.025390625,17.687838
17791.202,63.623046875,20.654296875,84.27734375,17.737849
17841.694,75.4921875,6.533203125,82.025390625,17.788341
17892.41,87.0947265625,1.2783203125,88.373046875,17.839057
17943.142,51.546875,15.5712890625,67.1181640625,17.889789
17993.78,64.78125,16.7734375,81.5546875,17.940427
18045.175,77.9736328125,2.951171875,80.9248046875,17.991822
18097.272,73.423828125,5.74609375,79.169921875,18.043919000000002
18147.906,66.142578125,23.0126953125,89.1552734375,18.094553
18198.63,78.150390625,4.6416015625,82.7919921875,18.145277
18248.646,87.0283203125,1.619140625,88.6474609375,18.195293000000003
18299.526,52.7080078125,15.5810546875,68.2890625,18.246173000000002
18349.129,60.4140625,16.9208984375,77.3349609375,18.295776
18400.823,75.8037109375,1.6904296875,77.494140625,18.34747
18451.225,77.875,5.4296875,83.3046875,18.397872
18501.249,64.892578125,22.474609375,87.3671875,18.447896
18551.307,77.025390625,3.9638671875,80.9892578125,18.497954
18601.795,94.0791015625,1.322265625,95.4013671875,18.548441999999998
18653.099,48.794921875,17.59375,66.388671875,18.599746
18703.167,54.796875,12.1474609375,66.9443359375,18.649814000000003
18754.167,83.3515625,1.5888671875,84.9404296875,18.700814
18804.626,76.107421875,6.939453125,83.046875,18.751273
18855.12,65.8828125,21.353515625,87.236328125,18.801766999999998
18905.49,80.724609375,2.3427734375,83.0673828125,18.852137000000003
18955.454,78.9013671875,1.185546875,80.0869140625,18.902101000000002
19006.243,54.9423828125,19.240234375,74.1826171875,18.95289
19055.821,58.931640625,11.203125,70.134765625,19.002468
19106.135,87.36328125,1.33984375,88.703125,19.052782
19158.069,74.5185546875,9.6865234375,84.205078125,19.104716
19209.306,70.7431640625,20.2919921875,91.03515625,19.155953
19259.71,81.86328125,2.705078125,84.568359375,19.206357
19311.591,74.580078125,3.2783203125,77.8583984375,19.258238000000002
19362.287,62.357421875,21.8125,84.169921875,19.308934
19413.591,61.33984375,10.568359375,71.908203125,19.360238000000003
19466.06,93.6318359375,2.583984375,96.2158203125,19.412707
19516.091,57.6337890625,12.294921875,69.9287109375,19.462738
19565.932,68.3896484375,18.5810546875,86.970703125,19.512579000000002
19616.447,76.3759765625,2.10546875,78.4814453125,19.563094
19666.556,72.62109375,1.1083984375,73.7294921875,19.613203000000002
19716.566,65.3798828125,23.5205078125,88.900390625,19.663213
19766.399,65.17578125,8.59765625,73.7734375,19.713046000000002
19817.153,85.392578125,1.572265625,86.96484375,19.7638
19867.375,62.0068359375,11.837890625,73.8447265625,19.814022
19917.739,62.0537109375,19.234375,81.2880859375,19.864386000000003
19969.684,80.3017578125,1.9951171875,82.296875,19.916331000000003
20020.482,75.8193359375,2.46875,78.2880859375,19.967129
20069.793,62.89453125,22.3974609375,85.2919921875,20.016440000000003
20119.568,67.130859375,7.0234375,74.154296875,20.066215
20170.628,88.708984375,1.3271484375,90.0361328125,20.117275000000003
20220.68,55.0927734375,13.076171875,68.1689453125,20.167327
20270.339,67.7763671875,17.5029296875,85.279296875,20.216986000000002
20321.326,75.9013671875,2.0859375,77.9873046875,20.267973
20371.008,67.052734375,1.431640625,68.484375,20.317655000000002
20421.083,67.1435546875,23.087890625,90.2314453125,20.367729999999998
20470.956,64.6298828125,9.3310546875,73.9609375,20.417603
20522.056,87.6123046875,3.3984375,91.0107421875,20.468703
20574.774,62.3505859375,12.9853515625,75.3359375,20.521421000000004
20625.473,66.849609375,19.4130859375,86.2626953125,20.57212
20676.754,77.36328125,3.5986328125,80.9619140625,20.623401
20728.137,75.8056640625,3.28125,79.0869140625,20.674784
20778.322,65.4580078125,20.51171875,85.9697265625,20.724969
20828.21,68.966796875,7.6806640625,76.6474609375,20.774857
20878.013,86.6982421875,1.5673828125,88.265625,20.82466
20928.431,60.56640625,12.8720703125,73.4384765625,20.875078000000002
20978.362,66.4755859375,17.46484375,83.9404296875,20.925009000000003
21028.471,78.7314453125,2.001953125,80.7333984375,20.975118000000002
21079.187,76.892578125,3.09765625,79.990234375,21.025834000000003
21129.126,65.966796875,20.548828125,86.515625,21.075773
21179.058,68.81640625,6.1015625,74.91796875,21.125705000000004
21229.205,90.42578125,1.3427734375,91.7685546875,21.175852000000003
21281.148,59.763671875,12.982421875,72.74609375,21.227795
21331.41,63.197265625,15.888671875,79.0859375,21.278057
21381.503,76.052734375,1.9033203125,77.9560546875,21.32815
21431.875,81.3955078125,3.5576171875,84.953125,21.378522
21481.811,64.7529296875,20.365234375,85.1181640625,21.428458000000003
21531.59,73.2470703125,4.3916015625,77.638671875,21.478237
21581.373,84.4658203125,1.833984375,86.2998046875,21.52802
21631.067,50.5673828125,15.892578125,66.4599609375,21.577714
21680.913,57.8916015625,15.8349609375,73.7265625,21.627560000000003
21730.782,83.3857421875,1.775390625,85.1611328125,21.677429
21782.058,73.546875,6.263671875,79.810546875,21.728705
21833.26,67.6455078125,22.1240234375,89.76953125,21.779906999999998
21883.913,78.1298828125,6.1669921875,84.296875,21.830560000000002
21938.738,89.4306640625,2.4921875,91.9228515625,21.885385000000003
21990.592,53.5107421875,19.7666015625,73.27734375,21.937239
22040.457,52.1552734375,12.9033203125,65.05859375,21.987104
22090.178,87.3916015625,1.443359375,88.8349609375,22.036825
22140.77,75.458984375,8.5537109375,84.0126953125,22.087417000000002
22190.886,65.26953125,22.69140625,87.9609375,22.137532999999998
22241.272,83.021484375,1.54296875,84.564453125,22.187919
22291.111,76.7109375,1.2822265625,77.9931640625,22.237758000000003
22342.398,56.79296875,19.52734375,76.3203125,22.289045
22392.615,56.12890625,9.953125,66.08203125,22.339262
22443.482,87.580078125,1.390625,88.970703125,22.390129
22495.103,73.3095703125,11.150390625,84.4599609375,22.44175
22545.388,65.28125,19.2529296875,84.5341796875,22.492035
22596.299,79.4853515625,1.3232421875,80.80859375,22.542946
22647.23,76.7734375,1.6708984375,78.4443359375,22.593877
22698.19,67.3310546875,21.55078125,88.8818359375,22.644837
22748.404,70.599609375,7.525390625,78.125,22.695051
22798.315,83.19140625,1.4140625,84.60546875,22.744962
22849.105,65.419921875,11.556640625,76.9765625,22.795752
22898.917,63.9658203125,18.025390625,81.9912109375,22.845564000000003
22949.894,77.2919921875,1.3427734375,78.634765625,22.896541000000003
23000.336,77.392578125,3.166015625,80.55859375,22.946983
23051.316,64.841796875,22.7392578125,87.5810546875,22.997963
23102.098,74.23828125,6.416015625,80.654296875,23.048745000000004
23153.044,84.6767578125,2.642578125,87.3193359375,23.099691000000004
23204.043,57.2509765625,15.076171875,72.3271484375,23.15069
23255.761,64.0419921875,16.330078125,80.3720703125,23.202408
23308.672,82.0986328125,2.1083984375,84.20703125,23.255319
23358.417,75.328125,5.3984375,80.7265625,23.305064
23408.2,64.4853515625,21.35546875,85.8408203125,23.354847000000003
23458.323,78.0224609375,4.2294921875,82.251953125,23.404970000000002
23510.075,90.146484375,1.533203125,91.6796875,23.456722000000003
23561.648,51.388671875,17.486328125,68.875,23.508295
23611.542,54.201171875,13.43359375,67.634765625,23.558189000000002
23661.268,80.25390625,1.3037109375,81.5576171875,23.607915000000002
23711.147,75.6953125,5.2197265625,80.9150390625,23.657794000000003
23761.064,65.4111328125,20.8369140625,86.248046875,23.707711
23811.638,82.4921875,4.123046875,86.615234375,23.758285
23861.659,88.4443359375,1.1279296875,89.572265625,23.808306
23912.011,47.9658203125,16.611328125,64.5771484375,23.858658
23962.182,52.376953125,13.7236328125,66.1005859375,23.908829
24012.355,81.87890625,1.71484375,83.59375,23.959002
24062.979,80.0771484375,7.1630859375,87.240234375,24.009626
24113.103,67.125,20.8564453125,87.9814453125,24.05975
24163.163,84.869140625,2.4150390625,87.2841796875,24.109810000000003
24213.268,77.837890625,1.9345703125,79.7724609375,24.159915
24263.052,53.0341796875,17.8505859375,70.884765625,24.209699
24313.937,57.23828125,13.7373046875,70.9755859375,24.260584
24364.891,87.978515625,2.984375,90.962890625,24.311538
24416.556,76.2734375,10.1611328125,86.4345703125,24.363203000000002
24467.475,70.5361328125,21.310546875,91.8466796875,24.414122
24518.953,79.2734375,3.2197265625,82.4931640625,24.465600000000002
24569.983,72.6083984375,2.5986328125,75.20703125,24.51663
24620.471,59.416015625,19.4189453125,78.8349609375,24.567118
24670.991,61.3876953125,9.083984375,70.4716796875,24.617638000000003
24720.813,86.7373046875,1.623046875,88.3603515625,24.66746
24772.073,71.9326171875,10.8681640625,82.80078125,24.71872
24821.854,61.923828125,20.091796875,82.015625,24.768501
24872.442,81.3056640625,1.9072265625,83.212890625,24.819088999999998
24923.827,74.11328125,1.4697265625,75.5830078125,24.870474
24973.612,67.9443359375,22.3583984375,90.302734375,24.920259
25024.064,64.8916015625,8.3232421875,73.21484375,24.970710999999998
25074.63,87.830078125,1.3447265625,89.1748046875,25.021277
25125.336,62.4375,12.0087890625,74.4462890625,25.071983
25174.894,66.9970703125,19.1171875,86.1142578125,25.121541
25225.498,75.818359375,1.5576171875,77.3759765625,25.172145
25275.73,70.0859375,2.3427734375,72.4287109375,25.222377
25325.55,66.123046875,20.771484375,86.89453125,25.272197
25376.001,73.4853515625,6.9052734375,80.390625,25.322648
25425.92,85.875,1.5927734375,87.4677734375,25.372567
25477.621,60.685546875,14.083984375,74.76953125,25.424268
25527.75,61.0302734375,16.453125,77.4833984375,25.474397
25579.416,76.7861328125,1.9033203125,78.689453125,25.526063
25631.366,78.650390625,6.7236328125,85.3740234375,25.578013000000002
25682.833,67.412109375,23.1435546875,90.5556640625,25.62948
25733.416,75.7607421875,6.0419921875,81.802734375,25.680063
25787.319,88.1171875,2.7763671875,90.8935546875,25.733966
25839.637,51.8173828125,18.873046875,70.6904296875,25.786284
25889.647,57.6748046875,12.166015625,69.8408203125,25.836294000000002
25939.895,85.6025390625,1.880859375,87.4833984375,25.886542000000002
25990.456,82.203125,7.283203125,89.486328125,25.937103
26040.236,64.3515625,21.1025390625,85.4541015625,25.986883000000002
26090.398,85.1884765625,2.853515625,88.0419921875,26.037045000000003
26141.376,80.025390625,1.1826171875,81.2080078125,26.088023
26192.856,56.630859375,19.1953125,75.826171875,26.139503
26242.789,57.44921875,10.4140625,67.86328125,26.189436
26292.873,85.9169921875,1.658203125,87.5751953125,26.23952
26344.182,73.611328125,10.2958984375,83.9072265625,26.290829000000002
26394.456,67.509765625,19.2646484375,86.7744140625,26.341103
26445.217,74.4697265625,2.181640625,76.6513671875,26.391864
26496.24,71.013671875,1.8955078125,72.9091796875,26.442887000000002
26546.296,61.78125,20.6943359375,82.4755859375,26.492943
26597.076,64.2431640625,9.30859375,73.5517578125,26.543723000000004
26648.563,89.546875,1.431640625,90.978515625,26.595209999999998
26699.626,64.7646484375,11.26171875,76.0263671875,26.646273
26749.937,65.85546875,19.416015625,85.271484375,26.696584
26801.677,79.5751953125,1.6982421875,81.2734375,26.748324
26852.72,74.830078125,2.529296875,77.359375,26.799367000000004
26903.607,65.5068359375,21.6611328125,87.16796875,26.850254
26954.414,70.26953125,7.767578125,78.037109375,26.901061000000002
27005.505,87.498046875,3.4228515625,90.9208984375,26.952152
27056.627,61.0595703125,15.482421875,76.5419921875,27.003274
27107.485,60.1015625,18.3193359375,78.4208984375,27.054132000000003
27157.673,80.7958984375,1.7880859375,82.583984375,27.10432
27207.707,72.06640625,3.8115234375,75.8779296875,27.154353999999998
27257.943,66.986328125,21.013671875,88.0,27.20459
27307.588,71.0419921875,6.7373046875,77.779296875,27.254235
27359.941,93.28515625,1.32421875,94.609375,27.306588
27409.528,54.2119140625,15.005859375,69.2177734375,27.356175
27459.902,62.0087890625,14.455078125,76.4638671875,27.406549
27510.498,79.6904296875,1.603515625,81.2939453125,27.457145
27562.289,81.6650390625,6.1416015625,87.806640625,27.508936000000002
27612.209,65.3310546875,21.5048828125,86.8359375,27.558856
27662.375,79.5927734375,3.5927734375,83.185546875,27.609022
27713.898,84.431640625,1.6484375,86.080078125,27.660545000000003
27763.775,49.6650390625,17.4970703125,67.162109375,27.710422
27813.407,57.3115234375,12.6328125,69.9443359375,27.760054
27863.82,84.33984375,1.365234375,85.705078125,27.810467
27914.058,76.8984375,6.1025390625,83.0009765625,27.860705000000003
27964.031,65.0517578125,20.7431640625,85.794921875,27.910678
28014.043,83.5732421875,2.458984375,86.0322265625,27.960690000000003
28065.183,85.3662109375,1.716796875,87.0830078125,28.011830000000003
28116.516,53.982421875,18.943359375,72.92578125,28.063163
28166.873,51.9765625,13.736328125,65.712890625,28.11352
28219.217,90.390625,2.4208984375,92.8115234375,28.165864000000003
28269.787,69.833984375,8.328125,78.162109375,28.216434
28320.618,65.263671875,22.6533203125,87.9169921875,28.267265
28371.117,86.8994140625,3.8671875,90.7666015625,28.317764
28423.001,79.369140625,2.0869140625,81.4560546875,28.369648
28472.866,56.2294921875,19.4326171875,75.662109375,28.419513000000002
28522.928,56.6220703125,11.8984375,68.5205078125,28.469575
28575.165,88.48828125,1.83984375,90.328125,28.521812
28626.122,75.078125,9.4912109375,84.5693359375,28.572769
28676.154,67.0068359375,21.662109375,88.6689453125,28.622801
28725.944,83.0986328125,1.146484375,84.2451171875,28.672591
28778.203,76.13671875,1.8349609375,77.9716796875,28.724850000000004
28828.324,64.248046875,20.556640625,84.8046875,28.774971
28878.295,63.0615234375,8.3515625,71.4130859375,28.824942
28928.064,88.0703125,1.7041015625,89.7744140625,28.874710999999998
28977.872,67.4345703125,11.953125,79.3876953125,28.924519
29027.988,66.220703125,18.3330078125,84.5537109375,28.974635000000003
29079.567,77.724609375,1.83984375,79.564453125,29.026214
29130.97,69.1708984375,1.2880859375,70.458984375,29.077617000000004
29181.225,66.787109375,21.3037109375,88.0908203125,29.127872
29231.54,68.41796875,7.3896484375,75.8076171875,29.178187
29282.022,86.6845703125,1.302734375,87.9873046875,29.228669
29332.102,62.0439453125,12.0703125,74.1142578125,29.278749
29381.954,63.26171875,17.1787109375,80.4404296875,29.328601000000003
29432.687,81.625,2.5361328125,84.1611328125,29.379334000000004
29483.179,74.2890625,4.3369140625,78.6259765625,29.429826000000002
29534.276,66.009765625,22.4140625,88.423828125,29.480923000000004
29585.72,72.8291015625,7.619140625,80.4482421875,29.532367
29636.521,88.0224609375,2.7294921875,90.751953125,29.583168
29687.175,62.15625,15.755859375,77.912109375,29.633822
29737.214,58.7822265625,17.2392578125,76.021484375,29.683861
29787.611,81.2548828125,1.544921875,82.7998046875,29.734258
29839.548,75.6279296875,4.09375,79.7216796875,29.786195
29889.909,68.01953125,20.5458984375,88.5654296875,29.836556
29939.813,80.103515625,4.0849609375,84.1884765625,29.88646
29990.081,84.6982421875,1.4482421875,86.146484375,29.936728
30040.874,54.7294921875,15.1171875,69.8466796875,29.987521
30091.417,59.7197265625,13.5068359375,73.2265625,30.038064000000002
30141.356,78.099609375,1.3759765625,79.4755859375,30.088003
30192.598,86.044921875,6.1787109375,92.2236328125,30.139245000000003
30243.143,65.1708984375,22.3056640625,87.4765625,30.189790000000002
30293.398,80.1533203125,3.345703125,83.4990234375,30.240045000000002
30344.082,85.3095703125,1.302734375,86.6123046875,30.290729
30394.913,51.8310546875,16.703125,68.5341796875,30.34156
30445.372,57.3623046875,12.53125,69.8935546875,30.392019
30495.357,80.568359375,1.341796875,81.91015625,30.442004
30546.141,79.0830078125,7.5615234375,86.64453125,30.492788
30596.012,63.32421875,21.935546875,85.259765625,30.542659
30646.146,87.7353515625,2.646484375,90.3818359375,30.592793
30698.226,77.255859375,1.779296875,79.03515625,30.644873
30749.961,58.529296875,19.5078125,78.037109375,30.696608
30800.871,63.07421875,12.2001953125,75.2744140625,30.747518
30852.097,87.328125,2.7783203125,90.1064453125,30.798744000000003
30903.435,70.0751953125,11.37109375,81.4462890625,30.850082
30954.345,67.7607421875,22.125,89.8857421875,30.900992000000002
31004.402,84.6259765625,1.1787109375,85.8046875,30.951048999999998
31055.689,73.375,1.9287109375,75.3037109375,31.002336
31105.5,58.3173828125,18.625,76.9423828125,31.052147
31155.82,63.166015625,8.91015625,72.076171875,31.102467
31205.799,89.322265625,1.423828125,90.74609375,31.152446
31257.256,73.5615234375,10.984375,84.5458984375,31.203903
31307.034,67.537109375,18.22265625,85.759765625,31.253681
31357.878,77.208984375,2.1796875,79.388671875,31.304525
31407.894,73.560546875,1.24609375,74.806640625,31.354541
31458.314,69.02734375,21.2197265625,90.2470703125,31.404961
31508.116,64.4970703125,7.49609375,71.9931640625,31.454763000000003
31558.823,87.4091796875,1.2841796875,88.693359375,31.505470000000003
31609.288,67.697265625,12.0478515625,79.7451171875,31.555935
31659.572,59.1748046875,17.9033203125,77.078125,31.606219
31709.456,77.2509765625,1.4599609375,78.7109375,31.656102999999998
31760.057,79.14453125,3.7021484375,82.8466796875,31.706704000000002
31809.781,65.599609375,23.18359375,88.783203125,31.756428
31859.956,71.37890625,7.150390625,78.529296875,31.806603
31909.984,86.3701171875,1.5771484375,87.947265625,31.856631
31960.845,57.8310546875,15.994140625,73.8251953125,31.907492
32011.426,57.287109375,17.3134765625,74.6005859375,31.958073
32062.659,83.0888671875,2.5263671875,85.615234375,32.009306
32114.569,77.5927734375,5.58203125,83.1748046875,32.061216
32165.501,67.517578125,22.3486328125,89.8662109375,32.112148
32216.189,78.7646484375,6.3740234375,85.138671875,32.162836
32266.689,86.05078125,1.4521484375,87.5029296875,32.213336
32316.621,51.736328125,15.486328125,67.22265625,32.263268
32366.965,62.8701171875,15.4970703125,78.3671875,32.313612
32417.689,81.5458984375,2.0810546875,83.626953125,32.364336
32467.467,77.5029296875,6.30078125,83.8037109375,32.414114
32517.679,65.91015625,21.013671875,86.923828125,32.464326
32567.215,77.1474609375,4.6494140625,81.796875,32.513862
32617.035,86.3076171875,1.47265625,87.7802734375,32.563682
32667.332,51.7177734375,15.3505859375,67.068359375,32.613979
32717.167,60.560546875,16.1630859375,76.7236328125,32.663814
32766.502,78.193359375,1.53515625,79.728515625,32.713149
32816.622,80.0048828125,4.9521484375,84.95703125,32.763269
32867.004,64.3212890625,21.6220703125,85.943359375,32.813651
32916.736,78.5126953125,4.560546875,83.0732421875,32.86338299999999
32969.104,92.5908203125,1.921875,94.5126953125,32.91575099999999
33018.779,46.095703125,16.0654296875,62.1611328125,32.965426
33068.641,56.71484375,14.169921875,70.884765625,33.015288
33119.354,81.3828125,1.4775390625,82.8603515625,33.066001
33169.373,82.8369140625,6.6513671875,89.48828125,33.11602
33219.354,64.7060546875,20.9091796875,85.615234375,33.166000999999994
33269.943,82.7861328125,4.2578125,87.0439453125,33.21659
33323.738,84.6279296875,2.80078125,87.4287109375,33.270385
33375.56,56.0966796875,21.0341796875,77.130859375,33.32220699999999
33425.97,56.443359375,12.9951171875,69.4384765625,33.372617
33477.745,84.6181640625,3.779296875,88.3974609375,33.424392
33530.093,68.93359375,8.7734375,77.70703125,33.47674
33580.363,74.2900390625,19.869140625,94.1591796875,33.52701
33630.281,77.671875,1.533203125,79.205078125,33.576928
33681.492,73.3388671875,1.2177734375,74.556640625,33.628139
33731.413,58.134765625,20.685546875,78.8203125,33.678059999999995
33781.284,61.8515625,10.705078125,72.556640625,33.727931
33831.937,87.056640625,1.4697265625,88.5263671875,33.778583999999995
33881.963,67.0244140625,8.994140625,76.0185546875,33.82861
33931.741,69.3466796875,19.5673828125,88.9140625,33.878388
33981.762,78.4365234375,1.0849609375,79.521484375,33.928409
34033.672,78.0693359375,2.525390625,80.5947265625,33.980318999999994
34083.481,61.068359375,20.3935546875,81.4619140625,34.030128
34133.059,60.6728515625,9.3779296875,70.05078125,34.079706
34184.15,89.4541015625,1.53125,90.9853515625,34.130797
34233.955,64.115234375,11.119140625,75.234375,34.180602
34284.299,64.912109375,19.703125,84.615234375,34.230945999999996
34335.392,83.2158203125,1.2548828125,84.470703125,34.282039
34386.224,73.2841796875,1.2919921875,74.576171875,34.332871
34436.428,65.685546875,21.71484375,87.400390625,34.383075
34486.771,68.6845703125,7.9287109375,76.61328125,34.433417999999996
34537.489,85.5732421875,2.6142578125,88.1875,34.484136
34590.077,65.6025390625,13.7587890625,79.361328125,34.53672399999999
34641.157,61.9443359375,19.302734375,81.2470703125,34.587804
34692.909,82.154296875,2.7119140625,84.8662109375,34.639556
34744.8,79.046875,5.560546875,84.607421875,34.691447
34795.732,66.2001953125,22.1357421875,88.3359375,34.742379
34845.757,75.224609375,4.7236328125,79.9482421875,34.792404
34897.509,91.6962890625,1.2197265625,92.916015625,34.844156
34947.748,50.2431640625,17.72265625,67.9658203125,34.894394999999996
34997.635,54.33984375,13.474609375,67.814453125,34.944282
35048.049,81.2998046875,1.6806640625,82.98046875,34.994696
35098.545,76.310546875,6.85546875,83.166015625,35.04519199999999
35148.452,68.9462890625,20.7255859375,89.671875,35.095099
35198.437,83.861328125,2.7421875,86.603515625,35.145084
35248.835,83.4599609375,1.603515625,85.0634765625,35.195482
35298.533,54.416015625,18.4951171875,72.9111328125,35.24518
35347.969,55.390625,13.3818359375,68.7724609375,35.294616
35397.714,82.841796875,1.7236328125,84.5654296875,35.344361
35448.644,79.8623046875,7.412109375,87.2744140625,35.395291
35498.939,69.232421875,20.8359375,90.068359375,35.445586
35548.802,89.603515625,1.251953125,90.85546875,35.495449
35599.167,78.12890625,1.021484375,79.150390625,35.545814
35649.723,58.2998046875,20.7900390625,79.08984375,35.59636999999999
35699.389,54.091796875,11.69921875,65.791015625,35.646036
35751.192,93.6416015625,1.109375,94.7509765625,35.697839
35802.01,74.6201171875,9.302734375,83.9228515625,35.748657
35853.478,66.921875,20.494140625,87.416015625,35.800125
35904.147,81.7646484375,2.5673828125,84.33203125,35.85079399999999
35955.197,72.484375,3.060546875,75.544921875,35.901844
36005.772,64.5341796875,20.3349609375,84.869140625,35.95241899999999
36057.08,70.076171875,9.71875,79.794921875,36.003727
36107.13,85.3994140625,1.6552734375,87.0546875,36.053777
36157.389,59.9375,11.9404296875,71.8779296875,36.104036
36207.741,68.2685546875,16.7138671875,84.982421875,36.154388
36257.393,78.7314453125,2.15625,80.8876953125,36.20403999999999
36308.9,75.728515625,2.982421875,78.7109375,36.255547
36358.654,69.048828125,21.2646484375,90.3134765625,36.305301
36408.192,67.5634765625,7.6298828125,75.193359375,36.354839
36458.441,86.31640625,1.13671875,87.453125,36.405088
36508.939,61.521484375,12.6298828125,74.1513671875,36.455586
36558.849,63.2119140625,16.1181640625,79.330078125,36.505496
36608.92,82.234375,1.4326171875,83.6669921875,36.555566999999996
36658.828,73.2392578125,2.5205078125,75.759765625,36.605475
36709.946,66.923828125,22.6552734375,89.5791015625,36.656593
36760.349,70.46875,6.87890625,77.34765625,36.706996
36810.348,86.46484375,1.6162109375,88.0810546875,36.756994999999996
36860.897,60.9453125,14.3466796875,75.2919921875,36.80754399999999
36910.522,58.1611328125,16.2373046875,74.3984375,36.85716899999999
36961.26,81.7197265625,1.37890625,83.0986328125,36.907907
37011.229,76.080078125,4.4677734375,80.5478515625,36.957876
37061.571,66.7822265625,20.73046875,87.5126953125,37.008218
37112.209,75.0224609375,6.943359375,81.9658203125,37.058856
37162.797,85.6611328125,2.8525390625,88.513671875,37.109443999999996
37214.241,55.33984375,15.8037109375,71.1435546875,37.160888
37265.703,60.3720703125,16.13671875,76.5087890625,37.21235
37316.58,80.484375,2.59765625,83.08203125,37.263227
37367.21,75.9375,5.91015625,81.84765625,37.313857
37417.125,65.501953125,22.09765625,87.599609375,37.363772
37466.901,78.1279296875,4.9931640625,83.12109375,37.413548
37520.72,92.529296875,1.7705078125,94.2998046875,37.467366999999996
37572.161,52.078125,16.9912109375,69.0693359375,37.518808
37622.155,54.287109375,13.1826171875,67.4697265625,37.568802
37671.979,82.865234375,1.595703125,84.4609375,37.618626
37722.741,79.119140625,7.4052734375,86.5244140625,37.669388
37772.407,64.900390625,22.5078125,87.408203125,37.719054
37823.109,85.9208984375,2.8271484375,88.748046875,37.769755999999994
37873.674,74.7548828125,1.630859375,76.3857421875,37.82032099999999
37923.874,54.37109375,18.6943359375,73.0654296875,37.870521000000004
37973.744,52.94921875,12.1181640625,65.0673828125,37.920390999999995
38024.209,89.484375,1.3828125,90.8671875,37.970856
38076.189,75.0,8.015625,83.015625,38.022836
38126.087,67.603515625,20.9541015625,88.5576171875,38.072734
38176.01,83.1572265625,2.0224609375,85.1796875,38.122657
38226.405,73.5078125,1.00390625,74.51171875,38.173052
38276.844,53.90625,18.0244140625,71.9306640625,38.223490999999996
38327.185,56.533203125,12.396484375,68.9296875,38.27383199999999
38379.12,88.46875,2.42578125,90.89453125,38.325767
38430.004,67.7314453125,9.05078125,76.7822265625,38.376650999999995
38480.742,64.3740234375,22.9716796875,87.345703125,38.427389
38531.448,82.294921875,3.4501953125,85.7451171875,38.478094999999996
38582.313,80.0107421875,2.529296875,82.5400390625,38.52896
38633.617,57.15234375,19.3583984375,76.5107421875,38.58026399999999
38684.079,57.1396484375,10.4091796875,67.548828125,38.630725999999996
38734.398,84.396484375,1.2451171875,85.6416015625,38.681045
38784.948,72.3095703125,9.76171875,82.0712890625,38.73159499999999
38835.039,68.609375,21.583984375,90.193359375,38.78168599999999
38885.081,81.435546875,2.0517578125,83.4873046875,38.831728
38935.407,72.6650390625,1.515625,74.1806640625,38.882054
38985.405,56.4248046875,19.2421875,75.6669921875,38.932052
39035.201,54.82421875,11.5087890625,66.3330078125,38.981848
39085.565,86.513671875,1.53125,88.044921875,39.032212
39135.358,70.892578125,8.787109375,79.6796875,39.082004999999995
39185.231,65.91015625,20.9072265625,86.8173828125,39.131878
39235.107,85.068359375,1.60546875,86.673828125,39.181754
39284.906,74.9970703125,1.8076171875,76.8046875,39.231553
39335.203,55.2509765625,18.4326171875,73.68359375,39.28185
39385.352,58.7900390625,11.3955078125,70.185546875,39.331998999999996
39435.506,84.9111328125,1.6220703125,86.533203125,39.382152999999995
39485.94,74.2783203125,7.591796875,81.8701171875,39.432587
39535.985,65.4267578125,21.2890625,86.7158203125,39.482631999999995
39585.903,82.4912109375,1.8642578125,84.35546875,39.53254999999999
39636.512,77.134765625,1.3408203125,78.4755859375,39.583159
39687.75,55.18359375,19.8486328125,75.0322265625,39.634397
39738.631,56.9228515625,12.603515625,69.5263671875,39.685278
39790.954,90.1875,2.6435546875,92.8310546875,39.737601
39842.583,70.3974609375,9.865234375,80.2626953125,39.789229999999996
39893.385,71.4189453125,21.25,92.6689453125,39.840032
39943.586,76.154296875,2.3486328125,78.5029296875,39.890233
39996.942,76.525390625,1.29296875,77.818359375,39.943589
40047.052,59.6220703125,21.3583984375,80.98046875,39.993699
40096.819,61.419921875,10.3984375,71.818359375,40.043466
40147.31,87.9755859375,1.4296875,89.4052734375,40.093956999999996
40197.257,66.1044921875,9.79296875,75.8974609375,40.14390399999999
40247.434,70.1171875,19.2509765625,89.3681640625,40.194081
40297.269,75.55859375,1.5068359375,77.0654296875,40.243916
40350.551,74.2265625,1.7470703125,75.9736328125,40.297197999999995
40400.442,68.1162109375,19.962890625,88.0791015625,40.347089
40450.38,68.041015625,7.6484375,75.689453125,40.397026999999994
40502.138,92.271484375,1.8994140625,94.1708984375,40.448784999999994
40552.685,59.259765625,14.4130859375,73.6728515625,40.499331999999995
40602.352,61.546875,18.5478515625,80.0947265625,40.548998999999995
40653.033,82.5390625,1.5888671875,84.1279296875,40.59968
40702.999,73.6826171875,2.6044921875,76.287109375,40.649646000000004
40752.852,69.359375,21.318359375,90.677734375,40.699498999999996
40802.574,68.2666015625,7.513671875,75.7802734375,40.749221
40852.809,84.2275390625,1.634765625,85.8623046875,40.799456
40902.801,60.861328125,13.8154296875,74.6767578125,40.849447999999995
40953.375,64.7978515625,17.720703125,82.5185546875,40.900022
41006.719,77.93359375,2.896484375,80.830078125,40.953365999999995
41059.577,79.9423828125,5.6953125,85.6376953125,41.006223999999996
41110.969,66.7607421875,21.6708984375,88.431640625,41.057615999999996
41161.531,76.4033203125,5.869140625,82.2724609375,41.108178
41212.741,90.9521484375,1.904296875,92.8564453125,41.159388
41264.34,49.1318359375,16.654296875,65.7861328125,41.210986999999996
41314.279,56.5224609375,12.6865234375,69.208984375,41.260926
41365.439,83.49609375,1.39453125,84.890625,41.312085999999994
41415.469,75.4921875,7.775390625,83.267578125,41.36211599999999
41465.103,63.1513671875,21.3251953125,84.4765625,41.41175
41515.316,85.650390625,2.5126953125,88.1630859375,41.461963
41567.161,79.4267578125,2.005859375,81.4326171875,41.513808
41618.235,53.97265625,18.90625,72.87890625,41.564882
41667.809,55.6328125,11.068359375,66.701171875,41.614456
41717.636,86.748046875,1.576171875,88.32421875,41.664283
41767.88,73.5830078125,9.234375,82.8173828125,41.714527
41818.094,67.0234375,21.830078125,88.853515625,41.764740999999994
41868.271,80.408203125,1.208984375,81.6171875,41.814918
41919.788,76.322265625,1.982421875,78.3046875,41.866434999999996
41969.573,60.0703125,19.83984375,79.91015625,41.916219999999996
42019.824,61.4833984375,9.9306640625,71.4140625,41.966471
42070.624,89.3662109375,1.3095703125,90.67578125,42.017271
42122.214,68.4443359375,10.78515625,79.2294921875,42.068861
42171.897,64.1318359375,21.1337890625,85.265625,42.11854399999999
42223.626,81.0615234375,2.634765625,83.6962890625,42.170272999999995
42275.592,76.2734375,2.52734375,78.80078125,42.222238999999995
42326.897,66.572265625,21.50390625,88.076171875,42.273543999999994
42377.851,68.72265625,9.119140625,77.841796875,42.324498
42429.374,90.5322265625,2.66796875,93.2001953125,42.376021
42480.667,64.2841796875,14.341796875,78.6259765625,42.427313999999996
42530.465,61.3330078125,17.595703125,78.9287109375,42.47711199999999
42580.959,83.5751953125,1.5849609375,85.16015625,42.527606
42632.532,77.5810546875,4.71484375,82.2958984375,42.579178999999996
42682.506,64.982421875,22.453125,87.435546875,42.629152999999995
42731.993,73.5576171875,5.703125,79.2607421875,42.67864
42785.487,95.3642578125,1.1904296875,96.5546875,42.732133999999995
42836.946,48.59375,17.37890625,65.97265625,42.783593
42887.287,55.1826171875,12.3349609375,67.517578125,42.83393399999999
42937.857,82.41015625,1.19921875,83.609375,42.884504
42988.756,79.83984375,8.078125,87.91796875,42.935403
43038.748,64.8671875,21.4794921875,86.3466796875,42.985395
43088.965,84.45703125,1.7421875,86.19921875,43.03561199999999
43139.579,75.138671875,1.28125,76.419921875,43.086225999999996
43190.073,55.4365234375,18.9521484375,74.388671875,43.13672
43239.867,54.78515625,11.7998046875,66.5849609375,43.186513999999995
43289.86,85.1298828125,1.84765625,86.9775390625,43.236506999999996
43340.413,77.6025390625,7.4453125,85.0478515625,43.28706
43390.654,71.5908203125,21.806640625,93.3974609375,43.337301
43440.788,79.0556640625,1.7529296875,80.80859375,43.387434999999996
43492.406,77.9052734375,2.228515625,80.1337890625,43.439053
43543.391,60.0927734375,21.302734375,81.3955078125,43.490038
43594.105,59.5068359375,11.669921875,71.1767578125,43.540752
43644.655,87.69921875,2.8681640625,90.5673828125,43.591302
43695.6,67.615234375,11.9541015625,79.5693359375,43.642247
43746.317,68.2099609375,22.1494140625,90.359375,43.692964
43796.641,81.4892578125,1.041015625,82.5302734375,43.743288
43848.967,76.4267578125,1.654296875,78.0810546875,43.79561399999999
43898.918,62.3447265625,20.328125,82.6728515625,43.84556499999999
43948.607,60.080078125,9.6376953125,69.7177734375,43.895254
44000.409,89.583984375,1.48828125,91.072265625,43.947055999999996
44051.969,67.2392578125,11.587890625,78.8271484375,43.99861599999999
44101.876,67.40625,18.1845703125,85.5908203125,44.048522999999996
44152.408,78.591796875,1.7822265625,80.3740234375,44.099055
44202.599,67.8232421875,1.4716796875,69.294921875,44.149246
44252.76,67.2177734375,22.646484375,89.8642578125,44.199407
44303.223,67.70703125,7.943359375,75.650390625,44.249869999999994
44354.311,84.4443359375,1.345703125,85.7900390625,44.300958
44404.376,59.3837890625,13.1513671875,72.53515625,44.35102299999999
44455.365,66.0576171875,17.869140625,83.9267578125,44.40201199999999
44505.32,75.1416015625,1.484375,76.6259765625,44.451966999999996
44556.494,76.494140625,3.328125,79.822265625,44.503141
44606.411,66.5,21.80078125,88.30078125,44.553058
44656.582,76.8046875,5.9619140625,82.7666015625,44.603229
44706.438,86.29296875,1.560546875,87.853515625,44.653085
44758.014,58.9052734375,15.1669921875,74.072265625,44.704661
44809.902,63.9609375,16.7392578125,80.7001953125,44.756549
44863.945,81.3076171875,2.9736328125,84.28125,44.810592
44915.485,75.1015625,9.0439453125,84.1455078125,44.862131999999995
44967.517,66.4677734375,22.8525390625,89.3203125,44.914164
45019.32,88.9990234375,3.44140625,92.4404296875,44.965967
45069.862,76.955078125,1.5400390625,78.4951171875,45.016509
45120.556,58.1572265625,20.7119140625,78.869140625,45.06720299999999
45170.165,54.166015625,12.12109375,66.287109375,45.116811999999996
45220.072,84.955078125,1.638671875,86.59375,45.166719
45269.919,71.9921875,8.4619140625,80.4541015625,45.216566
45319.994,70.51171875,20.744140625,91.255859375,45.26664099999999
45369.81,80.6474609375,1.9306640625,82.578125,45.31645699999999
45420.812,76.107421875,1.9501953125,78.0576171875,45.367459
45470.245,56.6416015625,20.1826171875,76.82421875,45.416892
45519.839,58.3408203125,10.77734375,69.1181640625,45.466485999999996
45570.104,85.1708984375,1.52734375,86.6982421875,45.516751
45620.815,69.2177734375,9.6796875,78.8974609375,45.567462
45670.478,62.87890625,20.376953125,83.255859375,45.617125
45720.19,81.130859375,1.1767578125,82.3076171875,45.666837
45770.006,70.8056640625,1.953125,72.7587890625,45.716653
45820.158,59.3447265625,19.3603515625,78.705078125,45.766805
45870.55,63.0,10.74609375,73.74609375,45.817197
45921.155,86.6533203125,1.3388671875,87.9921875,45.867802
45971.463,72.1416015625,10.921875,83.0634765625,45.91811
46021.818,67.828125,19.8623046875,87.6904296875,45.968464999999995
46076.787,76.6845703125,2.87109375,79.5556640625,46.023433999999995
46127.768,71.7958984375,4.515625,76.3115234375,46.074414999999995
46178.541,67.095703125,22.9169921875,90.0126953125,46.125187999999994
46229.149,71.353515625,7.6298828125,78.9833984375,46.175796
46280.894,90.685546875,2.75,93.435546875,46.227540999999995
46332.78,59.318359375,15.3505859375,74.6689453125,46.279427
46382.959,61.037109375,15.16796875,76.205078125,46.329606
46433.28,77.2451171875,2.27734375,79.5224609375,46.379926999999995
46484.681,82.4326171875,4.94140625,87.3740234375,46.43132799999999
46534.088,63.23828125,22.0625,85.30078125,46.480735
46584.412,77.0654296875,3.501953125,80.5673828125,46.53105899999999
46634.527,92.560546875,1.48828125,94.048828125,46.581174
46685.179,51.4560546875,18.453125,69.9091796875,46.631826
46735.097,54.7666015625,13.845703125,68.6123046875,46.681744
46785.902,86.234375,1.6474609375,87.8818359375,46.732549
46835.813,77.607421875,7.6220703125,85.2294921875,46.78246
46885.778,64.1455078125,21.3369140625,85.482421875,46.83242499999999
46936.094,87.3671875,2.1953125,89.5625,46.882740999999996
46986.8,74.7431640625,2.3779296875,77.12109375,46.933447
47036.377,53.244140625,18.5341796875,71.7783203125,46.983024
47085.908,54.1962890625,11.8349609375,66.03125,47.032555
47135.841,86.044921875,1.310546875,87.35546875,47.082488
47186.194,77.1552734375,7.25390625,84.4091796875,47.132841
47235.823,65.5380859375,21.328125,86.8662109375,47.182469999999995
47286.622,82.482421875,1.810546875,84.29296875,47.233269
47337.071,80.13671875,1.98828125,82.125,47.283718
47388.573,58.0029296875,20.1708984375,78.173828125,47.33521999999999
47439.546,61.208984375,12.3544921875,73.5634765625,47.386193
47491.889,86.6962890625,3.3671875,90.0634765625,47.438536
47543.696,70.4228515625,12.3505859375,82.7734375,47.490343
47594.466,63.1484375,20.107421875,83.255859375,47.541112999999996
47646.143,80.3056640625,1.69140625,81.9970703125,47.592789999999994
47696.323,69.0458984375,1.4111328125,70.45703125,47.64296999999999
47746.235,66.314453125,21.171875,87.486328125,47.692882
47796.042,68.203125,8.3251953125,76.5283203125,47.742689
47846.032,87.236328125,1.326171875,88.5625,47.792679
47895.794,63.8349609375,10.1083984375,73.943359375,47.842441
47945.605,65.7294921875,18.8447265625,84.57421875,47.892252
47996.297,78.654296875,1.6591796875,80.3134765625,47.942944
48047.633,75.7822265625,2.302734375,78.0849609375,47.994279999999996
48097.499,68.3095703125,21.806640625,90.1162109375,48.044146
48147.308,65.6787109375,8.3544921875,74.033203125,48.093954999999994
48198.825,87.384765625,1.455078125,88.83984375,48.14547199999999
48250.012,61.853515625,11.59375,73.447265625,48.196659
48299.732,66.0810546875,17.998046875,84.0791015625,48.246379
48349.606,80.0595703125,2.1796875,82.2392578125,48.296253
48400.42,76.884765625,2.0126953125,78.8974609375,48.347066999999996
48450.533,66.1376953125,21.8125,87.9501953125,48.39718
48500.132,70.6083984375,7.1650390625,77.7734375,48.44677899999999
48552.224,86.9423828125,1.6767578125,88.619140625,48.498871
48604.52,54.87890625,15.896484375,70.775390625,48.55116699999999
48655.14,63.16796875,17.11328125,80.28125,48.601786999999995
48705.607,79.5166015625,2.6953125,82.2119140625,48.652254
48757.614,80.6083984375,5.33203125,85.9404296875,48.704260999999995
48808.377,67.46875,21.8828125,89.3515625,48.755024
48858.864,81.7685546875,5.283203125,87.0517578125,48.805510999999996
48908.99,84.853515625,1.5478515625,86.4013671875,48.855636999999994
48958.935,49.84375,16.455078125,66.298828125,48.905581999999995
49009.521,56.4658203125,14.369140625,70.8349609375,48.956168
49059.962,78.6728515625,1.4521484375,80.125,49.006609
49110.499,83.8857421875,7.392578125,91.2783203125,49.057146
49160.178,63.0947265625,21.1328125,84.2275390625,49.106825
49212.497,80.048828125,2.9423828125,82.9912109375,49.159144
49262.566,75.5390625,1.552734375,77.091796875,49.209213
49314.594,57.673828125,18.6611328125,76.3349609375,49.26124099999999
49364.793,55.7646484375,10.697265625,66.4619140625,49.31144
49415.226,87.2060546875,1.41796875,88.6240234375,49.361873
49466.071,71.5009765625,8.87890625,80.3798828125,49.412718
49515.937,70.158203125,19.1904296875,89.3486328125,49.46258399999999
49565.664,82.8740234375,1.083984375,83.9580078125,49.512311
49617.592,71.7548828125,1.6962890625,73.451171875,49.56423899999999
49667.844,61.857421875,20.810546875,82.66796875,49.614490999999994
49717.999,64.7568359375,8.4599609375,73.216796875,49.664646
49769.051,89.81640625,1.1611328125,90.9775390625,49.715697999999996
49819.993,65.1787109375,11.2294921875,76.408203125,49.76664
49870.195,65.501953125,17.802734375,83.3046875,49.816841999999994
49921.715,74.7060546875,3.341796875,78.0478515625,49.86836199999999
49972.822,72.1103515625,3.43359375,75.5439453125,49.919469
50023.91,66.365234375,22.046875,88.412109375,49.970557
50075.03,74.51171875,7.53515625,82.046875,50.021677
50125.224,86.947265625,2.1796875,89.126953125,50.071871
50176.265,59.6328125,15.3798828125,75.0126953125,50.122912
50226.433,62.0029296875,15.5712890625,77.57421875,50.17307999999999
50277.268,77.9931640625,1.4423828125,79.435546875,50.22391499999999
50328.02,79.2802734375,3.541015625,82.8212890625,50.274666999999994
50378.039,66.587890625,20.888671875,87.4765625,50.32468599999999
50428.291,78.0478515625,4.4365234375,82.484375,50.37493799999999
50478.447,85.5380859375,1.287109375,86.8251953125,50.425093999999994
50528.25,52.6455078125,15.140625,67.7861328125,50.474897
50578.096,57.02734375,14.658203125,71.685546875,50.524742999999994
50627.952,82.5556640625,1.767578125,84.3232421875,50.57459899999999
50678.209,74.955078125,5.5400390625,80.4951171875,50.624856
50728.273,67.71484375,20.99609375,88.7109375,50.67492
50778.739,81.1357421875,3.4736328125,84.609375,50.725386
50828.955,89.7392578125,1.3623046875,91.1015625,50.775602
50878.787,51.9404296875,16.3486328125,68.2890625,50.825433999999994
50928.539,58.3115234375,13.8994140625,72.2109375,50.87518599999999
50978.269,78.8681640625,1.46484375,80.3330078125,50.924915999999996
51027.848,85.330078125,6.21484375,91.544921875,50.974495
51077.641,66.412109375,22.84765625,89.259765625,51.024288
51127.953,80.3642578125,3.87890625,84.2431640625,51.0746
51178.911,83.0439453125,3.0791015625,86.123046875,51.125558
51230.34,52.9228515625,18.7021484375,71.625,51.176987
51281.186,55.3603515625,15.9111328125,71.271484375,51.227833
51333.149,86.7705078125,2.568359375,89.3388671875,51.279796
51384.935,81.9814453125,8.44921875,90.4306640625,51.331582
51435.107,65.720703125,21.375,87.095703125,51.381754
51485.402,85.0322265625,1.8955078125,86.927734375,51.432049
51535.69,78.3017578125,0.94140625,79.2431640625,51.482337
51585.618,53.8017578125,18.4453125,72.2470703125,51.532265
51635.906,56.12109375,11.2001953125,67.3212890625,51.582553
51685.871,89.2568359375,1.6201171875,90.876953125,51.632518
51737.626,75.4833984375,8.771484375,84.2548828125,51.68427299999999
51787.743,70.353515625,20.9609375,91.314453125,51.73439
51837.67,78.7333984375,2.119140625,80.8525390625,51.784316999999994
51889.202,76.388671875,1.794921875,78.18359375,51.835848999999996
51939.46,62.8701171875,19.91796875,82.7880859375,51.886106999999996
51989.158,67.1240234375,8.9560546875,76.080078125,51.935805
52039.754,89.283203125,1.326171875,90.609375,51.986401
52089.582,62.2060546875,10.4169921875,72.623046875,52.036229
52139.407,67.748046875,17.9404296875,85.6884765625,52.086054
52191.624,82.5166015625,1.6826171875,84.19921875,52.138271
52242.387,71.6416015625,1.337890625,72.9794921875,52.189034
52292.179,64.8154296875,20.4677734375,85.283203125,52.238825999999996
52342.597,70.5615234375,8.77734375,79.3388671875,52.289244
52394.787,90.5048828125,1.669921875,92.1748046875,52.34143399999999
52445.26,59.3173828125,14.845703125,74.1630859375,52.391906999999996
52496.41,64.0986328125,18.2080078125,82.306640625,52.443057
52547.89,76.4443359375,2.767578125,79.2119140625,52.494536999999994
52598.296,75.0751953125,3.568359375,78.6435546875,52.544942999999996
52649.546,66.642578125,23.0498046875,89.6923828125,52.596193
52699.908,73.357421875,7.2939453125,80.6513671875,52.646555
52749.638,87.123046875,1.5244140625,88.6474609375,52.696284999999996
52799.356,61.1708984375,14.8955078125,76.06640625,52.746002999999995
52849.006,59.8212890625,16.828125,76.6494140625,52.795653
52899.373,78.0400390625,2.291015625,80.3310546875,52.846019999999996
52949.403,71.03125,2.1533203125,73.1845703125,52.896049999999995
52999.111,66.84375,22.8408203125,89.6845703125,52.945758
53049.076,68.9619140625,6.470703125,75.4326171875,52.995723
53098.93,86.888671875,1.6455078125,88.5341796875,53.045576999999994
53149.913,60.6875,14.2861328125,74.9736328125,53.09656
53199.699,68.3603515625,15.830078125,84.1904296875,53.146346
53251.866,80.123046875,1.591796875,81.71484375,53.198513
53302.288,80.205078125,4.8369140625,85.0419921875,53.248934999999996
53352.181,64.41015625,21.5712890625,85.9814453125,53.29882799999999
53401.934,74.5751953125,5.390625,79.9658203125,53.348580999999996
53454.368,93.63671875,1.9453125,95.58203125,53.401015
53509.645,54.4853515625,14.3203125,68.8056640625,53.45629199999999
53559.288,57.599609375,12.02734375,69.626953125,53.505935
53610.469,90.18359375,1.5888671875,91.7724609375,53.55711599999999
53661.355,76.62890625,8.5712890625,85.2001953125,53.608002
53712.33,67.9423828125,22.697265625,90.6396484375,53.658977
53762.938,79.9541015625,2.849609375,82.8037109375,53.709585
53815.668,77.986328125,3.08203125,81.068359375,53.762314999999994
53866.257,60.4033203125,21.361328125,81.7646484375,53.812903999999996
53917.453,62.2421875,11.1328125,73.375,53.8641
53970.035,88.4833984375,2.5224609375,91.005859375,53.916682
54020.364,70.7783203125,11.763671875,82.5419921875,53.967011
54069.955,67.6259765625,18.8857421875,86.51171875,54.016602
54121.12,78.298828125,1.634765625,79.93359375,54.067766999999996
54172.926,69.8818359375,2.0771484375,71.958984375,54.119572999999995
54222.596,64.2333984375,20.8369140625,85.0703125,54.169242999999994
54272.184,67.2783203125,7.7451171875,75.0234375,54.218831
54322.991,88.052734375,1.1572265625,89.2099609375,54.269638
54373.765,64.1689453125,11.9326171875,76.1015625,54.320412
54424.107,64.3037109375,16.2763671875,80.580078125,54.370754
54474.259,76.17578125,1.787109375,77.962890625,54.420905999999995
54526.008,76.072265625,3.642578125,79.71484375,54.472654999999996
54575.573,62.271484375,21.5419921875,83.8134765625,54.52222
54625.342,70.8994140625,6.2841796875,77.18359375,54.571988999999995
54675.83,86.619140625,1.681640625,88.30078125,54.622476999999996
54726.932,54.18359375,14.4404296875,68.6240234375,54.673579
54778.089,63.2919921875,17.1767578125,80.46875,54.724736
54828.148,83.0263671875,1.494140625,84.5205078125,54.774795
54878.614,73.236328125,4.2900390625,77.5263671875,54.825261
54928.416,65.3173828125,21.5380859375,86.85546875,54.875063
54978.785,76.390625,5.39453125,81.78515625,54.925432
55030.143,86.12109375,3.009765625,89.130859375,54.976789999999994
55082.492,55.9296875,17.4609375,73.390625,55.029138999999994
55133.373,56.7353515625,15.6875,72.4228515625,55.08002
55186.069,79.7861328125,2.7880859375,82.57421875,55.132716
55237.022,74.607421875,7.5048828125,82.1123046875,55.183668999999995
55287.334,67.787109375,22.068359375,89.85546875,55.233981
55337.995,85.1328125,3.2021484375,88.3349609375,55.284642
55389.55,87.3037109375,1.4375,88.7412109375,55.336197
55439.702,49.7802734375,18.0869140625,67.8671875,55.386348999999996
55489.317,56.3115234375,13.8095703125,70.12109375,55.435964
55539.403,80.6396484375,1.333984375,81.9736328125,55.48605
55590.669,79.8623046875,7.892578125,87.7548828125,55.537316
55640.621,64.798828125,21.3359375,86.134765625,55.587267999999995
55690.573,83.5986328125,2.4404296875,86.0390625,55.63721999999999
55740.618,79.7900390625,1.23828125,81.0283203125,55.687265
55790.939,52.8271484375,16.810546875,69.6376953125,55.73758599999999
55841.55,56.4775390625,10.8623046875,67.33984375,55.788197
55892.515,84.0791015625,1.5009765625,85.580078125,55.839161999999995
55942.605,69.33203125,8.6494140625,77.9814453125,55.889252
55992.996,71.1806640625,19.2294921875,90.41015625,55.939643
56042.859,78.3544921875,1.7197265625,80.07421875,55.98950599999999
56095.214,75.611328125,1.080078125,76.69140625,56.041861
56145.238,59.3916015625,20.05078125,79.4423828125,56.091885
56195.357,60.712890625,8.865234375,69.578125,56.142004
56247.024,86.98046875,1.9677734375,88.9482421875,56.193670999999995
56297.983,66.78125,12.0703125,78.8515625,56.24463
56349.041,68.07421875,19.630859375,87.705078125,56.29568799999999
56401.207,81.421875,3.0009765625,84.4228515625,56.347854
56453.215,75.1767578125,4.0263671875,79.203125,56.39986199999999
56504.153,67.1279296875,22.4619140625,89.58984375,56.450799999999994
56554.18,72.5498046875,6.1728515625,78.72265625,56.500827
56603.98,86.232421875,1.6513671875,87.8837890625,56.550627
56654.441,62.76953125,13.6240234375,76.3935546875,56.601088
56704.777,61.3115234375,17.4794921875,78.791015625,56.651424
56754.518,81.0478515625,1.7939453125,82.841796875,56.701164999999996
56804.25,73.078125,3.1025390625,76.1806640625,56.750896999999995
56854.121,64.318359375,20.96484375,85.283203125,56.800768
56904.165,69.3662109375,6.8466796875,76.212890625,56.850812
56954.567,89.845703125,1.640625,91.486328125,56.901214
57006.235,59.2607421875,13.9130859375,73.173828125,56.952881999999995
57056.181,59.2529296875,14.333984375,73.5869140625,57.002827999999994
57106.028,77.150390625,1.7783203125,78.9287109375,57.052674999999994
57157.474,79.6591796875,4.939453125,84.5986328125,57.104121
57207.916,69.322265625,21.9580078125,91.2802734375,57.154562999999996
57258.681,85.1611328125,3.4765625,88.6376953125,57.205327999999994
57310.185,87.0078125,1.4150390625,88.4228515625,57.256831999999996
57360.689,50.484375,18.12109375,68.60546875,57.30733599999999
57410.93,56.955078125,10.9267578125,67.8818359375,57.357577
57461.594,93.4736328125,1.150390625,94.6240234375,57.408241
57512.384,73.462890625,8.00390625,81.466796875,57.459030999999996
57562.852,67.30859375,22.072265625,89.380859375,57.509499
57614.013,86.216796875,3.078125,89.294921875,57.56066
57664.592,74.6328125,3.044921875,77.677734375,57.611239
57715.938,58.4384765625,20.123046875,78.5615234375,57.662585
57767.476,60.59375,12.515625,73.109375,57.714123
57818.291,87.6865234375,1.7919921875,89.478515625,57.764937999999994
57868.435,69.1005859375,10.2158203125,79.31640625,57.815082
57918.343,68.5615234375,20.791015625,89.3525390625,57.86499
57967.926,81.181640625,0.869140625,82.05078125,57.914573
58018.69,77.142578125,2.3369140625,79.4794921875,57.965337
58068.726,61.2783203125,20.443359375,81.7216796875,58.015373
58118.277,63.845703125,10.267578125,74.11328125,58.064924
58169.173,86.8125,1.3505859375,88.1630859375,58.11582
58220.491,66.767578125,12.5859375,79.353515625,58.167138
58270.779,67.0029296875,17.0830078125,84.0859375,58.217425999999996
58324.327,81.57421875,2.240234375,83.814453125,58.270973999999995
58376.121,77.9873046875,3.5,81.4873046875,58.322767999999996
58426.255,66.8115234375,21.73046875,88.5419921875,58.372901999999996
58476.345,73.3408203125,5.6083984375,78.94921875,58.422992
58526.347,86.4580078125,1.1640625,87.6220703125,58.472994
58576.718,58.28125,14.41015625,72.69140625,58.523365
58626.927,59.7431640625,14.2373046875,73.98046875,58.573574
58677.01,77.603515625,1.5595703125,79.1630859375,58.623657
58728.322,81.796875,5.43359375,87.23046875,58.674969
58777.745,62.591796875,21.5732421875,84.1650390625,58.724392
58828.181,78.0869140625,5.7783203125,83.865234375,58.77482799999999
58881.948,92.3662109375,3.0087890625,95.375,58.82859499999999
58934.667,52.6396484375,19.0703125,71.7099609375,58.881313999999996
58985.503,53.6533203125,14.1865234375,67.83984375,58.93214999999999
59036.116,83.15234375,3.0576171875,86.2099609375,58.982763
59087.04,75.7197265625,7.80859375,83.5283203125,59.033687
59136.995,64.3115234375,22.109375,86.4208984375,59.083642
59187.554,85.42578125,1.9462890625,87.3720703125,59.13420099999999
59237.364,79.6435546875,0.806640625,80.4501953125,59.184011
59287.001,50.6650390625,17.291015625,67.9560546875,59.233647999999995
59336.496,50.8193359375,12.9970703125,63.81640625,59.283142999999995
59388.753,94.4599609375,2.0869140625,96.546875,59.33539999999999
59439.09,78.6845703125,8.1748046875,86.859375,59.38573699999999
59488.907,69.0537109375,22.3984375,91.4521484375,59.435553999999996
59538.684,82.4267578125,1.29296875,83.7197265625,59.485330999999995
59588.318,73.34765625,2.173828125,75.521484375,59.534965
59637.953,54.5888671875,18.591796875,73.1806640625,59.5846
59688.242,57.275390625,10.208984375,67.484375,59.634888999999994
59738.21,86.712890625,1.8740234375,88.5869140625,59.684856999999994
59789.971,72.3818359375,8.8828125,81.2646484375,59.73661799999999
59839.833,68.255859375,21.1875,89.443359375,59.78648
59891.107,81.7861328125,1.724609375,83.5107421875,59.837754000000004
59942.588,76.1240234375,2.7333984375,78.857421875,59.889235
59992.213,61.310546875,19.6640625,80.974609375,59.93886
60041.829,63.3291015625,9.6767578125,73.005859375,59.988476
60092.224,84.82421875,2.08984375,86.9140625,60.038871
60143.013,71.2353515625,11.7666015625,83.001953125,60.089659999999995
60193.691,63.6875,20.814453125,84.501953125,60.14033799999999
60244.829,80.623046875,2.8310546875,83.4541015625,60.191475999999994
60297.258,72.8125,2.701171875,75.513671875,60.243905
60348.514,68.115234375,20.8271484375,88.9423828125,60.295161
60398.22,67.9482421875,7.189453125,75.1376953125,60.344867
60449.106,86.9541015625,1.9365234375,88.890625,60.395753
60499.362,58.7783203125,13.046875,71.8251953125,60.446009
60549.155,61.724609375,18.7919921875,80.5166015625,60.495802
60599.52,80.9638671875,1.3388671875,82.302734375,60.546167
60649.239,73.376953125,2.9208984375,76.2978515625,60.595886
60699.313,67.0869140625,21.9912109375,89.078125,60.64596
60749.57,67.0693359375,8.05078125,75.1201171875,60.696217
60801.025,92.240234375,1.1640625,93.404296875,60.747672
60850.923,59.5712890625,14.3818359375,73.953125,60.79757
60900.709,63.244140625,17.1259765625,80.3701171875,60.847356
60950.691,76.4755859375,1.65625,78.1318359375,60.897338
61001.146,78.40625,3.689453125,82.095703125,60.947793
61051.264,65.19921875,23.486328125,88.685546875,60.997911
61101.812,74.26171875,5.2822265625,79.5439453125,61.048458999999994
61152.527,83.98046875,1.412109375,85.392578125,61.099174
61202.204,52.681640625,14.82421875,67.505859375,61.14885099999999
61252.183,57.8056640625,16.04296875,73.8486328125,61.198829999999994
61301.895,80.794921875,1.6064453125,82.4013671875,61.24854199999999
61352.033,77.6259765625,4.4853515625,82.111328125,61.29868
61402.388,65.46875,22.53125,88.0,61.34903499999999
61453.371,74.94140625,6.091796875,81.033203125,61.400017999999996
61504.073,87.587890625,3.2763671875,90.8642578125,61.45072
61557.28,57.7099609375,17.748046875,75.4580078125,61.503927
61607.853,55.9814453125,16.7060546875,72.6875,61.5545
61658.353,83.3681640625,1.3916015625,84.759765625,61.605
61710.018,83.08984375,6.1826171875,89.2724609375,61.656665
61760.258,66.7978515625,20.830078125,87.6279296875,61.706905
61811.046,83.44921875,2.98046875,86.4296875,61.757692999999996
61860.98,79.654296875,1.447265625,81.1015625,61.807627000000004
61910.624,52.5966796875,18.478515625,71.0751953125,61.857271
61960.211,56.8505859375,12.09765625,68.9482421875,61.906858
62014.783,95.1494140625,1.2529296875,96.40234375,61.96143
62065.253,74.0595703125,9.1298828125,83.189453125,62.0119
62115.553,64.4560546875,20.4833984375,84.939453125,62.0622
62165.113,79.9033203125,0.912109375,80.8154296875,62.11176
62217.029,70.642578125,1.96875,72.611328125,62.163676
62267.15,63.904296875,20.068359375,83.97265625,62.213797
62317.398,64.869140625,9.1611328125,74.0302734375,62.264044999999996
62367.294,85.0673828125,1.365234375,86.4326171875,62.313941
62418.373,67.5419921875,12.0244140625,79.56640625,62.365019999999994
62468.467,64.7548828125,16.6015625,81.3564453125,62.415113999999996
62518.352,82.712890625,1.94140625,84.654296875,62.464999
62568.054,69.8662109375,1.7607421875,71.626953125,62.514700999999995
62619.007,66.0078125,21.869140625,87.876953125,62.565653999999995
62670.132,69.7177734375,9.1943359375,78.912109375,62.616778999999994
62721.079,89.5068359375,2.8984375,92.4052734375,62.667725999999995
62774.071,60.5087890625,15.7666015625,76.275390625,62.720718
62825.085,59.88671875,18.1552734375,78.0419921875,62.77173199999999
62878.212,74.818359375,2.505859375,77.32421875,62.824859
62929.927,80.1865234375,5.3681640625,85.5546875,62.876574
62980.011,66.1689453125,21.423828125,87.5927734375,62.926657999999996
63030.42,81.501953125,3.5634765625,85.0654296875,62.977067
63080.838,85.58203125,1.4599609375,87.0419921875,63.027485
63131.334,48.8681640625,17.544921875,66.4130859375,63.077981
63181.578,55.1171875,12.826171875,67.943359375,63.128225
63231.879,82.86328125,1.3916015625,84.2548828125,63.178526
63283.35,80.0341796875,7.5625,87.5966796875,63.229997
63332.607,63.3408203125,21.65625,84.9970703125,63.279254
63382.541,84.431640625,2.15234375,86.583984375,63.329187999999995
63432.556,76.1181640625,1.4853515625,77.603515625,63.379203
63484.607,55.408203125,18.6640625,74.072265625,63.431254
63535.514,64.2294921875,10.8115234375,75.041015625,63.482161
63585.809,88.7529296875,1.4716796875,90.224609375,63.532455999999996
63635.566,66.849609375,9.19140625,76.041015625,63.582212999999996
63686.825,71.6376953125,19.7666015625,91.404296875,63.633472
63736.769,78.33203125,1.712890625,80.044921875,63.683415999999994
63787.717,72.3408203125,1.296875,73.6376953125,63.73436399999999
63837.505,60.1337890625,20.3271484375,80.4609375,63.78415199999999
63887.885,62.681640625,8.5146484375,71.1962890625,63.834531999999996
63939.313,89.1572265625,2.5712890625,91.728515625,63.88596
63991.182,64.1474609375,12.4072265625,76.5546875,63.937829
64041.699,65.400390625,18.658203125,84.05859375,63.988346
64092.62,81.4931640625,3.4208984375,84.9140625,64.039267
64143.936,71.4775390625,4.125,75.6025390625,64.090583
64194.234,65.208984375,21.650390625,86.859375,64.140881
64244.419,72.1806640625,7.443359375,79.6240234375,64.19106599999999
64296.348,89.908203125,1.32421875,91.232421875,64.242995
64346.553,55.2373046875,14.6572265625,69.89453125,64.2932
64396.213,59.3076171875,17.2763671875,76.583984375,64.34286
64446.21,80.2412109375,1.8740234375,82.115234375,64.39285699999999
64496.25,71.7138671875,3.1884765625,74.90234375,64.442897
64546.357,63.751953125,21.5146484375,85.2666015625,64.493004
64595.957,73.96484375,5.1708984375,79.1357421875,64.542604
64645.79,87.6025390625,1.5703125,89.1728515625,64.592437
64695.548,53.3486328125,13.96875,67.3173828125,64.642195
64745.45,62.201171875,15.6044921875,77.8056640625,64.69209699999999
64798.776,76.794921875,1.990234375,78.78515625,64.74542299999999
64849.777,80.830078125,5.4853515625,86.3154296875,64.796424
64899.764,68.6611328125,20.7119140625,89.373046875,64.846411
64950.543,82.9775390625,3.6005859375,86.578125,64.89719
65000.287,89.2666015625,1.220703125,90.4873046875,64.946934
65051.493,51.154296875,17.5078125,68.662109375,64.99814
65102.128,59.01953125,11.64453125,70.6640625,65.04877499999999
65152.512,84.98046875,1.5498046875,86.5302734375,65.099159
65203.307,77.703125,8.9609375,86.6640625,65.149954
65254.338,67.71875,22.703125,90.421875,65.200985
65306.218,86.6962890625,3.548828125,90.2451171875,65.252865
65359.61,74.712890625,3.388671875,78.1015625,65.306257
65410.676,60.798828125,19.912109375,80.7109375,65.357323
65461.678,64.2265625,10.328125,74.5546875,65.40832499999999
65513.914,91.28125,1.509765625,92.791015625,65.460561
65564.254,66.8935546875,12.3876953125,79.28125,65.510901
65614.154,62.4111328125,18.232421875,80.6435546875,65.560801
65667.357,80.4150390625,1.65234375,82.0673828125,65.614004
65717.779,78.7568359375,3.7294921875,82.486328125,65.66442599999999
65767.72,66.296875,22.357421875,88.654296875,65.714367
65818.036,70.6572265625,6.5166015625,77.173828125,65.76468299999999
65868.863,91.9052734375,2.251953125,94.1572265625,65.81550999999999
65920.342,58.244140625,14.6328125,72.876953125,65.866989
65970.079,59.150390625,14.736328125,73.88671875,65.916726
66020.317,79.609375,1.65234375,81.26171875,65.96696399999999
66071.651,78.6376953125,5.2421875,83.8798828125,66.018298
66121.22,67.40625,23.1025390625,90.5087890625,66.06786699999999
66171.168,78.5615234375,4.5478515625,83.109375,66.11781500000001
66223.7,91.697265625,1.462890625,93.16015625,66.17034699999999
66274.012,46.63671875,15.2001953125,61.8369140625,66.220659
66324.13,57.5185546875,14.5947265625,72.11328125,66.270777
66376.069,76.50390625,2.349609375,78.853515625,66.322716
66426.47,76.1494140625,6.162109375,82.3115234375,66.373117
66477.185,65.974609375,22.4482421875,88.4228515625,66.42383199999999
66527.769,80.32421875,4.4892578125,84.8134765625,66.47441599999999
66579.035,83.3369140625,3.1943359375,86.53125,66.525682
66630.024,50.49609375,17.947265625,68.443359375,66.576671
66680.824,54.3681640625,15.8798828125,70.248046875,66.62747099999999
66731.962,82.86328125,2.654296875,85.517578125,66.678609
66783.487,78.193359375,7.6552734375,85.8486328125,66.73013399999999
66833.214,65.2138671875,20.658203125,85.8720703125,66.77986100000001
66883.468,83.6416015625,2.1640625,85.8056640625,66.83011499999999
66933.656,81.87109375,2.1650390625,84.0361328125,66.880303
66984.316,52.1474609375,18.064453125,70.2119140625,66.930963
67033.749,50.5498046875,12.830078125,63.3798828125,66.980396
67084.619,90.8017578125,1.703125,92.5048828125,67.031266
67136.251,77.9716796875,9.25,87.2216796875,67.082898
67186.508,72.0537109375,19.662109375,91.7158203125,67.133155
67237.06,77.83984375,1.48828125,79.328125,67.183707
67289.438,72.861328125,2.0185546875,74.8798828125,67.23608499999999
67339.287,63.80859375,20.9775390625,84.7861328125,67.285934
67388.939,61.427734375,9.8349609375,71.2626953125,67.33558599999999
67438.878,84.6240234375,1.505859375,86.1298828125,67.385525
67488.697,68.6142578125,11.7373046875,80.3515625,67.435344
67538.447,67.0576171875,18.8828125,85.9404296875,67.485094
67588.26,78.943359375,1.6533203125,80.5966796875,67.53490699999999
67638.102,75.7255859375,1.5791015625,77.3046875,67.584749
67688.31,61.6181640625,20.8408203125,82.458984375,67.634957
67738.32,60.0693359375,10.6640625,70.7333984375,67.684967
67788.976,84.7421875,3.044921875,87.787109375,67.73562299999999
67840.017,66.8046875,12.1962890625,79.0009765625,67.786664
67890.549,65.8818359375,20.341796875,86.2236328125,67.83719599999999
67941.477,77.546875,3.240234375,80.787109375,67.88812399999999
67994.009,76.666015625,3.2705078125,79.9365234375,67.940656
68044.129,65.55078125,21.7353515625,87.2861328125,67.990776
68093.671,67.744140625,8.2841796875,76.0283203125,68.040318
68143.631,83.9775390625,1.5498046875,85.52734375,68.090278
68194.527,66.8740234375,10.7265625,77.6005859375,68.14117399999999
68243.957,63.9814453125,19.8203125,83.8017578125,68.190604
68294.432,80.0791015625,1.8349609375,81.9140625,68.241079
68345.069,75.1796875,2.505859375,77.685546875,68.291716
68394.718,67.0791015625,20.962890625,88.0419921875,68.341365
68444.669,66.5263671875,8.1611328125,74.6875,68.39131599999999
68495.491,90.0791015625,1.4423828125,91.521484375,68.44213799999999
68545.726,60.326171875,14.056640625,74.3828125,68.49237299999999
68595.596,62.384765625,18.90234375,81.287109375,68.542243
68647.413,82.6201171875,1.6279296875,84.248046875,68.59406
68697.498,72.017578125,3.2841796875,75.3017578125,68.64414500000001
68747.828,66.65234375,20.8427734375,87.4951171875,68.694475
68797.95,74.814453125,6.3818359375,81.1962890625,68.744597
68848.995,87.4765625,1.4921875,88.96875,68.79564199999999
68899.497,55.77734375,14.7705078125,70.5478515625,68.846144
68949.631,59.5185546875,14.7373046875,74.255859375,68.896278
69000.323,75.498046875,1.4453125,76.943359375,68.94697000000001
69051.183,80.78515625,6.3525390625,87.1376953125,68.99783000000001
69102.268,69.58984375,23.0771484375,92.6669921875,69.048915
69153.54,82.6708984375,4.623046875,87.2939453125,69.10018699999999
69204.009,86.0322265625,2.70703125,88.7392578125,69.150656
69256.334,52.12890625,17.359375,69.48828125,69.202981
69306.869,57.0732421875,13.5546875,70.6279296875,69.253516
69357.962,86.091796875,1.6884765625,87.7802734375,69.304609
69409.853,77.9970703125,8.9208984375,86.91796875,69.3565
69459.77,69.9462890625,20.8642578125,90.810546875,69.406417
69510.474,76.2158203125,1.8662109375,78.08203125,69.457121
69561.526,69.92578125,1.3349609375,71.2607421875,69.508173
69611.687,58.611328125,19.69921875,78.310546875,69.558334
69661.628,59.2578125,10.7666015625,70.0244140625,69.60827499999999
69711.522,87.849609375,1.310546875,89.16015625,69.658169
69761.685,68.9951171875,9.3427734375,78.337890625,69.708332
69811.779,66.529296875,20.587890625,87.1171875,69.75842599999999
69861.741,79.421875,1.201171875,80.623046875,69.808388
69913.416,74.2265625,1.7509765625,75.9775390625,69.860063
69964.605,59.6201171875,20.4892578125,80.109375,69.91125199999999
70014.62,65.125,9.5693359375,74.6943359375,69.96126699999999
70064.674,84.20703125,1.4072265625,85.6142578125,70.011321
70114.439,63.625,10.0966796875,73.7216796875,70.06108599999999
70164.792,69.8876953125,20.357421875,90.2451171875,70.111439
70214.693,77.7705078125,1.75,79.5205078125,70.16134
70265.693,76.697265625,0.9912109375,77.6884765625,70.21234
70316.269,63.2197265625,21.3427734375,84.5625,70.262916
70366.821,63.462890625,10.279296875,73.7421875,70.313468
70420.328,94.498046875,2.751953125,97.25,70.366975
70471.907,60.2119140625,12.900390625,73.1123046875,70.418554
70523.0,65.96875,18.7490234375,84.7177734375,70.469647
70573.685,80.4072265625,2.83203125,83.2392578125,70.520332
70623.693,74.083984375,1.0166015625,75.1005859375,70.57034
70674.068,67.361328125,21.5322265625,88.8935546875,70.62071499999999
70724.358,69.837890625,7.7353515625,77.5732421875,70.671005
70774.439,85.73828125,1.58984375,87.328125,70.721086
70824.55,60.9931640625,12.3779296875,73.37109375,70.771197
70874.976,64.875,17.9111328125,82.7861328125,70.82162299999999
70926.022,75.376953125,1.40234375,76.779296875,70.87266899999999
70976.288,70.89453125,3.4599609375,74.3544921875,70.922935
71026.199,64.130859375,21.9306640625,86.0615234375,70.97284599999999
71075.955,74.5576171875,5.853515625,80.4111328125,71.02260199999999
71126.556,87.0361328125,1.0634765625,88.099609375,71.07320299999999
71176.219,58.7265625,16.4375,75.1640625,71.12286599999999
71226.132,57.6474609375,15.9091796875,73.556640625,71.17277899999999
71276.101,78.861328125,2.29296875,81.154296875,71.222748
71325.835,77.4736328125,3.9306640625,81.404296875,71.272482
71375.924,68.6123046875,21.345703125,89.9580078125,71.322571
71425.79,71.791015625,5.8173828125,77.6083984375,71.37243699999999
71476.858,91.4521484375,1.2763671875,92.728515625,71.42350499999999
71527.29,54.3837890625,15.537109375,69.9208984375,71.47393699999999
71577.072,55.7705078125,15.24609375,71.0166015625,71.523719
71627.937,82.6552734375,2.3896484375,85.044921875,71.574584
71678.404,78.287109375,7.11328125,85.400390625,71.625051
71729.61,66.6142578125,22.462890625,89.0771484375,71.67625699999999
71781.069,79.6171875,5.146484375,84.763671875,71.727716
71831.775,89.5390625,3.001953125,92.541015625,71.77842199999999
71882.251,47.962890625,16.125,64.087890625,71.828898
71932.173,53.4375,14.533203125,67.970703125,71.87881999999999
71982.169,80.919921875,1.5224609375,82.4423828125,71.928816
72033.905,80.626953125,6.2587890625,86.8857421875,71.980552
72084.029,67.3310546875,21.697265625,89.0283203125,72.03067599999999
72134.625,84.1884765625,2.3251953125,86.513671875,72.081272
72185.16,77.734375,1.3134765625,79.0478515625,72.131807
72235.607,53.796875,17.48046875,71.27734375,72.182254
72286.103,51.2783203125,12.7705078125,64.048828125,72.23275
72336.257,89.2763671875,2.5546875,91.8310546875,72.282904
72386.493,72.1484375,7.2724609375,79.4208984375,72.33314
72436.28,65.23046875,21.6962890625,86.9267578125,72.382927
72486.842,82.857421875,1.919921875,84.77734375,72.433489
72536.263,78.474609375,0.689453125,79.1640625,72.48291
72586.936,54.67578125,19.95703125,74.6328125,72.533583
72636.638,53.615234375,11.4267578125,65.0419921875,72.583285
72686.741,87.701171875,1.6533203125,89.3544921875,72.633388
72736.339,69.904296875,8.0361328125,77.9404296875,72.682986
72786.667,73.0009765625,20.4658203125,93.466796875,72.733314
72836.388,77.48046875,1.783203125,79.263671875,72.783035
72891.016,75.1943359375,3.4814453125,78.67578125,72.837663
72941.893,63.544921875,20.8740234375,84.4189453125,72.88853999999999
72992.765,66.00390625,10.8779296875,76.8818359375,72.93941199999999
73044.212,87.01953125,3.03125,90.05078125,72.990859
73096.717,65.740234375,11.83203125,77.572265625,73.043364
73147.169,67.314453125,18.8466796875,86.1611328125,73.09381599999999
73199.207,80.9423828125,1.6044921875,82.546875,73.14585399999999
73250.063,77.4677734375,2.59765625,80.0654296875,73.19671
73299.841,65.6591796875,20.935546875,86.5947265625,73.246488
73350.516,73.7060546875,6.4091796875,80.115234375,73.297163
73401.14,86.228515625,1.9912109375,88.2197265625,73.347787
73452.051,61.857421875,14.353515625,76.2109375,73.39869800000001
73502.358,63.546875,15.25390625,78.80078125,73.44900499999999
73552.376,76.5498046875,1.42578125,77.9755859375,73.499023
73602.072,77.3056640625,3.84765625,81.1533203125,73.54871899999999
73652.063,65.5087890625,21.2333984375,86.7421875,73.59871
73701.937,75.8525390625,5.4189453125,81.271484375,73.648584
73752.154,87.7470703125,1.5966796875,89.34375,73.69880099999999
73802.62,54.9541015625,14.7080078125,69.662109375,73.74926699999999
73852.954,60.9697265625,15.486328125,76.4560546875,73.799601
73902.862,76.5869140625,1.62890625,78.2158203125,73.849509
73954.4,79.6748046875,5.7548828125,85.4296875,73.90104699999999
74004.396,65.9560546875,21.787109375,87.7431640625,73.95104299999998
74054.198,76.4130859375,4.287109375,80.7001953125,74.000845
74104.21,85.6416015625,1.42578125,87.0673828125,74.05085700000001
74155.687,52.8662109375,15.7255859375,68.591796875,74.102334
74206.261,59.3134765625,15.90234375,75.2158203125,74.152908
74257.446,83.267578125,2.591796875,85.859375,74.204093
74308.121,77.873046875,7.07421875,84.947265625,74.254768
74358.889,65.4423828125,21.607421875,87.0498046875,74.30553599999999
74410.324,82.3330078125,4.7236328125,87.056640625,74.35697099999999
74463.888,83.5341796875,1.5966796875,85.130859375,74.41053500000001
74515.104,58.1435546875,19.7626953125,77.90625,74.461751
74564.849,54.412109375,11.6611328125,66.0732421875,74.511496
74615.217,90.06640625,1.5673828125,91.6337890625,74.561864
74666.212,72.826171875,9.5625,82.388671875,74.612859
74715.922,71.1376953125,20.390625,91.5283203125,74.662569
74765.585,78.6044921875,1.4521484375,80.056640625,74.712232
74816.371,79.091796875,1.6787109375,80.7705078125,74.763018
74866.797,60.044921875,19.5634765625,79.6083984375,74.813444
74916.668,63.48046875,9.73046875,73.2109375,74.863315
74966.141,87.46484375,1.6591796875,89.1240234375,74.912788
75018.015,71.2890625,12.0810546875,83.3701171875,74.96466199999999
75067.885,67.3994140625,17.931640625,85.3310546875,75.01453199999999
75118.562,76.9384765625,1.740234375,78.6787109375,75.065209
75169.328,75.2783203125,1.0107421875,76.2890625,75.11597499999999
75219.412,65.4228515625,21.2470703125,86.669921875,75.16605899999999
75269.48,70.7861328125,7.6728515625,78.458984375,75.216127
75320.276,86.849609375,1.5634765625,88.4130859375,75.26692299999999
75370.551,64.0,12.5078125,76.5078125,75.317198
75420.484,61.505859375,18.4482421875,79.9541015625,75.367131
75471.206,80.3388671875,2.6904296875,83.029296875,75.41785300000001
75521.469,68.0458984375,2.8544921875,70.900390625,75.468116
75572.534,68.6240234375,22.4619140625,91.0859375,75.519181
75623.779,71.0146484375,8.08203125,79.0966796875,75.570426
75676.324,88.505859375,2.4755859375,90.9814453125,75.62297099999999
75726.526,60.7744140625,13.2060546875,73.98046875,75.67317299999999
75776.367,63.3720703125,16.583984375,79.9560546875,75.72301399999999
75826.521,78.98828125,1.3134765625,80.3017578125,75.77316799999998
75876.686,72.2890625,3.482421875,75.771484375,75.823333
75926.598,64.328125,22.6494140625,86.9775390625,75.873245
75977.078,71.4111328125,5.341796875,76.7529296875,75.92372499999999
76028.479,88.9033203125,1.0283203125,89.931640625,75.975126
76079.195,52.2802734375,15.3193359375,67.599609375,76.025842
76129.294,63.4501953125,14.3720703125,77.822265625,76.07594099999999
76179.155,79.265625,1.69140625,80.95703125,76.125802
76229.77,83.1923828125,5.7216796875,88.9140625,76.176417
76279.515,63.6103515625,21.08984375,84.7001953125,76.226162
76329.461,78.048828125,4.37890625,82.427734375,76.276108
76379.291,86.8896484375,1.4462890625,88.3359375,76.325938
76428.835,45.7158203125,16.8564453125,62.572265625,76.375482
76479.436,59.865234375,15.697265625,75.5625,76.426083
76529.251,75.2666015625,1.380859375,76.6474609375,76.475898
76580.352,80.923828125,5.1376953125,86.0615234375,76.52699899999999
76630.573,67.056640625,22.0302734375,89.0869140625,76.57722
76681.483,82.8857421875,4.03125,86.9169921875,76.62812999999998
76732.655,82.9697265625,2.875,85.8447265625,76.67930199999999
76783.668,52.4873046875,18.056640625,70.5439453125,76.730315
76834.089,53.8583984375,14.6357421875,68.494140625,76.780736
76886.455,85.29296875,3.0048828125,88.2978515625,76.833102
76937.996,78.1669921875,8.4287109375,86.595703125,76.884643
76988.552,65.802734375,21.875,87.677734375,76.935199
77038.32,83.0634765625,2.5390625,85.6025390625,76.984967
77089.428,77.3330078125,1.55859375,78.8916015625,77.036075
77141.078,57.41015625,19.4248046875,76.8349609375,77.08772499999999
77191.589,60.0634765625,11.9150390625,71.978515625,77.138236
77241.709,84.626953125,1.455078125,86.08203125,77.188356
77292.394,75.6962890625,8.4208984375,84.1171875,77.239041
77342.519,69.8271484375,19.44921875,89.2763671875,77.289166
77397.466,80.134765625,1.525390625,81.66015625,77.344113
77448.802,77.09765625,2.4228515625,79.5205078125,77.395449
77498.525,67.1494140625,20.94921875,88.0986328125,77.44517199999999
77549.282,71.140625,7.291015625,78.431640625,77.495929
77599.225,87.236328125,1.076171875,88.3125,77.545872
77649.965,58.3154296875,13.4833984375,71.798828125,77.596612
77700.326,62.08203125,15.37890625,77.4609375,77.646973
77750.632,80.017578125,2.2255859375,82.2431640625,77.697279
77801.377,79.9970703125,4.185546875,84.1826171875,77.74802399999999
77851.21,65.1591796875,21.103515625,86.2626953125,77.79785700000001
77900.998,73.7060546875,4.455078125,78.1611328125,77.847645
77951.612,87.68359375,1.6591796875,89.3427734375,77.898259
78004.124,56.0693359375,17.61328125,73.6826171875,77.95077099999999
78054.994,58.384765625,16.5654296875,74.9501953125,78.001641
78107.328,81.857421875,2.6806640625,84.5380859375,78.053975
78158.851,84.4453125,7.8935546875,92.3388671875,78.105498
78209.648,67.326171875,23.0087890625,90.3349609375,78.156295
78260.117,83.486328125,3.48828125,86.974609375,78.20676399999999
78313.299,84.2294921875,1.3623046875,85.591796875,78.259946
78364.184,57.4072265625,18.9462890625,76.353515625,78.310831
78414.435,55.3798828125,11.6875,67.0673828125,78.361082
78464.377,88.0478515625,1.3623046875,89.41015625,78.41102399999998
78517.365,72.3173828125,9.23046875,81.5478515625,78.464012
78567.136,66.8720703125,20.513671875,87.3857421875,78.51378299999999
78617.693,82.15625,1.1611328125,83.3173828125,78.56434
78667.208,75.39453125,1.951171875,77.345703125,78.613855
78717.316,59.4169921875,19.388671875,78.8056640625,78.66396300000001
78767.707,60.666015625,9.00390625,69.669921875,78.71435399999999
78818.698,87.498046875,2.1572265625,89.6552734375,78.765345
78868.906,69.986328125,10.560546875,80.546875,78.815553
78918.495,66.287109375,22.548828125,88.8359375,78.86514199999999
78968.6,83.83203125,1.193359375,85.025390625,78.91524700000001
79021.189,74.83203125,1.2626953125,76.0947265625,78.96783599999999
79071.162,66.19921875,21.625,87.82421875,79.017809
79121.489,69.9765625,6.9130859375,76.8896484375,79.068136
79172.03,85.3681640625,1.3017578125,86.669921875,79.11867699999999
79222.215,59.5185546875,12.8837890625,72.40234375,79.16886199999999
79272.83,63.2724609375,18.78125,82.0537109375,79.219477
79325.595,79.9208984375,3.013671875,82.9345703125,79.27224199999999
79376.747,77.16015625,5.8154296875,82.9755859375,79.323394
79428.02,65.44140625,22.2060546875,87.6474609375,79.374667
79478.835,72.5732421875,6.9697265625,79.54296875,79.425482
79532.516,96.7861328125,1.8486328125,98.634765625,79.479163
79583.602,50.2353515625,16.978515625,67.2138671875,79.530249
79634.395,57.8466796875,12.15234375,69.9990234375,79.581042
79684.56,84.578125,1.57421875,86.15234375,79.63120699999999
79735.307,80.267578125,7.21875,87.486328125,79.681954
79785.119,67.81640625,21.0732421875,88.8896484375,79.73176600000001
79834.75,88.6630859375,2.1787109375,90.841796875,79.781397
79889.885,75.3525390625,2.314453125,77.6669921875,79.83653199999999
79940.156,61.2880859375,19.16796875,80.4560546875,79.886803
79989.81,61.267578125,10.2109375,71.478515625,79.93645699999999
80042.431,91.62890625,1.494140625,93.123046875,79.98907799999999
80093.891,66.15625,11.654296875,77.810546875,80.040538
80143.698,62.7197265625,18.630859375,81.3505859375,80.090345
80193.248,81.7568359375,1.8310546875,83.587890625,80.13989500000001
80243.586,69.5498046875,1.2412109375,70.791015625,80.19023299999999
80293.383,67.1796875,20.9560546875,88.1357421875,80.24003
80343.671,67.3505859375,7.3759765625,74.7265625,80.290318
80394.508,83.244140625,1.3173828125,84.5615234375,80.341155
80445.108,60.6259765625,13.064453125,73.6904296875,80.39175499999999
80495.44,62.4482421875,16.748046875,79.1962890625,80.442087
80546.745,79.576171875,2.662109375,82.23828125,80.49339199999999
80597.94,73.44140625,4.5068359375,77.9482421875,80.54458699999999
80649.098,68.0576171875,23.2958984375,91.353515625,80.595745
80699.924,77.0625,6.330078125,83.392578125,80.646571
80750.6,87.1396484375,2.939453125,90.0791015625,80.697247
80801.754,55.650390625,15.6884765625,71.3388671875,80.748401
80851.79,58.3427734375,15.57421875,73.9169921875,80.79843699999999
80902.079,80.1220703125,1.2646484375,81.38671875,80.848726
80953.132,78.943359375,5.154296875,84.09765625,80.899779
81003.416,67.1611328125,21.53515625,88.6962890625,80.950063
81053.732,79.66015625,4.2060546875,83.8662109375,81.000379
81103.617,84.310546875,1.3623046875,85.6728515625,81.050264
81154.157,54.7958984375,16.3056640625,71.1015625,81.10080400000001
81204.1,56.1005859375,14.4560546875,70.556640625,81.15074700000001
81256.588,85.193359375,1.4462890625,86.6396484375,81.203235
81306.595,75.9521484375,6.5576171875,82.509765625,81.253242
81356.478,68.25390625,20.9228515625,89.1767578125,81.303125
81406.176,78.349609375,3.515625,81.865234375,81.352823
81456.038,85.8681640625,1.4501953125,87.318359375,81.40268499999999
81506.553,49.640625,17.759765625,67.400390625,81.4532
81556.221,56.1552734375,13.9619140625,70.1171875,81.502868
81605.739,81.0166015625,1.7763671875,82.79296875,81.552386
81656.07,82.673828125,6.9716796875,89.6455078125,81.602717
81706.085,66.3408203125,21.6748046875,88.015625,81.652732
81755.858,79.2744140625,3.513671875,82.7880859375,81.70250499999999
81806.649,83.962890625,2.119140625,86.08203125,81.753296
81857.291,49.3291015625,17.087890625,66.4169921875,81.80393799999999
81908.676,57.1259765625,14.5087890625,71.634765625,81.855323
81962.649,92.736328125,2.6357421875,95.3720703125,81.909296
82014.229,79.0302734375,9.96875,88.9990234375,81.960876
82065.303,71.787109375,21.265625,93.052734375,82.01195
82115.863,78.1279296875,1.876953125,80.0048828125,82.06250999999999
82166.783,75.953125,1.12109375,77.07421875,82.11343
82217.069,57.2373046875,18.974609375,76.2119140625,82.163716
82267.283,62.3701171875,10.525390625,72.8955078125,82.21392999999999
82319.558,89.6513671875,1.6318359375,91.283203125,82.266205
82369.22,67.248046875,11.0654296875,78.3134765625,82.315867
82419.067,67.7119140625,17.91015625,85.6220703125,82.365714
82469.166,78.8388671875,1.9462890625,80.78515625,82.415813
82519.12,72.4033203125,1.04296875,73.4462890625,82.465767
82569.555,66.2705078125,22.3779296875,88.6484375,82.51620199999999
82619.628,68.4501953125,7.4052734375,75.85546875,82.56627499999999
82670.216,85.8330078125,1.244140625,87.0771484375,82.616863
82720.779,65.740234375,12.2763671875,78.0166015625,82.66742599999999
82770.898,65.8369140625,18.0732421875,83.91015625,82.717545
82821.431,76.306640625,1.4814453125,77.7880859375,82.76807799999999
82871.931,78.16796875,2.802734375,80.970703125,82.81857799999999
82921.642,65.1943359375,22.0634765625,87.2578125,82.868289
82972.309,74.205078125,5.6708984375,79.8759765625,82.918956
83022.316,84.1044921875,1.314453125,85.4189453125,82.968963
83072.29,55.76171875,15.9267578125,71.6884765625,83.018937
83123.343,62.869140625,17.2490234375,80.1181640625,83.06998999999999
83174.311,79.4677734375,3.0224609375,82.490234375,83.120958
83225.487,74.8525390625,5.5966796875,80.44921875,83.17213399999999
83276.479,66.46484375,23.3642578125,89.8291015625,83.22312600000001
83327.495,78.1142578125,5.5703125,83.6845703125,83.274142
83378.573,85.70703125,1.82421875,87.53125,83.32522
83428.461,47.7939453125,15.9375,63.7314453125,83.375108
83478.301,58.1875,15.6220703125,73.8095703125,83.424948
83529.536,79.017578125,1.169921875,80.1875,83.47618299999999
83580.63,85.4951171875,6.3662109375,91.861328125,83.527277
83630.654,65.6787109375,21.5537109375,87.232421875,83.57730099999999
83681.349,85.296875,3.42578125,88.72265625,83.627996
83731.415,80.7646484375,1.0390625,81.8037109375,83.678062
83781.915,52.720703125,18.658203125,71.37890625,83.728562
83831.898,52.748046875,11.625,64.373046875,83.778545
83884.966,97.240234375,1.3681640625,98.6083984375,83.831613
83934.73,72.796875,8.359375,81.15625,83.88137699999999
83985.199,71.619140625,20.36328125,91.982421875,83.931846
84035.687,77.04296875,1.6337890625,78.6767578125,83.98233400000001
84089.059,76.1982421875,1.7236328125,77.921875,84.03570599999999
84138.934,62.3359375,20.7333984375,83.0693359375,84.08558099999999
84188.539,61.4443359375,10.4658203125,71.91015625,84.135186
84238.82,86.6943359375,1.7265625,88.4208984375,84.185467
84289.243,65.974609375,10.2509765625,76.2255859375,84.23589
84339.032,67.2890625,18.48046875,85.76953125,84.285679
84391.535,76.25,2.5341796875,78.7841796875,84.338182
84442.512,67.9326171875,2.7861328125,70.71875,84.389159
84493.632,66.7646484375,22.0595703125,88.82421875,84.44027899999999
84544.204,69.478515625,9.6142578125,79.0927734375,84.49085099999999
84595.166,86.2490234375,2.4658203125,88.71484375,84.54181299999999
84646.499,61.74609375,14.4404296875,76.1865234375,84.59314599999999
84696.569,61.7158203125,17.31640625,79.0322265625,84.643216
84749.864,83.6845703125,1.7998046875,85.484375,84.696511
84801.529,75.2978515625,4.60546875,79.9033203125,84.74817599999999
84851.381,65.30859375,21.5234375,86.83203125,84.79802799999999
84900.784,77.4423828125,5.2958984375,82.73828125,84.847431
84951.086,86.7998046875,1.51953125,88.3193359375,84.89773299999999
85001.112,51.5322265625,14.966796875,66.4990234375,84.94775899999999
85050.904,63.677734375,15.677734375,79.35546875,84.99755099999999
85100.98,77.650390625,1.7109375,79.361328125,85.04762699999999
85151.167,80.662109375,4.51953125,85.181640625,85.097814
85201.074,67.32421875,22.5830078125,89.9072265625,85.14772099999999
85251.41,73.57421875,4.900390625,78.474609375,85.198057
85301.254,86.951171875,2.0810546875,89.0322265625,85.247901
85353.087,58.5791015625,16.1103515625,74.689453125,85.299734
85403.106,56.0361328125,13.88671875,69.9228515625,85.34975299999999
85453.212,77.333984375,1.408203125,78.7421875,85.39985899999999
85502.992,82.5751953125,7.4912109375,90.06640625,85.44963899999999
85552.928,65.7138671875,22.2490234375,87.962890625,85.499575
85603.67,82.9072265625,3.7939453125,86.701171875,85.55031699999999
85654.05,84.337890625,2.5498046875,86.8876953125,85.600697
85706.327,54.5029296875,18.66796875,73.1708984375,85.652974
85757.195,56.2314453125,12.5732421875,68.8046875,85.70384200000001
85809.003,87.2333984375,3.0263671875,90.259765625,85.75564999999999
85860.118,74.357421875,10.365234375,84.72265625,85.806765
85910.592,65.9677734375,22.3359375,88.3037109375,85.857239
85960.925,83.8662109375,1.4931640625,85.359375,85.907572
86012.677,77.6552734375,1.970703125,79.6259765625,85.959324
86062.094,56.130859375,19.7529296875,75.8837890625,86.008741
86112.102,58.919921875,11.7177734375,70.6376953125,86.05874899999999
86163.098,92.0322265625,1.31640625,93.3486328125,86.10974499999999
86214.109,71.34375,9.9130859375,81.2568359375,86.16075599999999
86264.138,69.6806640625,18.484375,88.1650390625,86.210785
86314.847,78.2392578125,1.6630859375,79.90234375,86.26149399999998
86365.9,74.9794921875,1.6689453125,76.6484375,86.312547
86415.78,64.1875,21.9697265625,86.1572265625,86.362427
86465.819,65.650390625,7.2314453125,72.8818359375,86.412466
86517.143,87.5498046875,1.5302734375,89.080078125,86.46378999999999
86567.508,61.2978515625,11.9931640625,73.291015625,86.514155
86617.589,62.1259765625,16.513671875,78.6396484375,86.56423600000001
86668.01,74.37890625,1.3896484375,75.7685546875,86.614657
86719.22,80.72265625,3.6962890625,84.4189453125,86.66586699999999
86769.236,65.537109375,21.9912109375,87.5283203125,86.715883
86819.506,73.9072265625,6.16796875,80.0751953125,86.76615299999999
86870.656,90.46484375,1.421875,91.88671875,86.817303
86923.155,59.1044921875,16.298828125,75.4033203125,86.86980199999999
86974.044,61.1865234375,15.744140625,76.9306640625,86.92069099999999
87025.176,75.9384765625,2.892578125,78.8310546875,86.971823
87077.259,83.4404296875,6.4052734375,89.845703125,87.023906
87128.452,66.322265625,22.6767578125,88.9990234375,87.07509900000001
87179.09,79.6875,4.3447265625,84.0322265625,87.12573699999999
87229.181,89.1181640625,1.099609375,90.2177734375,87.175828
87280.396,49.63671875,16.833984375,66.470703125,87.227043
87330.158,56.654296875,11.7705078125,68.4248046875,87.276805
87380.464,82.5185546875,1.498046875,84.0166015625,87.327111
87431.774,81.65625,7.7900390625,89.4462890625,87.378421
87481.932,65.2958984375,21.013671875,86.3095703125,87.428579
87532.551,85.177734375,1.84765625,87.025390625,87.47919800000001
87585.993,77.2412109375,1.583984375,78.8251953125,87.53264
87635.945,58.6259765625,19.3046875,77.9306640625,87.582592
87686.148,59.8955078125,10.025390625,69.9208984375,87.632795
87737.095,84.3857421875,1.08203125,85.4677734375,87.683742
87787.762,65.8720703125,10.484375,76.3564453125,87.734409
87838.154,69.080078125,17.330078125,86.41015625,87.78480099999999
87888.242,74.462890625,2.0009765625,76.4638671875,87.83488899999999
87939.347,72.87109375,1.2587890625,74.1298828125,87.885994
87989.447,64.2236328125,21.3916015625,85.615234375,87.936094
88040.981,72.1767578125,7.9951171875,80.171875,87.987628
88090.958,84.7197265625,1.466796875,86.1865234375,88.037605
88141.365,60.326171875,12.2890625,72.615234375,88.088012
88191.902,66.2802734375,17.91796875,84.1982421875,88.138549
88242.586,77.1044921875,3.1787109375,80.283203125,88.18923299999999
88294.128,77.8720703125,4.9072265625,82.779296875,88.240775
88345.271,66.91796875,22.541015625,89.458984375,88.291918
88395.737,72.255859375,6.8408203125,79.0966796875,88.342384
88450.155,95.8994140625,2.435546875,98.3349609375,88.396802
88501.22,54.3974609375,16.7265625,71.1240234375,88.447867
88551.48,58.5390625,14.4677734375,73.0068359375,88.498127
88602.192,81.6376953125,1.4130859375,83.05078125,88.54883899999999
88652.942,83.2939453125,6.26171875,89.5556640625,88.599589
88702.615,63.634765625,21.365234375,85.0,88.64926200000001
88752.925,83.6103515625,2.603515625,86.2138671875,88.699572
88802.731,83.6435546875,1.8466796875,85.490234375,88.749378
88854.239,53.626953125,18.0,71.626953125,88.800886
88904.661,52.9287109375,11.7548828125,64.68359375,88.85130799999999
88955.281,85.689453125,1.1865234375,86.8759765625,88.901928
89005.466,75.7734375,8.328125,84.1015625,88.952113
89055.887,70.6640625,21.3642578125,92.0283203125,89.002534
89106.485,75.6318359375,1.6220703125,77.25390625,89.05313199999999
89157.211,76.83984375,1.3203125,78.16015625,89.10385799999999
89207.632,60.044921875,18.4580078125,78.5029296875,89.15427899999999
89257.519,63.6318359375,8.9072265625,72.5390625,89.204166
89307.954,84.09375,1.5615234375,85.6552734375,89.254601
89358.867,72.470703125,10.1044921875,82.5751953125,89.305514
89408.569,66.201171875,18.0263671875,84.2275390625,89.355216
89459.532,81.5009765625,1.5732421875,83.07421875,89.40617900000001
89510.288,74.046875,2.35546875,76.40234375,89.456935
89561.121,64.7490234375,20.7646484375,85.513671875,89.507768
89612.93,69.6181640625,11.0556640625,80.673828125,89.55957699999999
89664.543,87.357421875,2.8671875,90.224609375,89.61119000000001
89715.688,62.7392578125,13.546875,76.2861328125,89.662335
89765.654,62.435546875,18.8876953125,81.3232421875,89.712301
89815.866,82.220703125,2.0009765625,84.2216796875,89.762513
89865.533,69.697265625,1.4892578125,71.1865234375,89.81218
89915.177,62.701171875,21.2197265625,83.9208984375,89.861824
89964.834,66.541015625,8.1220703125,74.6630859375,89.911481
90019.089,96.38671875,1.3828125,97.76953125,89.965736
90069.167,63.2802734375,13.7646484375,77.044921875,90.01581399999999
90119.712,58.986328125,16.7861328125,75.7724609375,90.06635899999999
90170.783,82.111328125,1.75390625,83.865234375,90.11743
90222.166,76.734375,4.7314453125,81.4658203125,90.168813
90272.13,69.7734375,21.78125,91.5546875,90.218777
90322.057,76.234375,5.4169921875,81.6513671875,90.268704
90371.82,87.837890625,1.30859375,89.146484375,90.318467
90422.573,58.03515625,14.2578125,72.29296875,90.36922
90474.169,60.7265625,15.6103515625,76.3369140625,90.42081599999999
90524.126,77.7880859375,1.130859375,78.9189453125,90.470773
90574.29,77.3232421875,5.15625,82.4794921875,90.52093699999999
90623.944,65.810546875,22.2236328125,88.0341796875,90.57059100000001
90674.505,81.1103515625,5.3798828125,86.490234375,90.621152
90724.583,84.9326171875,1.3740234375,86.306640625,90.67123
90776.955,49.6669921875,16.7041015625,66.37109375,90.723602
90827.733,59.9638671875,15.3115234375,75.275390625,90.77438
90879.468,78.3466796875,2.8505859375,81.197265625,90.82611499999999
90930.487,78.724609375,7.8076171875,86.5322265625,90.87713399999998
90981.427,67.3447265625,22.408203125,89.7529296875,90.928074
91031.664,84.5712890625,2.7919921875,87.36328125,90.978311
91081.875,80.8232421875,1.341796875,82.1650390625,91.028522
91131.887,51.345703125,17.43359375,68.779296875,91.078534
91181.555,59.0029296875,13.2939453125,72.296875,91.12820199999999
91231.873,82.734375,2.17578125,84.91015625,91.17852
91281.981,76.9677734375,7.2314453125,84.19921875,91.228628
91332.271,65.8466796875,21.1591796875,87.005859375,91.27891799999999
91382.264,87.359375,2.55078125,89.91015625,91.32891099999999
91432.481,75.6123046875,1.865234375,77.4775390625,91.379128
91482.606,53.8349609375,17.7109375,71.5458984375,91.429253
91532.655,53.2744140625,11.8798828125,65.154296875,91.47930199999999
91582.932,89.232421875,1.689453125,90.921875,91.529579
91633.881,78.091796875,8.2216796875,86.3134765625,91.58052799999999
91684.308,71.728515625,20.6083984375,92.3369140625,91.630955
91735.023,75.0849609375,2.376953125,77.4619140625,91.68167
91788.788,74.5927734375,2.1376953125,76.73046875,91.735435
91839.348,62.38671875,20.2724609375,82.6591796875,91.785995
91888.777,60.9677734375,9.69921875,70.6669921875,91.835424
91939.61,89.8583984375,1.5703125,91.4287109375,91.886257
91989.817,68.1171875,12.2587890625,80.3759765625,91.93646399999999
92040.405,65.8212890625,20.564453125,86.3857421875,91.98705199999999
92091.589,80.087890625,3.01171875,83.099609375,92.038236
92142.4,71.4150390625,3.2275390625,74.642578125,92.089047
92193.543,67.06640625,22.619140625,89.685546875,92.14019
92246.167,72.921875,9.298828125,82.220703125,92.192814
92298.607,92.09375,2.6279296875,94.7216796875,92.245254
92349.407,57.6748046875,13.029296875,70.7041015625,92.296054
92399.347,63.6875,16.84765625,80.53515625,92.34599399999999
92449.554,79.9521484375,1.9736328125,81.92578125,92.396201
92499.748,74.9326171875,3.28515625,78.2177734375,92.44639500000001
92550.223,67.72265625,21.10546875,88.828125,92.49687
92599.947,70.6181640625,6.75,77.3681640625,92.546594
92653.135,92.513671875,1.3798828125,93.8935546875,92.59978199999999
92703.448,57.9638671875,16.490234375,74.4541015625,92.65009500000001
92753.736,56.060546875,14.26953125,70.330078125,92.700383
92804.162,80.5263671875,1.8076171875,82.333984375,92.75080899999999
92854.261,80.7744140625,5.5966796875,86.37109375,92.80090799999999
92904.532,64.6572265625,21.8154296875,86.47265625,92.851179
92954.642,81.1923828125,3.3828125,84.5751953125,92.901289
93004.969,87.3681640625,1.57421875,88.9423828125,92.951616
93055.895,50.8212890625,16.21484375,67.0361328125,93.002542
93105.895,59.6044921875,12.697265625,72.3017578125,93.052542
93155.859,80.16015625,1.646484375,81.806640625,93.10250599999999
93207.101,79.5810546875,7.0517578125,86.6328125,93.153748
93256.744,70.21484375,21.2646484375,91.4794921875,93.203391
93307.576,83.8681640625,2.5361328125,86.404296875,93.254223
93358.195,77.6279296875,2.822265625,80.4501953125,93.30484200000001
93409.977,58.2373046875,20.1611328125,78.3984375,93.356624
93460.655,59.7431640625,12.26953125,72.0126953125,93.407302
93511.276,86.6904296875,2.7138671875,89.404296875,93.457923
93562.435,76.2685546875,11.431640625,87.7001953125,93.50908199999999
93612.44,68.771484375,20.40234375,89.173828125,93.559087
93662.491,81.513671875,1.0224609375,82.5361328125,93.60913799999999
93714.445,74.3994140625,2.2021484375,76.6015625,93.66109200000001
93764.395,63.8671875,20.220703125,84.087890625,93.711042
93814.951,64.2783203125,8.681640625,72.9599609375,93.76159799999999
93864.58,84.919921875,1.345703125,86.265625,93.811227
93915.991,68.7509765625,12.7919921875,81.54296875,93.86263799999999
93965.728,65.849609375,18.02734375,83.876953125,93.912375
94015.503,81.935546875,1.85546875,83.791015625,93.96215
94067.3,70.69140625,1.9853515625,72.6767578125,94.013947
94117.134,63.1201171875,21.5224609375,84.642578125,94.063781
94167.037,69.7568359375,6.783203125,76.5400390625,94.11368399999999
94218.416,87.69140625,1.181640625,88.873046875,94.16506299999999
94268.337,59.3095703125,12.03125,71.3408203125,94.214984
94318.279,62.0751953125,17.3720703125,79.447265625,94.26492599999999
94368.433,82.1904296875,1.1904296875,83.380859375,94.31508
94418.103,73.9462890625,2.21484375,76.1611328125,94.36475
94468.468,64.037109375,21.3466796875,85.3837890625,94.41511499999999
94518.309,72.0947265625,5.828125,77.9228515625,94.46495599999999
94569.223,87.662109375,1.345703125,89.0078125,94.51586999999999
94621.127,56.3818359375,14.6318359375,71.013671875,94.56777399999999
94672.408,61.7294921875,17.1181640625,78.84765625,94.61905499999999
94724.658,77.9140625,2.8408203125,80.7548828125,94.67130499999999
94775.506,80.0244140625,6.068359375,86.0927734375,94.72215299999999
94826.471,65.3818359375,22.970703125,88.3525390625,94.773118
94876.899,76.787109375,4.6396484375,81.4267578125,94.82354600000001
94928.717,91.763671875,1.3251953125,93.0888671875,94.875364
94979.115,49.2587890625,15.9287109375,65.1875,94.925762
95029.154,58.3232421875,13.83203125,72.1552734375,94.97580099999999
95079.695,78.5390625,1.8427734375,80.3818359375,95.026342
95129.479,84.033203125,7.2587890625,91.2919921875,95.076126
95179.407,66.8916015625,22.9853515625,89.876953125,95.12605400000001
95229.248,81.998046875,3.7119140625,85.7099609375,95.175895
95279.427,83.0302734375,1.7939453125,84.82421875,95.226074
95330.017,52.27734375,18.345703125,70.623046875,95.27666400000001
95379.856,54.5693359375,12.3623046875,66.931640625,95.326503
95431.119,84.7890625,1.66796875,86.45703125,95.37776600000001
95481.747,78.1845703125,9.1533203125,87.337890625,95.428394
95532.34,68.3203125,21.119140625,89.439453125,95.47898699999999
95583.061,76.291015625,1.9443359375,78.2353515625,95.529708
95634.693,71.5771484375,1.76953125,73.3466796875,95.58134
95684.927,61.994140625,19.484375,81.478515625,95.63157399999999
95734.591,60.294921875,9.62890625,69.923828125,95.681238
95784.72,85.2587890625,1.4443359375,86.703125,95.73136699999999
95834.906,70.5205078125,11.1123046875,81.6328125,95.781553
95885.389,67.61328125,20.373046875,87.986328125,95.83203599999999
95936.716,80.505859375,2.7841796875,83.2900390625,95.883363
95987.935,76.083984375,2.916015625,79.0,95.93458199999999
96038.982,67.16015625,22.7763671875,89.9365234375,95.985629
96090.589,69.1123046875,9.81640625,78.9287109375,96.03723600000001
96141.677,85.46875,2.009765625,87.478515625,96.088324
96191.845,59.42578125,12.720703125,72.146484375,96.138492
96242.145,65.919921875,17.55078125,83.470703125,96.188792
96292.157,76.076171875,1.2822265625,77.3583984375,96.238804
96342.8,76.0263671875,2.4404296875,78.466796875,96.289447
96392.673,67.1845703125,21.0458984375,88.23046875,96.33931999999999
96442.734,69.94921875,7.0263671875,76.9755859375,96.389381
96493.186,89.185546875,1.43359375,90.619140625,96.439833
96544.195,64.0859375,14.61328125,78.69921875,96.490842
96593.977,58.5966796875,16.8076171875,75.404296875,96.540624
96646.852,80.1728515625,1.5703125,81.7431640625,96.593499
96698.13,79.654296875,5.2158203125,84.8701171875,96.644777
96748.195,64.0556640625,21.734375,85.7900390625,96.69484200000001
96798.012,77.583984375,4.541015625,82.125,96.744659
96848.039,85.138671875,1.2646484375,86.4033203125,96.794686
96898.566,55.205078125,15.986328125,71.19140625,96.845213
96948.609,56.390625,14.9208984375,71.3115234375,96.89525599999999
96999.109,79.1025390625,1.3271484375,80.4296875,96.94575599999999
97050.326,84.3408203125,6.25390625,90.5947265625,96.996973
97100.47,67.359375,21.6923828125,89.0517578125,97.047117
97151.376,81.904296875,3.751953125,85.65625,97.098023
97204.178,81.9609375,2.8212890625,84.7822265625,97.150825
97255.061,57.009765625,18.84375,75.853515625,97.201708
97305.803,53.2412109375,13.5166015625,66.7578125,97.25245
97359.811,97.6435546875,2.619140625,100.2626953125,97.30645799999999
97412.594,71.666015625,9.9296875,81.595703125,97.359241
97462.476,67.9091796875,20.0439453125,87.953125,97.409123
97512.482,76.2109375,1.703125,77.9140625,97.459129
97564.04,76.3134765625,1.505859375,77.8193359375,97.51068699999999
97613.734,60.1669921875,19.9384765625,80.10546875,97.56038099999999
97663.608,64.58984375,8.443359375,73.033203125,97.610255
97715.585,92.0859375,1.6240234375,93.7099609375,97.662232
97765.553,51.765625,7.0712890625,58.8369140625,97.7122
97815.512,66.0419921875,20.9375,86.9794921875,97.762159
97865.646,83.275390625,1.5185546875,84.7939453125,97.812293
97915.606,78.37890625,1.0185546875,79.3974609375,97.862253
97966.788,55.3544921875,18.8837890625,74.23828125,97.91343499999999
98017.403,57.291015625,11.1884765625,68.4794921875,97.96405
98070.4,94.7744140625,1.263671875,96.0380859375,98.01704699999999
98122.156,68.8515625,11.0673828125,79.9189453125,98.068803
98172.455,71.6103515625,19.5341796875,91.14453125,98.119102
98222.212,78.578125,2.140625,80.71875,98.168859
98272.583,76.8515625,1.8359375,78.6875,98.21923
98322.361,63.375,20.326171875,83.701171875,98.269008
98372.059,62.1669921875,9.33984375,71.5068359375,98.31870599999999
98422.696,86.6865234375,2.279296875,88.9658203125,98.36934299999999
98473.583,63.654296875,11.6787109375,75.3330078125,98.42022999999999
98524.006,67.37890625,19.724609375,87.103515625,98.47065299999998
98574.709,79.5615234375,3.2421875,82.8037109375,98.521356
98626.584,75.984375,2.8076171875,78.7919921875,98.57323099999999
98677.564,64.9794921875,23.205078125,88.1845703125,98.624211
98727.568,71.4912109375,7.4287109375,78.919921875,98.67421499999999
98778.793,84.30078125,2.076171875,86.376953125,98.72544
98829.074,59.2802734375,12.662109375,71.9423828125,98.77572099999999
98878.767,64.095703125,16.6171875,80.712890625,98.82541400000001
98930.387,82.0048828125,1.224609375,83.2294921875,98.877034
98980.393,70.4951171875,4.0537109375,74.548828125,98.92703999999999
99030.484,67.9462890625,21.2802734375,89.2265625,98.977131
99080.908,70.83984375,6.6904296875,77.5302734375,99.02755499999999
99130.714,89.482421875,1.6357421875,91.1181640625,99.07736100000001
99187.494,55.0224609375,15.4931640625,70.515625,99.134141
99237.418,59.9619140625,13.8818359375,73.84375,99.184065
99289.929,84.154296875,1.5771484375,85.7314453125,99.236576
99341.766,81.494140625,8.046875,89.541015625,99.288413
99392.236,65.2021484375,20.814453125,86.0166015625,99.338883
99442.339,84.19921875,1.943359375,86.142578125,99.388986
99492.276,77.693359375,1.0712890625,78.7646484375,99.43892299999999
99542.762,54.904296875,18.736328125,73.640625,99.489409
99593.504,57.640625,11.337890625,68.978515625,99.540151
99643.674,84.865234375,1.390625,86.255859375,99.590321
99694.815,72.8369140625,9.71875,82.5556640625,99.641462
99745.338,69.58203125,20.556640625,90.138671875,99.691985
99795.702,82.21875,2.3955078125,84.6142578125,99.742349
99849.291,75.08984375,3.9306640625,79.0205078125,99.79593799999999
99900.387,63.060546875,21.865234375,84.92578125,99.847034
99951.282,67.4931640625,9.65625,77.1494140625,99.897929
100004.759,94.734375,1.3203125,96.0546875,99.951406
100055.408,59.9716796875,13.9970703125,73.96875,100.002055
100105.12,63.255859375,16.328125,79.583984375,100.051767
100155.122,79.37890625,1.62890625,81.0078125,100.101769
100205.132,77.2197265625,3.3671875,80.5869140625,100.15177899999999
100254.975,66.265625,22.029296875,88.294921875,100.201622
100305.011,75.853515625,6.796875,82.650390625,100.25165799999999
100355.173,85.6416015625,1.1064453125,86.748046875,100.30181999999999
100405.716,55.203125,14.4375,69.640625,100.352363
100455.665,59.3779296875,17.3486328125,76.7265625,100.402312
100506.254,81.5703125,1.4052734375,82.9755859375,100.452901
100557.372,77.59765625,4.5205078125,82.1181640625,100.504019
100607.81,68.712890625,20.341796875,89.0546875,100.554457
100657.963,78.1025390625,4.4462890625,82.548828125,100.60461
100708.985,86.224609375,1.646484375,87.87109375,100.655632
100758.861,47.5341796875,15.8642578125,63.3984375,100.705508
100809.321,58.068359375,13.4248046875,71.4931640625,100.755968
100859.412,73.2353515625,1.529296875,74.7646484375,100.80605899999999
100909.58,85.3818359375,6.9580078125,92.33984375,100.856227
100966.033,71.3984375,20.822265625,92.220703125,100.91268
101017.114,77.693359375,3.099609375,80.79296875,100.963761
101069.175,75.9248046875,2.8447265625,78.76953125,101.015822
101119.833,61.8046875,20.8603515625,82.6650390625,101.06648
101170.431,61.2783203125,11.66015625,72.9384765625,101.11707799999999
101221.538,91.7197265625,2.9384765625,94.658203125,101.168185
101271.89,69.1943359375,10.7861328125,79.98046875,101.218537
101321.992,66.09765625,19.1142578125,85.2119140625,101.268639
101371.605,81.861328125,1.619140625,83.48046875,101.31825199999999
101422.436,67.919921875,1.9326171875,69.8525390625,101.369083
101472.583,60.853515625,21.4970703125,82.3505859375,101.41923
101522.157,60.67578125,9.677734375,70.353515625,101.468804
101572.857,86.384765625,1.765625,88.150390625,101.519504
101622.983,64.974609375,11.029296875,76.00390625,101.56962999999999
101673.032,70.599609375,17.7705078125,88.3701171875,101.619679
101723.213,77.9560546875,1.62890625,79.5849609375,101.66986
101773.081,73.7314453125,1.435546875,75.1669921875,101.719728
101823.099,59.8193359375,21.234375,81.0537109375,101.769746
101873.994,65.90234375,7.9365234375,73.8388671875,101.82064100000001
101924.568,84.5830078125,1.380859375,85.9638671875,101.87121499999999
101975.029,61.2646484375,11.5478515625,72.8125,101.92167599999999
102025.385,66.41796875,17.8994140625,84.3173828125,101.972032
102076.597,80.6904296875,2.1748046875,82.865234375,102.02324399999999
102126.484,70.6533203125,2.0029296875,72.65625,102.07313099999999
102176.543,68.8125,20.7705078125,89.5830078125,102.12319000000001
102226.808,73.2880859375,7.0380859375,80.326171875,102.173455
102277.738,84.91015625,2.9521484375,87.8623046875,102.224385
102329.33,62.7236328125,14.3115234375,77.03515625,102.275977
102379.922,61.5869140625,17.0634765625,78.650390625,102.326569
102430.9,80.3359375,3.1015625,83.4375,102.37754699999999
102481.611,78.8671875,5.865234375,84.732421875,102.428258
102532.349,64.9375,21.9208984375,86.8583984375,102.478996
102582.639,75.2724609375,6.0322265625,81.3046875,102.529286
102633.195,89.517578125,1.283203125,90.80078125,102.579842
102683.519,56.39453125,15.724609375,72.119140625,102.630166
102733.062,63.3251953125,15.1513671875,78.4765625,102.679709
102783.538,79.345703125,1.7158203125,81.0615234375,102.73018499999999
102833.284,77.4287109375,5.45703125,82.8857421875,102.77993099999999
102883.129,62.763671875,21.033203125,83.796875,102.829776
102932.808,77.6142578125,3.03125,80.6455078125,102.87945500000001
102982.906,87.642578125,1.677734375,89.3203125,102.929553
103032.548,45.0390625,15.5341796875,60.5732421875,102.97919499999999
103083.367,59.8759765625,15.2490234375,75.125,103.030014
103134.378,76.6689453125,1.6103515625,78.279296875,103.081025
103184.787,77.9609375,7.0986328125,85.0595703125,103.131434
103234.708,65.81640625,21.515625,87.33203125,103.181355
103284.425,81.2958984375,3.44921875,84.7451171875,103.231072
103334.817,85.2255859375,1.498046875,86.7236328125,103.281464
103384.746,47.826171875,17.4892578125,65.3154296875,103.33139299999999
103434.656,58.078125,12.283203125,70.361328125,103.381303
103485.432,83.298828125,1.44921875,84.748046875,103.432079
103536.685,81.55859375,9.005859375,90.564453125,103.48333199999999
103587.669,66.6376953125,21.9453125,88.5830078125,103.53431599999999
103639.577,87.537109375,3.556640625,91.09375,103.586224
103690.103,80.2373046875,2.5869140625,82.82421875,103.63675
103742.186,57.984375,19.3408203125,77.3251953125,103.688833
103792.589,56.841796875,13.015625,69.857421875,103.739236
103842.71,86.3212890625,1.6396484375,87.9609375,103.78935700000001
103894.414,71.5986328125,8.2490234375,79.84765625,103.841061
103944.739,73.9248046875,20.0341796875,93.958984375,103.891386
103994.795,78.2109375,1.654296875,79.865234375,103.941442
104046.002,78.5673828125,1.76171875,80.3291015625,103.99264899999999
104095.622,56.560546875,19.0244140625,75.5849609375,104.042269
104146.126,60.400390625,10.6640625,71.064453125,104.092773
104196.7,86.2939453125,1.84375,88.1376953125,104.14334699999999
104247.356,66.9287109375,9.244140625,76.1728515625,104.194003
104297.7,71.3076171875,21.013671875,92.3212890625,104.24434699999999
104347.618,79.5361328125,1.4970703125,81.033203125,104.294265
104398.385,72.21484375,1.857421875,74.072265625,104.34503199999999
104448.74,60.3837890625,19.974609375,80.3583984375,104.395387
104498.561,63.9287109375,9.4384765625,73.3671875,104.445208
104548.621,87.03125,1.59765625,88.62890625,104.495268
104598.958,68.525390625,9.9150390625,78.4404296875,104.545605
104649.971,67.4443359375,17.9248046875,85.369140625,104.596618
104700.294,80.234375,2.3671875,82.6015625,104.646941
104752.462,72.837890625,1.654296875,74.4921875,104.69910899999999
104802.878,65.7958984375,22.3525390625,88.1484375,104.74952499999999
104853.71,69.6669921875,8.349609375,78.0166015625,104.800357
104910.517,97.423828125,2.4697265625,99.8935546875,104.857164
104961.994,55.1318359375,17.158203125,72.2900390625,104.908641
105012.526,56.646484375,16.70703125,73.353515625,104.95917299999999
105063.492,80.849609375,2.4638671875,83.3134765625,105.010139
105113.116,78.4794921875,5.6962890625,84.17578125,105.05976299999999
105163.024,64.953125,21.2666015625,86.2197265625,105.109671
105213.013,75.8818359375,4.8583984375,80.740234375,105.15966
105263.482,85.5341796875,2.009765625,87.5439453125,105.210129
105314.552,54.6494140625,15.041015625,69.6904296875,105.26119899999999
105364.644,58.7724609375,14.779296875,73.5517578125,105.311291
105414.581,76.1298828125,1.4560546875,77.5859375,105.361228
105464.246,78.5693359375,5.0029296875,83.572265625,105.410893
105514.511,64.96484375,22.3671875,87.33203125,105.461158
105564.188,80.939453125,3.3232421875,84.2626953125,105.51083499999999
105614.835,87.892578125,1.541015625,89.43359375,105.561482
105665.195,48.890625,15.775390625,64.666015625,105.61184200000001
105716.918,56.65625,12.5,69.15625,105.663565
105767.296,88.2724609375,1.9326171875,90.205078125,105.713943
105817.793,74.8427734375,7.994140625,82.8369140625,105.76444000000001
105867.543,65.8203125,20.634765625,86.455078125,105.81419
105917.7,83.7275390625,2.640625,86.3681640625,105.864347
105967.624,75.4111328125,1.54296875,76.9541015625,105.914271
106019.509,53.9013671875,18.9853515625,72.88671875,105.966156
106069.071,56.072265625,13.5107421875,69.5830078125,106.01571799999999
106119.786,83.5458984375,2.9697265625,86.515625,106.06643299999999
106170.532,73.9150390625,10.3349609375,84.25,106.11717900000001
106221.773,72.654296875,21.62109375,94.275390625,106.16842
106272.801,78.673828125,3.4130859375,82.0869140625,106.219448
106324.76,73.5234375,3.6005859375,77.1240234375,106.271407
106375.449,60.974609375,19.251953125,80.2265625,106.32209599999999
106424.895,62.9384765625,10.71875,73.6572265625,106.371542
106476.851,89.06640625,1.3779296875,90.4443359375,106.423498
106526.739,61.7080078125,10.8798828125,72.587890625,106.473386
106576.497,66.4423828125,19.26953125,85.7119140625,106.523144
106626.764,74.283203125,1.6689453125,75.9521484375,106.573411
106680.342,73.119140625,1.44140625,74.560546875,106.626989
106729.771,63.0810546875,21.755859375,84.8369140625,106.67641799999998
106779.977,65.634765625,8.509765625,74.14453125,106.726624
106830.313,86.4013671875,1.2529296875,87.654296875,106.77695999999999
106881.387,64.9033203125,12.3203125,77.2236328125,106.828034
106931.313,68.6484375,17.591796875,86.240234375,106.87795999999999
106981.292,78.4228515625,1.7734375,80.1962890625,106.927939
107030.86,74.9833984375,0.9443359375,75.927734375,106.977507
107081.053,63.7421875,20.2255859375,83.9677734375,107.0277
107130.401,62.3447265625,8.44140625,70.7861328125,107.07704799999999
107183.686,95.361328125,1.19140625,96.552734375,107.130333
107235.163,62.552734375,13.150390625,75.703125,107.18181
107285.216,66.5908203125,17.298828125,83.8896484375,107.231863
107334.818,79.4052734375,2.3125,81.7177734375,107.281465
107387.078,76.3251953125,4.0478515625,80.373046875,107.33372499999999
107438.754,66.3837890625,22.1201171875,88.50390625,107.385401
107490.228,71.3154296875,8.0556640625,79.37109375,107.436875
107541.857,87.16796875,2.615234375,89.783203125,107.488504
107592.844,55.720703125,15.4716796875,71.1923828125,107.539491
107643.583,61.552734375,16.3857421875,77.9384765625,107.59022999999999
107693.552,75.6181640625,1.4873046875,77.10546875,107.640199
107744.147,80.419921875,4.509765625,84.9296875,107.690794
107795.567,63.587890625,21.400390625,84.98828125,107.74221399999999
107846.344,77.6376953125,4.228515625,81.8662109375,107.792991
107896.205,86.0810546875,1.1806640625,87.26171875,107.842852
107947.758,52.8271484375,16.287109375,69.1142578125,107.89440499999999
107997.557,57.396484375,13.20703125,70.603515625,107.944204
108048.008,82.1416015625,1.6171875,83.7587890625,107.994655
108098.465,85.111328125,7.373046875,92.484375,108.04511199999999
108148.537,63.4560546875,20.94921875,84.4052734375,108.09518399999999
108198.431,83.9462890625,2.7333984375,86.6796875,108.145078
108251.463,83.181640625,1.568359375,84.75,108.19811
108302.831,57.6484375,18.6728515625,76.3212890625,108.249478
108353.399,58.025390625,10.892578125,68.91796875,108.30004600000001
108405.012,83.1640625,1.5087890625,84.6728515625,108.351659
108455.16,69.4462890625,10.1171875,79.5634765625,108.401807
108505.328,68.759765625,21.3935546875,90.1533203125,108.45197499999999
108555.162,83.0869140625,1.0712890625,84.158203125,108.501809
108607.226,72.9150390625,2.5546875,75.4697265625,108.553873
108657.767,63.65234375,21.115234375,84.767578125,108.604414
108708.091,61.8505859375,11.197265625,73.0478515625,108.654738
108758.583,84.81640625,2.5712890625,87.3876953125,108.70523
108809.958,69.47265625,12.138671875,81.611328125,108.756605
108860.787,66.5400390625,19.818359375,86.3583984375,108.807434
108912.835,75.806640625,2.6103515625,78.4169921875,108.859482
108962.777,68.78125,1.119140625,69.900390625,108.909424
109012.998,67.58203125,22.25,89.83203125,108.95964500000001
109062.928,68.94140625,6.83203125,75.7734375,109.009575
109114.154,86.28515625,1.345703125,87.630859375,109.060801
109163.888,58.27734375,12.5244140625,70.8017578125,109.110535
109214.059,64.8466796875,16.6962890625,81.54296875,109.16070599999999
109263.983,76.6572265625,1.53515625,78.1923828125,109.21063
109314.394,80.9619140625,3.5849609375,84.546875,109.26104099999999
109364.016,67.2333984375,21.9482421875,89.181640625,109.310663
109414.028,71.720703125,6.3662109375,78.0869140625,109.360675
109463.942,86.5966796875,1.5341796875,88.130859375,109.41058899999999
109514.43,58.8994140625,14.3759765625,73.275390625,109.46107699999999
109564.414,63.1435546875,17.27734375,80.4208984375,109.511061
109614.941,84.3828125,1.6416015625,86.0244140625,109.561588
109664.666,80.4140625,4.0439453125,84.4580078125,109.611313
109714.849,66.93359375,21.4736328125,88.4072265625,109.661496
109764.583,74.328125,5.021484375,79.349609375,109.71123
109814.822,85.666015625,1.583984375,87.25,109.76146899999999
109865.646,54.49609375,14.2578125,68.75390625,109.812293
109915.753,62.369140625,15.173828125,77.54296875,109.8624
109968.981,82.0263671875,2.29296875,84.3193359375,109.915628
110019.85,80.9091796875,7.6201171875,88.529296875,109.966497
110070.652,67.5390625,23.15625,90.6953125,110.017299
110122.633,80.599609375,5.2041015625,85.8037109375,110.06927999999999
110173.31,84.0849609375,3.1298828125,87.21484375,110.119957
110223.72,50.4501953125,17.0478515625,67.498046875,110.170367
110274.403,57.7822265625,12.9228515625,70.705078125,110.22105
110324.975,84.119140625,1.4248046875,85.5439453125,110.27162200000001
110375.113,75.6279296875,8.220703125,83.8486328125,110.32176
110424.882,65.951171875,21.08984375,87.041015625,110.371529
110474.925,89.21875,1.474609375,90.693359375,110.421572
110525.34,79.6455078125,0.96875,80.6142578125,110.471987
110576.281,59.4482421875,19.0302734375,78.478515625,110.522928
110626.206,56.9404296875,12.2587890625,69.19921875,110.57285300000001
110679.95,96.623046875,1.7373046875,98.3603515625,110.62659699999999
110730.937,72.599609375,10.6337890625,83.2333984375,110.677584
110780.946,64.7353515625,19.9384765625,84.673828125,110.727593
110831.276,82.2431640625,1.298828125,83.5419921875,110.777923
110881.117,73.8974609375,2.0810546875,75.978515625,110.827764
110930.921,63.3779296875,19.8115234375,83.189453125,110.877568
110981.033,61.0927734375,9.412109375,70.5048828125,110.92768
111031.068,89.4833984375,1.3369140625,90.8203125,110.977715
111081.318,65.9267578125,10.2861328125,76.212890625,111.027965
111131.299,66.3623046875,20.646484375,87.0087890625,111.077946
111181.411,79.6064453125,2.4931640625,82.099609375,111.128058
111232.646,76.6201171875,2.724609375,79.3447265625,111.17929299999999
111283.35,62.154296875,20.7744140625,82.9287109375,111.229997
111333.975,62.1328125,11.076171875,73.208984375,111.28062200000001
111385.456,86.70703125,3.048828125,89.755859375,111.332103
111436.847,66.0146484375,12.0830078125,78.09765625,111.38349399999998
111486.881,66.8056640625,19.560546875,86.3662109375,111.433528
111536.772,80.935546875,1.603515625,82.5390625,111.483419
111586.364,71.3681640625,1.5751953125,72.943359375,111.533011
111636.43,61.3076171875,19.94140625,81.2490234375,111.58307699999999
111686.367,64.765625,9.279296875,74.044921875,111.63301399999999
111739.987,96.6171875,1.8037109375,98.4208984375,111.686634
111790.948,62.818359375,13.025390625,75.84375,111.737595
111842.428,62.4541015625,16.1357421875,78.58984375,111.789075
111892.283,78.6865234375,1.361328125,80.0478515625,111.83892999999999
111943.396,77.748046875,3.5146484375,81.2626953125,111.89004299999999
111993.158,66.0029296875,21.853515625,87.8564453125,111.93980499999999
112043.156,73.732421875,5.2919921875,79.0244140625,111.989803
112094.865,88.6513671875,1.3115234375,89.962890625,112.041512
112144.949,51.732421875,14.9609375,66.693359375,112.091596
112194.668,60.1640625,13.732421875,73.896484375,112.141315
112244.566,83.185546875,2.36328125,85.548828125,112.191213
112294.743,73.8994140625,4.7626953125,78.662109375,112.24139
112344.685,64.353515625,21.482421875,85.8359375,112.291332
112394.711,79.0771484375,4.130859375,83.2080078125,112.341358
112444.676,86.2802734375,1.5087890625,87.7890625,112.391323
112495.181,56.7041015625,17.5126953125,74.216796875,112.441828
112546.346,57.0439453125,16.7705078125,73.814453125,112.492993
112598.14,80.587890625,2.7041015625,83.2919921875,112.544787
112649.648,83.349609375,7.5556640625,90.9052734375,112.596295
112700.471,68.197265625,22.5,90.697265625,112.647118
112751.123,85.779296875,3.4736328125,89.2529296875,112.69777
112802.949,74.396484375,2.16015625,76.556640625,112.749596
112854.973,58.3798828125,18.6953125,77.0751953125,112.80162
112904.48,53.2451171875,11.732421875,64.9775390625,112.85112699999999
112956.268,88.875,1.552734375,90.427734375,112.902915
113007.976,71.85546875,9.3623046875,81.2177734375,112.954623
113057.671,69.4951171875,20.67578125,90.1708984375,113.004318
113107.541,79.1396484375,2.1904296875,81.330078125,113.054188
113161.118,70.2080078125,1.408203125,71.6162109375,113.107765
113210.963,60.6396484375,19.3857421875,80.025390625,113.15761
113260.931,67.1572265625,8.4404296875,75.59765625,113.207578
113312.618,90.4130859375,1.623046875,92.0361328125,113.259265
113363.285,66.4482421875,11.0830078125,77.53125,113.309932
113412.851,62.056640625,19.7197265625,81.7763671875,113.35949799999999
113463.612,81.5244140625,1.498046875,83.0224609375,113.410259
113513.923,75.6357421875,2.5703125,78.2060546875,113.46056999999999
113563.897,66.3818359375,22.212890625,88.5947265625,113.510544
113613.936,68.2548828125,7.48828125,75.7431640625,113.560583
113664.209,89.5439453125,1.4658203125,91.009765625,113.610856
113714.252,58.25390625,12.26953125,70.5234375,113.66089899999999
113765.105,63.3759765625,18.2353515625,81.611328125,113.71175199999999
113815.789,81.330078125,2.7216796875,84.0517578125,113.76243600000001
113867.256,74.9794921875,4.84375,79.8232421875,113.813903
113923.732,67.7548828125,22.2626953125,90.017578125,113.870379
113974.935,84.00390625,5.0849609375,89.0888671875,113.921582
114032.466,87.3515625,1.4658203125,88.8173828125,113.979113
114083.571,52.5576171875,17.3232421875,69.880859375,114.03021799999999
114133.255,53.2890625,10.9013671875,64.1904296875,114.079902
114184.226,92.681640625,1.369140625,94.05078125,114.130873
114234.709,76.9208984375,8.4111328125,85.33203125,114.181356
114285.122,70.9794921875,19.7294921875,90.708984375,114.231769
114335.175,80.9228515625,1.4755859375,82.3984375,114.281822
114388.848,72.5224609375,1.3701171875,73.892578125,114.335495
114439.461,62.0537109375,21.2294921875,83.283203125,114.386108
114489.379,65.912109375,8.826171875,74.73828125,114.436026
114539.413,85.4248046875,1.451171875,86.8759765625,114.48606
114589.762,66.970703125,10.48046875,77.451171875,114.536409
114639.627,65.4365234375,20.361328125,85.7978515625,114.58627399999999
114691.43,81.3955078125,1.2431640625,82.638671875,114.638077
114741.503,73.5791015625,1.2646484375,74.84375,114.68815
114791.828,64.0,20.9716796875,84.9716796875,114.738475
114842.019,66.6474609375,8.431640625,75.0791015625,114.78866599999999
114892.195,87.2666015625,1.4384765625,88.705078125,114.838842
114942.492,63.44140625,11.8046875,75.24609375,114.889139
114992.524,65.845703125,18.341796875,84.1875,114.939171
115045.626,78.669921875,2.8603515625,81.5302734375,114.992273
115097.696,77.2646484375,4.86328125,82.1279296875,115.044343
115148.766,63.853515625,22.5205078125,86.3740234375,115.095413
115199.899,74.904296875,6.4765625,81.380859375,115.146546
115251.019,85.564453125,2.7451171875,88.3095703125,115.197666
115301.702,56.0732421875,14.5673828125,70.640625,115.248349
115351.594,61.0478515625,16.265625,77.3134765625,115.29824099999999
115401.673,75.15625,1.3740234375,76.5302734375,115.34831999999999
115452.156,80.1259765625,4.2666015625,84.392578125,115.398803
115502.193,65.806640625,22.671875,88.478515625,115.44883999999999
115552.311,73.138671875,5.4736328125,78.6123046875,115.498958
115602.308,83.9599609375,1.623046875,85.5830078125,115.548955
115652.598,58.353515625,13.88671875,72.240234375,115.599245
115702.224,58.1318359375,16.7353515625,74.8671875,115.648871
115752.324,81.56640625,1.453125,83.01953125,115.69897099999999
115802.307,76.90625,5.5546875,82.4609375,115.748954
115852.317,65.5908203125,21.0947265625,86.685546875,115.798964
115902.047,76.8232421875,4.439453125,81.2626953125,115.84869400000001
115952.099,83.4970703125,1.4638671875,84.9609375,115.898746
116002.037,52.91796875,15.7060546875,68.6240234375,115.948684
116052.223,55.978515625,15.2724609375,71.2509765625,115.99887
116102.562,80.69921875,1.5849609375,82.2841796875,116.049209
116154.492,80.41015625,6.3125,86.72265625,116.10113899999999
116204.36,66.0078125,23.0869140625,89.0947265625,116.15100699999999
116255.133,84.3720703125,3.3388671875,87.7109375,116.20178
116305.13,88.34765625,2.3935546875,90.7412109375,116.251777
116356.662,52.4462890625,17.779296875,70.2255859375,116.303309
116408.562,57.673828125,13.6865234375,71.3603515625,116.355209
116459.518,83.4052734375,3.013671875,86.4189453125,116.40616499999999
116511.641,74.62890625,9.3212890625,83.9501953125,116.458288
116562.283,66.8984375,23.4560546875,90.3544921875,116.50892999999999
116612.991,85.73828125,2.2568359375,87.9951171875,116.55963799999999
116663.708,74.013671875,1.3408203125,75.3544921875,116.610355
116714.02,55.1865234375,18.7294921875,73.916015625,116.660667
116764.315,54.26953125,11.71484375,65.984375,116.710962
116814.906,88.18359375,1.50390625,89.6875,116.761553
116866.529,74.0244140625,9.822265625,83.8466796875,116.813176
116916.616,69.291015625,19.943359375,89.234375,116.86326299999999
116967.02,76.95703125,1.47265625,78.4296875,116.913667
117019.92,73.8115234375,1.6611328125,75.47265625,116.966567
117069.624,64.6259765625,21.447265625,86.0732421875,117.01627099999999
117119.946,67.0556640625,9.490234375,76.5458984375,117.066593
117170.608,89.998046875,1.3388671875,91.3369140625,117.11725499999999
117220.949,63.267578125,12.994140625,76.26171875,117.16759599999999
117270.631,68.28125,17.2216796875,85.5029296875,117.217278
117320.562,77.4482421875,2.2041015625,79.65234375,117.26720900000001
117371.23,76.134765625,2.064453125,78.19921875,117.317877
117421.31,67.861328125,20.3798828125,88.2412109375,117.36795699999999
117472.064,69.30078125,6.9365234375,76.2373046875,117.418711
117521.72,85.826171875,1.35546875,87.181640625,117.468367
117572.709,63.60546875,14.689453125,78.294921875,117.519356
117624.125,62.640625,17.3701171875,80.0107421875,117.57077199999999
117676.016,75.5615234375,3.486328125,79.0478515625,117.622663
117727.23,73.3544921875,5.779296875,79.1337890625,117.67387699999999
117777.933,65.74609375,23.0478515625,88.7939453125,117.72458
117828.649,79.62890625,5.3984375,85.02734375,117.775296
117881.94,89.52734375,1.8017578125,91.3291015625,117.828587
117931.535,50.125,16.2080078125,66.3330078125,117.878182
117981.757,52.697265625,14.7109375,67.408203125,117.928404
118031.68,82.080078125,1.6025390625,83.6826171875,117.978327
118083.099,76.6982421875,6.5205078125,83.21875,118.029746
118132.546,62.701171875,22.0830078125,84.7841796875,118.079193
118182.809,80.8173828125,2.7734375,83.5908203125,118.12945599999999
118232.665,82.5927734375,1.966796875,84.5595703125,118.179312
118284.373,52.1484375,17.0478515625,69.1962890625,118.23102
118334.442,57.322265625,13.43359375,70.755859375,118.281089
118387.116,86.9482421875,1.095703125,88.0439453125,118.33376299999999
118437.824,76.37109375,8.61328125,84.984375,118.38447099999999
118487.73,67.5478515625,21.072265625,88.6201171875,118.434377
118537.512,81.5,1.34375,82.84375,118.484159
118587.465,72.052734375,2.0986328125,74.1513671875,118.534112
118637.847,57.0224609375,18.5498046875,75.572265625,118.58449399999999
118687.727,54.986328125,12.447265625,67.43359375,118.634374
118738.98,91.7451171875,2.1376953125,93.8828125,118.685627
118789.152,71.7822265625,8.4033203125,80.185546875,118.735799
118839.489,71.8896484375,21.130859375,93.0205078125,118.786136
118890.666,79.224609375,2.9697265625,82.1943359375,118.837313
118942.719,78.5537109375,2.875,81.4287109375,118.889366
118993.307,59.6044921875,20.6787109375,80.283203125,118.939954
119043.955,61.177734375,12.45703125,73.634765625,118.990602
119094.762,84.2587890625,2.5439453125,86.802734375,119.041409
119145.131,67.9609375,10.4951171875,78.4560546875,119.09177799999999
119195.041,71.3232421875,20.3056640625,91.62890625,119.14168799999999
119244.631,79.228515625,1.3486328125,80.5771484375,119.191278
119294.838,77.0234375,2.298828125,79.322265625,119.241485
119345.084,61.634765625,19.908203125,81.54296875,119.291731
119394.775,56.82421875,10.66015625,67.484375,119.341422
119445.825,90.1396484375,1.8115234375,91.951171875,119.392472
119496.386,69.765625,10.15234375,79.91796875,119.443033
119546.278,63.4658203125,20.1083984375,83.57421875,119.492925
119596.411,80.4140625,1.359375,81.7734375,119.54305799999999
119646.606,72.8515625,1.9990234375,74.8505859375,119.59325299999999
119696.688,63.8759765625,21.173828125,85.0498046875,119.643335
119746.566,65.2548828125,8.71484375,73.9697265625,119.693213
119797.569,85.091796875,1.7880859375,86.8798828125,119.744216
119847.782,61.671875,13.30078125,74.97265625,119.79442900000001
119897.625,68.6064453125,18.7685546875,87.375,119.844272
119947.347,76.6943359375,1.732421875,78.4267578125,119.89399399999999
